text,label
ಸಮಾಜದಲ್ಲಿ ವಿಷ ಬಿತ್ತುವ ಹುಳು,1
Bavva ninu devaru marana kodthare,0
Ennu munde adru think madi vote madi plz 🚩🚩,0
"ಜಾತಿ ಬಿಡಿ ಅಂದು,ಮತ್ತೆ ಶೋಷಿತ ಜಾತಿಗಳಿಗೆ ರಿಸರ್ವೇಶನ್ ಕೊಡಿ ಅಂತೀರಲ್ಲ ಹರೀಶ್ ಪ್ರಸಾದ್,ಬಡವರಿಗೆ ಮೀಸಲಾತಿ ಇರಲಿ ಅದರಲ್ಲಿ ಶೋಷಿತ ಸಮಾಜದವರು ಸೇರಿಕೊಳ್ಳುತ್ತಾರೆ",0
Nagnathege protsahisuwa Vikrutha Manasige Dikkara,0
"ಇವರನ್ನು ಪಾಕಿಸ್ತಾನಕ್ಕೆ ಕಳುಹಿಸಿ, ಇದು ಭಾರತ ಹಿಂದೂಗಳ ದೇಶ .",1
ನಾಯಿ ಮಾಂಸ ಮಾರಾಟ ಮಾಡೋವನ ಯಾಕೆ ಕರುಸ್ತೀರಾ,1
100 %.Correct. ನಮ್ಮ ದೇಶದಲ್ಲಿ ಈ ಜಾತಿ ಪದ್ಧತಿ ಹೋಗುವ ತನಕ ನಮ್ಮ ದೇಶ ಉದ್ಧಾರ ಆಗಲ್ಲ. ಎಲ್ಲರೂ ಒಂದೇ ಹಿಂದೂ ಜಾತಿ ಎಂದಾಗ ಮಾತ್ರ ಈ ದೇಶ ಉದ್ಧಾರ ಸಾಧ್ಯ. ಇಲ್ಲದಿದ್ದರೆ ಪುನಃ ನಮ್ಮ ದೇಶದ ಮೇಲೆ ಆಕ್ರಮಣ ಆಗಿ ಹಿಂದೂ ಧರ್ಮ ಸಂಕಷ್ಟಕ್ಕೆ ಸಿಲುಕುವುದು.,0
😂 ಅಲ್ಲಕಣೋ ಹರಾಂಖೋರ್ ಎಟ್ನಾಳ್…. ಅಭಿರುದಿ ಕೆಲ್ಸ ಆರೋಗ್ಯ ಶಿಕ್ಷಣದಬಗ್ಗೆ 1 ಮಾತು ಮಾತಾಡಲ್ಲ ಪೂರ್ತಿ ಭಾಷಣದಲ್ಲಿ. ಬರೀ ದೇವರು ಧರ್ಮ ಜಾತಿ ಅಷ್ಟೇ.. ಹಿಂದೂಗಳನ್ನ ಧರ್ಮ ದೇವರು ಅನ್ಕೊಂಡು ಸುಳುಭವಾಗಿ ಚೂತಿಯಾಗಳನ್ನಾಗಿ ಮಾಡಬಹುದು ಅಂತ ಎತ್ನಾಳ್ಗೇ ಚೆನ್ನಾಗಿ ಗೊತ್ತು. 😅 ನಿಮ್ಮ ಕರ್ಮ,1
thurkara kaladalli nehru khan neked pakeera gyandi  indira rajeeva anno khangigalinda wqf anno anista Bharatha deshadalli edhe first wqft anno word Bharatha deshadinda ban madbeku  namma Hindhu deshakke edhu apply agalla,0
100 ಕ್ಕೆ 100 ಸರಿ,0
Hindhu huli yatnal❤,0
"ಈಗಲೂ ಬೆಂಗಳೂರಿನ ಹಲವಾರು ಕಡೆ ಪರೋಕ್ಷವಾಗಿ ಜಾಸ್ತಿ ವ್ಯವಸ್ಥೆ ಇದೆ. ಉದಾಹರಣೆಗೆ ಬಾಡಿಗೆಗೆ ಮನೆ ಬೇಕು ಅಂದರೆ ಕೆಳ ಜಾತಿ ಎಂದು ತಿಳಿದವರೆ ಅವರಿಗೆ ಮನೆ ಖಾಲಿ ಇಲ್ಲ ಎಂದು ಹೇಳಿ ಕಳುಹಿಸುವವರು ಇದ್ದಾರೆ. ಹಾಗೆ ತಮ್ಮದು ಬೇರೆ ಜಾತಿ ಎಂದು ಹೇಳಿಕೊಂಡು ವಾಸಿಸುತ್ತಿರುವವರು ಇದ್ದಾರೆ. ಬೆಂಗಳೂರಿನಂಥ ನಗರದಲ್ಲೂ ತಮ್ಮ ಹೆಸರುಗಳಿಂದ ಕೂಡ ಜಾತಿ ಪತ್ತೆ ಹಚ್ಚಬಲ್ಲರೆಂಬ ಕಾರಣಕ್ಕೆ ಹೆಸರು ಬದಲಾಯಿಸಿಕೊಂಡು ಇರುವ ಜನರೂ ಇದ್ದಾರೆ. 
ಇದು ಕೇವಲ ನೋಡಿ ಹೇಳುತ್ತಿರುವ ಮಾತಲ್ಲ ಅನುಭವದ ಮಾತುಗಳು ಇವೆ. 🙂
( ಜಾತಿ ಅನ್ನೋ ಪದ ಬಳಕೆ ಮಾಡಿದಕ್ಕೆ ಕ್ಷಮೆ ಇರಲಿ 🙏🏻 )",0
ಮೊದಲು ಇಸ್ಲಾಂ ಎಂದರೆ ಏನು ಕಲಿತುಕೊಂಡು ಬಾ,0
Idu congress secularism,0
ಗುಳ್ಳೆ ನರಿಗಳು ಹೇಳುವುದು ಒಂದು ಮಾಡುವುದು ಇನ್ನೊಂದು ಹಾಗೇನೇ ಇವರುಗಳು ಕೂಡ...,1
ಎಲ್ಲ ದಲಿತರು ಈಗ 2 ಗುಂಪುಗಳಾಗಿ ಒಡೆದು ಹೋಗಿದ್ದಾರೆ ಸರ್ ಒಬ್ಬರು ಬಿಜೆಪಿ ಪರ ಮತ್ತೊಬರು ಕಾಂಗ್ರೆಸ್ ಪರ,1
ಸರ್ಕಾರ ಎಲ್ಲಾ ಅರ್ಜಿಗಳಲ್ಲಿ ಜಾತಿ ಅನ್ನುವ ಕಾಲಂ ತೆಗೆದು ಹಾಕಿದರೆ ಮತ್ತು ಶಾಲೆಗಳಲ್ಲಿ ಫೀಸ್ ಸಮವಾಗಿ ವಿಧಿಸಿದರೆ ಜಾತಿ ಪದ್ಧತಿ ನಿರ್ಮೂಲನೆ ಆಗುತ್ತದೆ.,0
ಯಾವ ಘನತೆ ಇಟ್ಟುಕೊಂಡು ಇವನು ಡಿಬೇಟ್ ನಲ್ಲಿ ಕೂರ್ತಾನೆ ಅಬ್ದುಲ್ ರಜಾಕ್ ನಂದೇ ಅಂತ ವಾದಮಾಡುತ್ತಾನೆ,0
Razak na oddu hodisrii. Sumne divert madtha iddane... Lofer,1
ಬಿಟ್ಟಿ ಭಾಗ್ಯದ ಆಸೆಯಿಂದ ಓಟು ಹಾಕಿದ ನಮ್ಮ ದಡ್ಡ ಜನರಿಗೆ ಇದು ಒಂದು ಎಚ್ಚರಿಕೆ ಅಂತ ಹೇಳುವುದರಲ್ಲಿ ತಪ್ಪೇ ಇಲ್ಲ ಅನುಬವಿಸಿ ನಿಮಗೆ ಇದು ಬೇಕಿತ್ತು😂😂😂😂😂😂😂😂,0
Nimmatra Valle Mattar ede,0
ಒಂದ್ ಸಲ ಸಾಬ್ರ್ 40-50% ಜನಸಂಖ್ಯೆ ದಾಟಿದ ಮೇಲೆ ಅರ್ಥ ಆಗುತ್ತೆ ಪ್ರಜಾಪ್ರಭುತ್ವ ಅಂದ್ರೆ ಏನು ಅಂತ. ನಿನ್ನ ಹಂತ ಕುರುಡ ಹಿಂದುಗಳ ಕಣ್ಣು ತೆರೆಯೋದಿಲ್ಲ ಬಿಡು. ಶಿವಾಜಿ ಮಹಾರಾಜರಂತವರು ಅವರ ಜೀವನ ಹಿಂದು ಗಳಿಗಾಗಿ ಹೋರಾಟ ಮಾಡಿದಕ್ಕೆ ಇವತ್ತು ನಿನ್ನ ಹೆಸರು ಲಕ್ಷ್ಮೀಕಾಂತ.. ಇಲ್ಲದ್ದರೆ ನೀನೊಬ್ಬ ಅಬ್ದುಲ್ ಫಿರೋಜ್ ಆಗ್ತಿದ್ದೆ.,0
Nimma pakkada maneyalli sabru iddara?,0
Pungi das,0
 @shivarajm1138  neevu ide thar ankondidde thappu..avru yevthu deshakoskar yen madtil...bari swarth dharam aste avrge...,1
Yake nim Amma ge dengidhra dboss??? Sule magne,1
"ಎಲ್ಲ ಮುಸ್ಲಿಮರು ಕೆಟ್ಟವರಲ್ಲ ಆಗೆ  ಹಿಂದುಗಳಲಿಯೋ ಒಳೆಯವರು ಕೆಟ್ಟವರು ಇದ್ದರೆ  , ಮೊದಲು ನಮ್ಮ ರಾಜಕೀಯ ವ್ಯಕ್ತಿಗಳು ತಮ್ಮ ಉದ್ದರಕೊಸ್ಕರ ಇಜಾಭ್ ಎಂಬ ತಂತ್ರ ರೂಪಿಸಿ ಅಮಾಯಕ ಪ್ರಜೆಗಳನ್ನು ಬಲಿಪಶು ಮಾಡುತ್ತಿದ್ದಾರೆ ,ಎಲ್ಲರೂ ಒಗ್ಗಟ್ಟಿನಿಂದ ಇದ್ದರೆ ನಮ್ಮ ದೇಶ ರಾಮರಾಜ್ಯ ವಾಗುತದೆ ಮೊದಲು ಈ ಟೀವಿ ಚಾನಲ್ ರವರಿಗೆ ಓಡಿಬೇಕು ಉಪು ಕಾರ ಸೇರಿಸಿ ಇನ್ನೂ ದೊಡ್ಡ ಗಲಾಟೆ ಆಗುವಂತೆ ಮಾಡುತ್ತಾರೆ ಕೂಡಿ ಬಾಳಿದರೆ ಸ್ವರ್ಗ ಸುಖ,,,,,, ಜೈ ಶ್ರೀ ರಾಮ್",0
ಅಂತರ್ಜಾತಿ ವಿವಾಹ ಮತ್ತು ಶಾಲೆ ಸೇರಿಸುವಾಗ ಜಾತಿ ಪಟ್ಟಿ ಬಿಟ್ಟರೆ ಸಲ್ಪ ಸುದಾರಿಸುತ್ತೇ,0
Chappal this sanghi anchor,1
E ಸಬಾರ್ಗೆ e ಕಾಂಗ್ರೆಸ್ ಕೊಟ್ಟ ಕೆಟ್ಟ ಅಧಿಕಾರ ಯೋಚ್ನೆ ಮಾಡಿ ಜನಗಳೇ,0
Nin sabru maga,0
Evag nimd aitalla hage..!😂😂,0
Eno modlu nim kittogira yaru galate madtaro avrige helo,1
 @zuhra2391  ಸತ್ಯ ಹೇಳಿದಾಗ ಕಳ್ಳರು ಇದನ್ನೇ ನಮಗೆ ಹೇಳೋದು ಯಾಕಂದ್ರೆ ಅವರ ಹಾಗೆ ನಾವು ಅಲ್ಲಾ ಹೂ ಅಕ್ಬರ್ ಅಂತ ಬಾಂಬ್ ಹಾಕಲ್ಲವಲ್ಲ 😀😀😀😀😀,1
ಸೂಲಿಬೆಲೆ ಚಕ್ರವರ್ತಿ ಅವರನ್ನು ದಯವಿಟ್ಟು ಕರ್ನಾಟಕದ ಮುಖ್ಯಮಂತ್ರಿ ಮಾಡಿ,0
ಸೂಪರ್ ಸರ್ 🙏🙏🙏🙏🙏,0
Gandu Nan Maga,1
ಈ ಮನುವಾದಿ ಗಳು ಅವಕಾಶ ವಾದಿಗಳು ಇವರು ಹೇಳುವ ನಡೆ ಒಂದು ಪರಿ ನುಡಿ ಒಂದು ಪರಿ ಈ ಮನುವಾದಿ ಕುತಂತ್ರವಾದಿ ಗಳಿಗೆ ಕಿತ್ತು ಹಾಕಿ,1
Avanu yeneno bogaltiddane,1
ಪೋಲೀಸ್ ಅಧಿಕಾರಿ ತಬ್ಬಿಬ್ಬಾಗಿದ್ದಾರೆ....😂😂😂,0
Savarkar en maaadtidda,0
Reportar dhari thappisuva kelasa madabedi,0
ಈ ಉಪದೇಶ ಮಾಡುವವರು ಎಲ್ಲ ಬ್ರಹ್ಮಚಾರಿಗಳು.,1
ಮೊದಲು ನೀವು ಬಿಜಾಪುರ ಅನ್ನೋದನ್ನ ಬಿಡಿ ಅದು ವಿಜಯಪುರ,0
Banda berke hindu thu nindu ondu bala 😂😂 Jai Yatnal ❤🇮🇱🇮🇳,0
"Jaathi paddathi bari. marriage, public aste alla. Meesalaathi li doddadaagide.. ad ninthre, Elru sari agthare",0
ಈ ದೇಶದ sudrarige ಆರ್ಯ ರಿಂದ  ತೊಂದರೆಯಾಗಿದೆ,1
ಇತಿಹಾಸ ಸರಿಯಾಗಿ ಓದಿ ಬಿಟ್ಟು ಮಾತಾಡು ಪುಟ್ಟ,1
ಸಬುಕಾ ಲಾತ್,1
Gazab! Sulibele avre,1
Hindugalu chenagi  tindu malagi,0
"Dayavittu prathap sir isviyannu currect aagi heli adu 2020 rinda 2024 Alla...
1920 rinda",0
"ಇ ವೇಶ್ಯೆಯ ಮಗಾ... 1000 ವರ್ಷಗಳು ಇಸ್ಲಾಂ ರಾಜರಿಗೆ ಭ್ರಮಣ ಹುಡ್ಗೀರೇ ನಾ ಸಪ್ಲೈ ಮಾಡೋ ಫ್ಯಾಮಿಲಿ ಅವ್ನು
ಇವ್ನ್ ಅಜ್ಜರೆಲ್ಲಾ ಇಸ್ಲಾಂ ಮನ್ನೆಲಿ ಸುಳೆಗಾರಿಕ್ಕೆ ಮಾಡ್ಕೊಂಡಿರೋರು",1
100 righ anil kumar pratap Simha mp ademella tuba astimadedare coffe estate risarte 10 Evra pedege tenbahudu,0
Gowdas are the main culprit of castiesm in karnataka,0
Super gunrugale mantu nij,0
ಎಲ್ಲಾ ಪ್ರಕರಣಗಳು ವೋಟ್ ಬ್ಯಾಂಕ್ ರಾಜಕೀಯ ಮತ್ತು ಭ್ರಷ್ಟಾಚಾರ ಲೂಟಿ ಪಕ್ಕಾ ದೃಢಪಡಿಸುತ್ತದೆ,0
Sulaymaga chapli wadta . Maha ksntri . Bolimaga. Jai congress. Jai wakf board,1
​ @NilafAhmad-sc3mr ಮೊದಲು ನೀನು ಮನುಷ್ಯನಾಗಿ ಮದರಾಸ್ ಚಾಪ್ ಅಂದ ನಮಾಜ್ ಅಲ್ಲ🤧🤧🤧🤮🤮🤬🤬,1
ಜೈನರು ಹಾಗೂ ಬೌದ್ಧರು ಹಿಂದೂ ಧರ್ಮದಿಂದ ಹೊರ ಬಂದವರು 😁😁😁,1
ಸಮಾಜ ಹಾಳು ಮಾಡುವ ಮೂರ್ಖ ಇವನು,0
Hucha  sima,1
Hedi yathnal,1
Nin antha gaandu nan  maga yaaru illa,1
​ @pundarikalucky4059 ರಾಮ n ಗೆ ಎಷ್ಟು ಜನ ಅಪ್ಪಂದಿರು ಹೇಳು😂,1
ಹೋ ಭ್ರಮೆ 😂😂,0
 @alambasha242  Nim jai bheem drama ellrigu gottu bidappa jihadi😂🤣😂,1
"""ಜಾತಿ ಮೀಸಲಾತಿ"" ಕಿತ್ತು ಎಸೆಯುವುದಕ್ಕೆ ತಾಕತ್ತು ಇದೆಯಾ? Parthinium ಹೆಮ್ಮರವಾಗಿ ಬೆಳೆದಿದೆ. ಆರ್ಥಿಕ, ದೈಹಿಕ, ಮಾನಸಿಕ ದುರ್ಬಲರಿಗೆ ಸಿಗಬೇಕಾದ ಸವಳತ್ತಗಳನ್ನೇಲ್ಲೇ ಕೆಲವು ಪ್ರಭಲ ಸಮುದಾಯಗಳು vote bank ಗೋಸ್ಕರ, ಆಯ ಸ್ವಾಮೀಜಿಗಳನ್ನ ಬೀದಿಗೆ ಬಿಟ್ಟು ಆ ಮಠ ಗಳಿಗೆ ದೇಣಿಗೆ, ದತ್ತಿ ಕೊಡುವ ಮೂಲಕ vote ಗೆ ಕೊಂಡು ಕೊಳ್ಳುತ್ತಿದ್ದರೆ. ಎಲ್ಲಿದೆ ""ಸಮಾನತೆ""?",0
Sir ನೀವ್ ಹೇಳುತ್ತಾ ಇರೋ ಮಾತುಗಳು ನೂರಕ್ಕೆ ನೂರರಷ್ಟು ಸತ್ಯ. ಆದ್ರೆ ನಮ್ಮ ದೇಶದಲ್ಲಿ ಯಾವ ಯಾವ ರಾಜಕೀಯ ಪಕ್ಷಗಳಲ್ಲಿ ಅಸಮಾನತೆ ಇದೆ ಎಂಬುದು video ಮಾಡಿ ತಿಳಿಸಿ ಸರ್,0
Ennuu 3000 varshaa aadruu jaati buddi oogalaadisalaagalla 😂😂😂😂😂 aadre kaanuunuu manassu maadidre 3 sekend alli hoogalaadisabaudu ❤❤❤❤❤❤🎉🎉🎉🎉🎉🎉🎉,1
Nivu helida Ella matugalu nij bro nan kuda jatina namballa,0
"Yellaru equal andmele Muslim avru hijab hakbardu annodadre Hindus avru kooda hanege hane battu hakbardu....adna avru madokagalla yakandre adu avara culture alva...
Hage hijab annodu muslim avra culture...ok na
Elli yaru hegadru erli adre navella barodu odoke adralli yellaru samanaragi erona aste..
All are equal",1
"Al queda, ISIS, Hamas, Mujaheeddin, Taliban Everalla quaran odillla, paapa evaru maaathra Quaran odidordu !!! its very difficult to believe them. In Kashmir, One  Mulla has been arrested !!! Be careful with the Inner Enemies !!!",1
ಇದು ತಪ್ಪು ನಿರ್ಧಾರ,1
ಭಾರತದಲ್ಲಿ ಯಾವತು ಜಾತಿ ಸಾಯುತೋ ಅವತೆ ಭಾರತಕೆ ಸ್ವಾತಂತ್ರ್ಯ ಸಿಕಹಾಗೆ,0
Karmma ನಿನ್ನ,0
ನಿಮ್ಮ ತರ ಈಗ ಇರುವ ಮೀಡಿಯಾದವರು ಚರ್ಚೆ ಮಾಡಿದರೆ ಮುಂದೆ ಬದಲಾವಣೆ ಯಾಗ ಬಹದು. ಜಾತಿಗೆ ನನ್ನ ಬೆಂಬಲ ಇಲ್ಲಾ. ನಿಮ್ಮ ವಿಚಾರ ಮೌಲ್ಯಯುತ ವಾಗಿದೆ ಇನ್ನು ಜಾಸ್ತಿ ಜಾಸ್ತಿ ಬರಲಿ ಜೈಭೀಮ್.,0
ಗಂಟೆ ಯಾರು ನಿಮ್ಮ ಅಪ್ಪ ಹುಡುಕಿದ ನಿಮ್ಮವ್ವ ಹುಚ್ಚು ರಂಡಿ ಮಗನೇ,1
Modi BJP govt  Covid pandemic  jeeva kaledukonda  Badavarige  yestu  parihaara kotta na,1
Houda hagadre ambedkar avaru bared aa point main reason madi torsi sir avagadru muslimarige arta agli sir...houdalva ?,1
"ರೈ ಹೇಳಿದ್ದ ಹಾಗೆ ಸುಳಿ ಮಗೆ ಏನು ಬೇಕಾದರೆ ಹೆಲ್ಬಹುದು
ಇವನ್ ಅಮ್ಮ ಅಪ್ಪನಿಗೆ ನೋಡಿಕೊಳ್ಳುವ ಯೋಗ್ಯತೆ ಇಲ್ಲದೆ ಮುಸ್ಲಿಂ ಒಬ್ಬ ನೋಡಿಕೊಳ್ಳತ್ತ್ನೆ  ಮಿತ್ರರೇ 

ಇವನಿಗೆ  ಹುಚ್ಚು ಇವನ್ ಫಾಲವೆರ್ ಇನ್ನು ಹೆಂಗೆ ಅಲ್ವಾ ಇವ ಹೆಸರಲ್ಲೇ ಚಕ್ರವರ್ತಿ ಸೂಳೆ ಗೆ ಬೆಲೆ ಇವನ್ ಹುಟ್ಟು ಗೊತ್ ಆಗುತ್ತೆ",1
"ನಿಜವಾದ ಮಾತು, ಜೈ ಶ್ರೀರಾಮ್, ಜೈ ಮೋದಿ ಜಿ",0
@CrazyboyAdil-kk8zt  ಉಗ್ರಗಾಮಿ ಸುವರ್🐷🐷🐷🐖🐖🐖🐷🐷🐷 ಕೆ ಬಚ್ಚೆ ಬಂದಾ👌🤣😀😝😂😅😜😄🤣🤪😀😝😅 😜😄🤪,0
ಬಾಯಿ ಮಾತಲ್ಲಿ ಮಾತ್ರ ಹೇಳೋದಲ್ಲ ಪ್ರೂಫ್ ಕೊಡಬೇಕು,0
ಕೊಳಕು ಮನಸ್ಥಿತಿಯ jana,1
"Bolimagane en mathandthiddiya sulle magne,",1
thurkara kaladalli,0
Rajiname kottu matadi.,0
"Edi prapanchakke gothu nim history. Bayothpadane. Desha droha. Komu galabhe, jeehaadh. Ede nim history, ondadru olle history edya",1
"ಜಾತಿಯ ಮೂಲ ಇತಿಹಾಸ ಹಿನ್ನಲೆ ಅದು ನಡೆದು ಬಂದ ದಾರಿಯನ್ನು ತುಂಬಾ ಅಚ್ಚುಕಟ್ಟಾಗಿ ಅರ್ಥಗರ್ಭಿತವಾಗಿ ಆಧಾರಸಹಿತ ತಿಳಿಸಿದ್ದಕ್ಕಾಗಿ ತಮಗೆ ಧನ್ಯವಾದಗಳು. ನಿಮ್ಮ ಮನಸ್ಥಿತಿಯ ವ್ಯಕ್ತಿಗಳು ನನ್ನ ಭಾರತ ದೇಶಕ್ಕೆ ಬೇಕು ಹೊಸ ಪೀಳಿಗೆಯಲ್ಲಿ ಮುಕ್ತ ಮನಸ್ಸಿನಿಂದ ಜಾತಿರಹಿತ ಸಮಾಜಕ್ಕಾಗಿ ಕನಸು ಕಾಣುತ್ತಿರುವ ನಿಮಗೆ ಮತ್ತೊಮ್ಮೆ ಧನ್ಯವಾದಗಳು.
      ಪ್ರಸ್ತುತ ನನ್ನ ವಯಸ್ಸು 30 ವರ್ಷ. ನಾನು ಕಳೆದ 12 ವರ್ಷಗಳಿಂದ ಒಂದು ಮೇಲ್ಜಾತಿ ಹುಡುಗಿಯ ಜೊತೆ ಪ್ರೀತಿಯಲ್ಲಿದ್ದೇನೆ.  ನಾವು 12 ವರ್ಷದ ಹಿಂದೆ ಪರಸ್ಪರ ಪ್ರೀತಿಸಲು ಪ್ರಾರಂಭಿಸಿದಾಗ ನಮಗೆ ಮೇಲು ಕೀಳು ಎಂಬ ಅರಿವೇ ಇರಲಿಲ್ಲ,  ವಯಸ್ಸಾದ ನಂತರ ನಮಗೆ ಈ ಜಾತಿ ವ್ಯವಸ್ಥೆಯ ಕ್ರೂರತೆ ಅರ್ಥವಾಯಿತು. ನಾವು ಹೇಗಾದರೂ ಮಾಡಿ ಉಬಯ ಕುಟುಂಬದವರ ಒಪ್ಪಿಗೆ ಪಡೆದು ಮಾದುವೆಯಾಗಬೇಕೆಂದು ತೀರ್ಮಾಣಿಸಿದೆವು. ನಂತರ ನಾವು ಕಠಿಣ ಶ್ರಮದಿಂದ ಸಮಾಜದಲ್ಲಿ ಉನ್ನತ ಸ್ಥಾನಕ್ಕೆರಿದರೆ ಮನೆಯಲ್ಲಿ ಒಪ್ಪಿ ನಮಗೆ ಮದುವೆ ಮಾಡಿಕೊಡಬಹುದೆಂಬ ಆಶಾ ಭಾವನೆಯಿಂದ ಇಬ್ಬರು ಕಠಿಣ ಪರಿಶ್ರಮದಿಂದ ಓದಿ  ಸರ್ಕಾರಿ ಕೆಲಸವನ್ನೂ ಪಡೆದೆವು. ನಂತರ ನನ್ನ ಬಾವಿ ಪತ್ನಿ ಅವರ ಕುಟುಂಬದವರ ಬಳಿ ನಮ್ಮ ಮದುವೆ ವಿಚಾರ ಪ್ರಸ್ತಾಪಿಸಿದಾಗ ಪರಿಶಿಷ್ಟ ಜಾತಿ (ಹೊಲೆಯ) ನನ್ನು ಬಿಟ್ಟು ಲಿಂಗಾಯತರು,ಗೌಡರು, ಬ್ರಾಹ್ಮಣ ಹಾಗೂ ಇನ್ನಿತರ ಯಾವುದೇ ಉನ್ನತ ಜಾತಿಯವರು ಯಾವುದೇ ಕೆಲಸ ಕಾರ್ಯವಿಲ್ಲದಿದ್ದರೂ ಸಹ ಅವರೊಂದಿಗೆ ಮದುವೇ ಮಾಡಿ ಕೊಡುವುದಾಗಿ ಹೇಳಿದರು. ಇದರಿಂದ ನಮ್ಮ ಆಷಾಗೋಪುರವೆ ಕುಸಿಯಿತು. ಬೇರೆ ಏನನ್ನಾದರೂ ಮಾಡಿ ಪ್ರೀತಿ ಉಳಿಸಿಕೊಳ್ಳಬೇಕೆಂದು ಹಠಕ್ಕೆ ಬಿದ್ದು ಬೇರೆ ಜಾತಿಗೆ ಸೇರುವ ದಾರಿಯನ್ನು ಹುಡುಕಿದೆ ಆದರೆ ಅದು ಸಾಧ್ಯವಾಗಲಿಲ್ಲ. ಜಾತಿಯನ್ನೇ ಒಪ್ಪದ ಮನಸ್ಥಿತಿಯವರು ಮತಾಂತರವಾದರೆ ಒಪ್ಪುತ್ತಾರ ಎಂದು ತೀರ್ಮಾನಿಸಿ ಆ ಕೆಲಸಕ್ಕೂ ಕೈ ಹಾಕಲಿಲ್ಲ. ಕೊನೆಗೆ ಸಾಕಿ ಸಲಹಿದವರನ್ನು ಗೌರವಿಸಬೇಕೆಂದು ತೀರ್ಮಾಣಿಸಿ ಕುಟುಂಬಕ್ಕೆ ನೋವು ದುಃಖ್ಖ ಹಾಗೂ  ಗೌರವಕ್ಕೆ ಚ್ಯುತಿ ತರಬಾರದೆಂಬ ಉದ್ದೇಶದಿಂದ ಇಬ್ಬರು  ಪರಸ್ಪರ ಚರ್ಚಿಸಿ ನಾವು ಜೀವನ ಪರ್ಯಂತ ಯಾರನ್ನು ಮಾದುವೆಯಾಗದೆ ಹೀಗೆಯೇ ಒಂಟಿಯಾಗಿ ಬದುಕುವ ತೀರ್ಮಾನ ಮಾಡಿದ್ದೇವೆ.
         ನಾವು ಓದಿದ್ದೇವೆ, ತಿಳಿದುಕೊಂಡಿದ್ದೇವೆ, ಪರಸ್ಪರ ಅರ್ಥ ಮಾಡಿಕೊಂಡಿದ್ದೇವೆ, ಸಂಬಂಧದಲ್ಲಿ ನಂಬಿಕೆ ಇಟ್ಟಿದ್ದೇವೆ, ನಮ್ಮ ಕಾಲ ಮೇಲೆ ನಾವು ನಿಂತಿದ್ದೇವೆ, ಮದುವೆಯಾದರೆ ಚೆನ್ನಾಗಿ ಬದುಕುತ್ತೇವೆಂಬ ಅಪಾರವಾದ ನಂಬಿಕೆ ಇದೆ, ಯಾರ ಹಂಗಿಲ್ಲದೆ ಬದುಕುವ ಸಾಮರ್ಥ್ಯ ಹೊಂದಿದ್ದೇವೆ ಆದರೆ ಜಾತಿಯಲ್ಲಿ ಮಾತ್ರ ನಾವು ಸಮಾನರಾಗಲಿಲ್ಲ. ಇದು ನನ್ನ ಕತೆ ಮತ್ತು ವ್ಯಥೆ ಏನಾದರು ಪರಿಹಾರ ಇದ್ದರೇ ತಿಳಿಸಿ.",0
ಹಿಂದೂ ಹುಲಿ ಜೈ ಯತ್ನಲ್ ಜೀ,0
Dwaara  Palakarelii Thakshana  ivrannu Vedikeinda  Kelagilsi yaava kailey bandirbeku chiksthege Baruthilla,0
"Idu anyaaya istu dodda shikshe tappu,",0
"ನೋಡಿ ಸತ್ಯ ಇದೆ, ವೆರಿ ಗುಡ್, 👍",0
Bhavay neevu nimma athibuddivanthikege dayavittu kadivaana haaki sumne baayi muchri saaku nimma pinda nimma yogyathege ondu javabdariyutha msg kodakke baralla nevella namma deshada politicians en karma namage,1
"ಮೋಹನ್ ಭಾಗವತರು ಅವರ RSS ಮತ್ತು ಭ್ರಹ್ಮಣರು ದೇವಸ್ಥಾನದ ಧಾರ್ಮಿಕ ಚಟುವಟಿಕೆಗಳ್ನ ದಲಿತರಿಗೆ ಬಿಟ್ಟು ಕೊಟ್ಟುದಲಿತರು ಮಾಡುವ ಕೆಲ್ಸಗಳ್ನ ಅಂದ್ರೆ ಕಸ ಎತ್ತೋದು ಕಕ್ಕಸ್ಸು ತೊಳೆಯುವರೇ, ಮೋಹನ್ ಭಾಗವತ ಒಬ್ಬ ಅಪ್ರಾಮಾಣಿಕ ಕಟ್ಟಾ ಜಾತಿವಾದಿ, ಕೋಮುವಾದಿ 😂😂😂😂",1
ಪಾರ್ಟಿ ಪಕ್ಷ ಬಿಟ್ಟು ದೇಶದ ಭದ್ರತೆ ಬಗ್ಗೆ ಮಾತಾಡಿ ಪಾರ್ಟಿ ಪಕ್ಷ ನಿಮ್ಮ ನಿಮ್ಮಲ್ಲೇ ಇಟ್ಟು ಕೊಳ್ಳಿ,0
ಪ್ರಾಥಮಿಕ ಶಾಲಾ ದಾಖಲಾತಿ ಪುಸ್ತಕದಲ್ಲಿ ಜಾತಿ ಕಾಲಂ ಅನ್ನು ತೆಗೆಯಬೇಕು ಮತ್ತು ದಾಖಲಾತಿ ಸಮಯದಲ್ಲಿ ಜಾತಿಯನ್ನೂ ಉಲ್ಲೇಖಸಬಾರದು ಆಗ ಜಾತಿ ವ್ಯವಸ್ಥೆ ಸ್ವಲ್ಪ ಸುಧಾರಣೆ ಆಗಬಹುದು.,0
"ಹೌದು ಜಾತಿಗಳನ್ನ ತೊಡೆದು ಹಾಕಬೇಕು. ಈ ಜಾತಿಗಳಿಂದಲ್ಲೇ ನಮ್ಮ ನಾವು ಕಚ್ಚಾಡುತ್ತಿದ್ದೇವೆ. ಇದರಿಂದ ಬೇರೆ ಧರ್ಮದವರು ದುರುಪಯೋಗ ಮಾಡಿಕೊಂಡು ನಮ್ಮ ದೇಶವನ್ನ ಕೆಡವಾಕ್ಕುತ್ತದೆ. ಈ ಬುವಿ ಮೇಲೆ ಮಾನವ ಜಾತಿಯೊಂದೆ ಅದರಲ್ಲಿ ಒಂದು ಗಂಡು ಇನ್ನೊಂದು ಹೆಣ್ಣು, ಮಿಕ್ಕಿದೆಲ್ಲಾ ಮೂರ್ಖರು ಮಾಡಿದ್ದು...",0
ಬಡಿಗೇರ್ ಸರ್ ನಿಮ್ಮ ಸತ್ಯವಾದ ವಾದಕ್ಕೆ ನಮನಗಳು,0
Tumba nataka ninu,1
Nimmappuda India nenah ogu srilankan nim Ramayan naddidu srilanka nalli alva,1
 @pms-Safuwanpm  baddi maklu sabru(keluvru),1
ಜಾತಿ ಜಾತಿ ಅಂತ ಬಡದಾಡೋರಿಗೆ ಇದು ಒಂದು ಒಳ್ಳೆ ತೀರ್ಪಂತ ನನ್ ಭಾವನೆ,0
ಇದು ಆರೆಸೆಸ್ ಹಗಲು ನಾಟಕ,1
Brahmanara taane sresta. Ennuva jaatyvaadave akanda baratada naasakke kaarana haytu. Karma nu illa .somaarigaly dudiyalaaradavru danda pindagalu srustyside jaati,1
Longu Machu togali,0
😂ಅದೇನ್ ಮಾತಾಡ್ತಾ ಇದ್ದಳೋ ಭವ್ಯ 😂 ಮುಂಬೈ ಅಟ್ಯಾಕ್ ಆದಾಗ ಅದು ಫೇಲ್ ಆಗೋ ತರ ಆಗೋಕೆ ಕಾಂಗ್ರೆಸ್ ಎಷ್ಟು ಪ್ರಯತ್ನ ಮಾಡಿತ್ತು ಅನ್ನೋದನ್ನ ಕಾಂಗ್ರೆಸ್ ರಾಜಕಾರಣಿ ನೆ ಹೇಳಿದ್ದಾನೆ 😂.. ಈ ಯಮ್ಮಗೆ ತಲೇಲಿ ಒಂದು ರೂಪಾಯಿ ಡಿಟೇಲ್ಸ್ ಇಲ್ಲ,1
"Obba amebedkar astuu saadane maadida mele estuu sankeyalliroo dalitaru saadane muulaka munde banni 😮😮😮😮😮yaaru yarannu tuliyoke aagalla ,belesooku aagalla ,adu swantaa saamartyada mele mele badaaga nam samaaja badalaagutte😂😂😂😂😂",0
ಅಮರ್ ಸರ್ ನೀವು ಸಮಾಜದ ಬಗ್ಗೆ ನಿಜವಾದ ಕಾಳಜಿಯುಳ್ಳ ಮಾಧ್ಯಮದವರಾಗಿದ್ದೀರಿ ಮೊದಲಿಗೆ ನನ್ನ ತುಂಬು ಹೃದಯದ ಅಭಿನಂದನೆಗಳು ಸಾರ್ ನೀವು ತಿಳಿಸಿದಂತೆ ಹಿಂದಿನ ದಿನಗಳಲ್ಲಿ   ನಾವು ಶಾಲೆಯಲ್ಲಿ ಓದುವಾಗ ಜಾತಿ ವ್ಯವಸ್ಥೆ ಅಷ್ಟಾಗಿ  ಕಾಣುತ್ತಿರಲಿಲ್ಲ ಆದರೆ ಈ ದಿನದಲ್ಲಿ ನಿಜವಾದ ವಿದ್ಯಾವಂತರೇ ತಮ್ಮ ಹೆಸರುಗಳ ಮುಂದೆ ಹಾಗೂ ಮಕ್ಕಳ ಹೆಸರುಗಳ ಮುಂದೆ ಮೊದಲು ಇಲ್ಲದಂತಹ ಜಾತಿ ಸೂಚಕ ಪದ ನಾಮಗಳನ್ನು ತಿದ್ದುಪಡಿ ಮಾಡಿ ಸೇರಿಸಿಕೊಳ್ಳುತ್ತಿರುವುದು ಹೆಚ್ಚಾಗಿ ಕಾಣುತ್ತಿದ್ದು ಈ ರೋಗವು ಮೊದಲಿಗೆ ಉತ್ತರ ಭಾರತದಲ್ಲಿ ಮಾತ್ರ ಇತ್ತು ಈಗ ಕರ್ನಾಟಕದಲ್ಲಿ ಹರಡುತ್ತಿದ್ದು ಮುಂದಿನ ದಿನಗಳಲ್ಲಿ ಇದು ಸಮಾಜಕ್ಕೆ ಮಾರಕವಾಗಬಹುದು,0
"Ambedkar ge sabru agi convert agalu offer bandittu, adre avaru bhouddah dharma swikar madiddu",1
Jatiyate manasika Roaga,0
ಶುಭೋದಯ ಅಮರಪ್ರಸಾದ್ ಒಂದು ಮಾತು ಈ ಜೀವ ಜಗತ್ತಿನಲ್ಲಿ ಎಲ್ಲಾರಿಗೂ  ಪ್ರಕೃತಿಮಾತೆಯ ನೀತಿ ಒಂದೇ. ಪರಮಪಾಪಿಯ ಪುಣ್ಯವಂತ ಎಲ್ಲಾ ಒಂದೇ ಇಲ್ಲಿ ಈ ರುದ್ರಭೂಮಿಯಲ್ಲಿ ಅದರೆ ಮನುಷ್ಯ ಶಾಶ್ವತ ಇಲ್ಲ ಈ ಭೂಮಿ ಮೇಲೆ ಈ ಮಾವನಿಗೆ ನೂರಾರು ಜಾತಿ ನೂರಾರು ಕುಲ ನೂರಾರು ನೀತಿ ನೂರಾರು ಆರ್ಥ ವಿಲ್ಲದ ಜೀವನ ಓಂ ಶಾಂತಿ,0
First national flag sariyagi nudri 🇮🇳,0
ಅಮರ್ ಪ್ರಸಾದ್ ಸರ್ ರವರೇ ಇಂದು ನಾವು ದಲಿತ ಎಂಬ ಪದವೇ ನೀಚ ತನದ್ದು ಡಾ! ಬಿ ಆರ್ ಅಂಬೇಡ್ಕರ್ ಇಲ್ಲದೆ ಹೋಗಿದ್ದರೆ ಇಡೀ ಭಾರತವೇ ಛಿದ್ರವಾಗಿ ಹೋಗುತ್ತಿತ್ತು 573 ಸಾಮಂತ ರಾಜರನೆಲ್ಲ ಒಕ್ಕೂಟದ ವ್ಯವಸ್ಥೆಯೊಳಗೆ ತರದೆ ಇದ್ದಾರೆ ಮನುಸ್ಮೃತಿ ಎಂಬ ನೀಚ ಗ್ರಂಥ ದಿಂದ ನಮ್ಮನ್ನು ಈ ಭೂಮಿಯಲ್ಲಿನಮಗೆ ಜನಿಸುವುದಕ್ಕೂ ಸಾಧ್ಯವಾಗುತ್ತಿರಲಿಲ್ಲ   ಜಾತಿ ವಿರುದ್ಧ ಹೋರಾಡಿದ ಎಲ್ಲಾ ದಿವ್ಯ ಚೇತನಗಳಿಗೂ ಹಾಗೂ ಇಂದು ತಮ್ಮ ಜಾತಿಯ ಬಗ್ಗೆ ಅರಿವು ಮೂಡಿಸುತ್ತಿರುವ ತಮಗೂ ಅನಂತ ಭೀಮ ಪ್ರಣಾಮಗಳು.🎉,1
Bari hindu hindu hindu anta helooodu alla enadru Hindu janakke olledu madu modalu  amele matadu,0
Lofar ninage mana maryade ideya,1
"Sir it's all right, but any realy hindu or deshapremi in karnataka bjp???obba layyakkada leader illa KA nalli 😮",1
Yaru heli kottaddhu nininge ee history.. Rss shakeyalli kalisidda?,1
ಇದೆಲ್ಲವನ್ನು ನಾವು ಸೃಷ್ಠಿಸಿಕೊಂಡ ಕರ್ಮಕಾಂಡಗಳು.ಹುಟ್ಟಿದ ಸಮಯದಲ್ಲಿ ಮೊದಲು ಹೆಣೊ.ಗಂಡೊ ಎಂದು ಮಾತ್ರ ನಮೂದಿಸಲಾಗುತ್ತದೆ.ನಂತರ ಮಗು ಬೆಳೆದಂತ್ತೆ ಅವರ ತಲೆಯಲ್ಲಿ ಸಮಾಜದ ಅನಿಷ್ಟಗಳನ್ನ ತುಂಬಿ .ನೂರೆಂಟು ಕಟ್ಟಳೆಗಳನ್ನ ತುಂಬಿ ಮನುಷ್ಯ ಮೌಲ್ಯಗಳನ್ನೆ ಮರೆಯುವಂತ್ತೆ ಮಾಡುತ್ತದೆ ಈ ಸಮಾಜ,0
ಜೈ ಶ್ರೀ ರಾಮ್ 🎉,0
ಅದಕ್ಕೆ ನಮಗೆ RSS ಇಷ್ಟಾ ಆಗೋದು.,0
ನ್ಯಾಯದಿಶರಿಗೆ ತುಂಬ ಹೃದಯದ ದನ್ಯವಾದವುಗಳು. ಒಳ್ಳೆ ತೀರ್ಪು ಕೊಟ್ಟಿದಾರೆ.,0
ಹುಲಿ ಹೆಂಗಿದೆ? ಅಂತ zoo ನಲ್ಲಾದ್ರೂ ನೋಡಿದ್ದೀಯಾ??? ಸಾಬಿ 😂😂😂,1
Oyc Pm adare,0
😂😂😂🤣🤣🤣 olge congress bjp onde.🤣🤣 Bandu nodu Bijapur ge..,0
ಮನುಷ್ಯ ಜಾತಿ ತಾನೊಂದೇ ವಲಂ...,0
"School ಅಲ್ಲಿ ಇರೋವಾಗ ಒಬ್ಬ ಹುಡ್ಗ ಇನ್ನೊಬನ geometry box ಕದ್ದ..ಅವಾಗ ಅವನ ಅಮ್ಮ ನನ್  ಮಗ ತಪ್ಪೇ ಮಾಡಿಲ್ಲ ಪಾಪ ಇವನೇ ಹೊಸ box na ತೋರ್ಸಿ ನನ್ ಮಗನಿಗೆ ಬೇಜಾರು ಮಾಡಿದ್ದು , ಅವ್ರ್ ಮಗ ತುಂಬಾ ಒಳ್ಳೆ ಹುಡಗ ಸುಮ್ನೆ yenu ಮಾಡೋಲ್ಲ  ಬೇಕಾದ್ರೆ aa box amount ಕೊಡ್ತೀನಿ adu idu.. finally box ಕೊಟ್ಟಿಲ, ಕಾಸು ಕೊಟ್ಟಿಲ,  ತಪ್ಪು ಒಪ್ಪಿಕೊಂಡಿಲ್ಲ,  ಮಗನಿಗೆ ಬುದ್ದಿ ನು  ಹೇಳಿಲ್ಲ.. ಅದೇ ಹುಡಗ after 20years murder case ಅಲ್ಲಿ wanted and absconding.


ಇನ್ನು Muslims ಅವ್ರನ್ನ ಬಿಟ್ಟು ಕೊಡೋಲ್ಲ.. ಕನ್ನಡ ನೆಟ್ಟಗೆ ಬರದಿದ್ದರೂ ಕಷ್ಟ ಪಟ್ಟು ಬೇರೆ ಅವರ ಬಗ್ಗೆ  ಹೇಳ್ತ ಇರೋ ಮುಲ್ಲಾ.. ಒಂದು ಸಲ ಆದರೂ ಒಂದು ಮಾತು ಇದು ತಪ್ಪು ಅಂತ ಹೇಳೋಕೆ ಆಗಿಲ್ಲ.. ಆಗೋದು ಇಲ್ಲ.  ಒಂದು ಗಂಟೆ ಬೇರೆ ಧರ್ಮದಲ್ಲಿ ಇದೆ ನೋಡಿ ಅಂತ ಬೆಟ್ಟು ಮಾಡೋಕೆ ಗೊತ್ತಿರೋನಿಗೆ ಇದು ಗೊತ್ತಿಲ್ವ ..  ಕಥೆ ಹೊಡಿತಾವ್ನೆ ಖದೀಮ.. ಈವರೆಗೆ ಬುದ್ದಿ ಜ್ಞಾನ ಭಾವನೆ ಸಾಮರಸ್ಯದ ಇದೆಲ್ಲ ಅವ್ರು ಬಲಗೊಳ್ಳೋ ವರೆಗೆ ನಿಮ್ಮಿಂದ ಬಯಸೋದು ಅಷ್ಟೇ.. 3 ಮುಲ್ಲಾ ಹೇಳೋದು ಒಟ್ನಲ್ಲಿ problem muslims ಅಲ್ಲ ಅವರ ಗ್ರಂಥ ಅಲ್ಲ ಅವರ ಮದ್ರಸ ಮಸೀದಿ ಅಲ್ಲ.. ಬೇರೆ ಧರ್ಮ ಬೇರೆ ಸರ್ಕಾರ and most importantly modi ಮತ್ತು amit shah🫡. So ಇವರ ಹಿಂದೂ ಬ್ರದರ್ಸ್ ಗಳೇ ದೆಂಗುಸ್ಕೊಳೋಕೆ ready ಇರಿ😂.. sanghi, andha bhakta ಇನ್ನು ಏನ್ ಏನೋ ಕರೆಸಿಕೊಳ್ಳೋ real ಹಿಂದೂ,  ಏನೂ ಹೇಳೋಕೆ ಆಗದೆ silent ಆಗಿ ಇರೋ ಉಳಿದಿರೋ ಹಿಂದುಗಳಿಗೆ ಒಂದು ವಿನಂತಿ🙏. ನೀವ್ yenu ಮಾಡೋದು ಬೇಡ just ಒಂದೇ ಒಂದು ಮಾಡಿ ಆ ನನ್ ಮಕ್ಳ business ಯಾವದೇ ಇರಲಿ ಒಂದು rupee ಅಲ್ಲ ಒಂದು ಪೈಸೆ ನು ಖರೀದಿ ಮಾಡ್ಬೇಡಿ ಅಷ್ಟ್ ಮಾಡಿ ನಿಮ್ ಜೀವನ ನೀವ್ ನೋಡ್ಕೊಳ್ಳಿ ಸಾಕು 🙏🙏",1
Dalithara virudda saveeraaru varsadind daurjanya nadeuthide yavaga niluthe thilisi,1
"ಸೂಲೆಬೆಲೆ ಚಕ್ರವರ್ತಿ, ನಿಮಗೆ ಕೈಮುಗಿದು ಕೇಳಿಕೊಳ್ಳುತ್ತೇನೆ ರಾಜ್ಯದ ತಾಲೂಕಿಗೆ,, ಇದೇ ರೀತಿ ಹಿಂದುಗಳನ್ನು ತಿಳುವಳಿಕೆ ಹೇಳಿ,,,,",0
Hange bijapur murka Jana yavaga buddi barutto eno,0
ನೀವೂ ಹೇಳಿದ ಪ್ರೀತಿಯೊಂದು ಸತ್ಯ,0
Beru sametha.ketu hake🎉,0
ಇದೇ ತರ ಅತ್ಯಾಚಾರ ಮಾಡಿದವರಿಗೆ ಯಾಕೆ ಶಿಕ್ಷೆ ಕೊಡ್ತಾ ಇಲ್ಲಾ ನಮ್ಮ ದೇಶ,1
This chanel BYCOAT  chaddi,1
Elru hindugale,0
420 nan maga,1
NRC nu tanni awru swlpa proof Matte documents tarli,0
ಇವತ್ತಿನ ಹಾಗೆ ನಾಳೆ ಇರುವುದಿಲ್ಲ..... ಯಾವಾಗ ಏನು ಬೇಕಾದರೂ ಆಗಬಹುದು...,0
Jai BJP,0
"ನಾ ಕಂಡ ಜ್ಞಾನವಂತ ಪತ್ರಕರ್ತರು, ಇದು ಸಮಾಜಕ್ಕೆ ಬೇಕಾದಂತಹ ಬಹುಮುಖ್ಯ ಮಾಹಿತಿ, ತಿಳಿದುಕೊಂಡು ಅಪ್ಪಿಕೊಂಡರೆ ತುಂಬಾ ಒಳ್ಳೆಯದು,👏👏👏",0
ಅರುಣ್ ನೀವು ಚಡ್ಡಿ ಹಾಕೊಂಡು ಬಂದು ಚರ್ಚೆಯಲ್ಲಿ ಭಾಗವಹಿಸಿ.......,1
ಅಮರ್ ಸರ್ ಈ ವಿಡಿಯೋ ಬಹಳ ಉಪಯುಕ್ತವಾಗಿದೆ ಜಾತಿ ವ್ಯವಸ್ಥೆ  ಮಾನಸಿಕ ರೋಗ ಇದನ್ನು ಎಲ್ಲರೂ ಒಟ್ಟಾಗಿ ಸೇರಿ ತೊಲಗಿಸಬೇಕು ಪ್ರಪಂಚವೇ ಗೌರವಿಸುವ ಸಂವಿಧಾನ ಶಿಲ್ಪಿ ವಿಶ್ವಜ್ಞಾನಿ ಬಾಬಸಾಹೇಬ್ ಅಂಬೇಡ್ಕರ್ ರವರನ್ನೇ ಗೌರವಿಸದೆ ಜಾತಿ ಕಣ್ಣಿನಿಂದ ನೋಡುವ ನಮ್ಮ ದೇಶದ ಈ ದರಿದ್ರ ಅವಿವೇಕಿಜನರಿಗೆ ಏನು ಹೇಳಬೇಕು 😡......ನಿಮ್ಮ ಕಾಳಜ್ಜಿಗೆ ಧನ್ಯವಾದಗಳು ಅಮರ್ ಬ್ರದರ್ 🙏🙏🙏🌹🌹🌹,0
ಉಗಿರಿ ಮುಖಕ್ಕೆ...,1
Udri tunni,1
Aye pratap simha ninu swalpa bai mochkundu iru ningey sunmey muslmanrna kadey kai hag beda sumnitlaha,1
ನಾವು ಸುಮ್ನೆ ಜೈನ ಧರ್ಮ ಸ್ವೀಕಾರ ಮಾಡಬೇಕು,0
"Atrocities case missuse adre adna highlight madri specific cases, adre idhu misuse agiru case alla.
Mathe enundh sari yochne madbeku atrocities madbekadre.",0
Yesht hedarsti marya ninu 😂,0
Sulemaklu thaktu ela ana,1
ಯಾರ ಅಪನ ಆಸ್ತಿ ಇದೆ ಇದು ಹಿಂದುಸ್ತಾನ್ ಹಿಂದುಗಳ ಆಸ್ತಿ ಯಾಕೆ ಬಿಟಿ ಬಿಡಬೆಕು ಇವರನ್ನು ಇಲೀಂದ ಪಾಕಿಸ್ತಾನಕೆ ಓಡಿಸಬೇಕು,0
ಕಾಂಗ್ರೆಸ್ ಮತ್ತು ಬ್ರಿಟಿಷ್ ಆಡಳಿತ ಸಿದ್ಧಾಂತ ಒಂದೇ ಒಡೆದು ಅಳುವ ನೀತಿ,1
ದೊಡ್ಡ ಸುಳ್ಳು ಗಾರ sule ಬೆಲೆ 😂,0
Nimmappandantu allave alla,0
ಬಸನಗೌಡ 🚩🚩🚩🚩🚩🚩,0
Ambedkar helilla .....nimma kattukathegalu heluthe ashte.....,1
ಪ್ರತಾಪ್ ಸಿಂಹ ಅವರು ಏನೋ miss ಹಾಗಿ 2014  19 Frist war ಅಂತ ಹೇಳಿದ್ದಾರೆ   ಅದನ್ನೇ ನಾವು ಗೇಲಿ ಮಾಡಬಾರದು ಅವರು ದೇಶದ ಮುಂದಿನ ಭವಿಷ್ಯದ ಬಗ್ಗೆ ಅಪಾರ ಕಾಳಜಿ  ಹೊಂದಿದ್ದರೆ,0
Evanobba 420,1
Modhlu rape case  kole  Madowru  rajakarni  galu  madtiro anyayagag ethara sikshe  kodi dhayivitu  kanunu  yelrarigu  ondhe sikshe kodbeku 🙏🙏🙏🙏🙏🙏🙏🙏🙏🙏🙏,1
JAI SANATANA DHARMA. JAI SULIBELE,0
Soli ge bele illa,0
Ivanu suli bele illa sulebele 🤣🤣🤣,1
Hucha yatnal bewarsi,1
Lee lapanga sule magana namma desh bharth edu sarwa darma samanathe indha kudide nimmanth alka sule makkalindh hindhu -muslimm antha jegala achchuwa kelsa madatha edri,1
Nkn ರಂಗಣ್ಣ ಇದ್ದದಿರೇ ಇನ್ನ ಇತ್ತು ಉಮಾರಿ ಷರೀಪ್ ಗೇ,0
Tiga muchkod hogla,1
"ಹೇಯ್ ಪೆದ್ದು ಇವರೆಲ್ಲ ಭಯಂಕರ ಬ್ರಷ್ಟಚಾರ ಮಾಡ್ತಾ ಇರುವರು...! 

ಮಾಡೋ ಕೆಲ್ಸಾ ಮಾಡ್ದೆ ಇಲ್ಲದೆ ಮಾತಾಡ್ಕೊಂಡು ಟೈಮ್ ಪಾಸ್ ಮಾಡ್ತವೆ...!",1
ಮೊದಲು ಹಿಂದೂಗಳು ಕಾಂಗ್ರೆಸ್ಗೆ ಬೂಟ್ ಕಾಲಲ್ಲಿ ಹೊಡಿಬೇಕು,0
Ban hindu bord,0
mucho sako timha nindu nataka,1
Sawidana dalli elli barediddare school college ge ijaab aakondu banni anta heli????,0
"India not Hindu rastra India Muslim rastra,muslimstan",1
ಸ್ಮಿತ   ಅಲ್ವೋ  ಭವ್ಯ,1
"Appa mahaanubhava, first world war aagiddu 2014-2019 ralli alla.....1914-1918 ralli..... history sariyaagi tilkindu maatadu. Well educated politician!",1
ಹೇ ಹುಚ್ಚಾ ಬಿಜೆಪಿ ಅಧಿಕಾರದಲ್ಲಿ ಶಿವಮೊಗ್ಗದಲ್ಲಿ ಹರೀಶ್ ಅನ್ನುವ ಯುವಕ ಹತ್ಯೆ ಆಹ್ತು ಅದಕ್ಕೆ ಬಿಜೆಪಿ ಸರ್ಕಾರ ಕಾರಣ ನಾ,1
"Lo loafer nimma vijay mallya, nirav modi, lalit modi looti maadi hogbittru, nimma cd cases mlas ge kalusu, ninu hoga.. Bjp will loose upcoming elections.. Thats why this hijab issue..",1
C Zinda b,0
Brother Main problem bartirodu marrage time nalli yakandre avru non-vegetarian agirtare innodkade vegitarian agirtare edrindagi family galalli intercaste marriage ge permission sigtilla,0
ಜಾತಿ ವ್ಯವಸ್ಥೆ ತೊಲಗಳಿ,0
ಸೂಲೆಬೆಲೆ ಗೆ ಕೆಲಸ ಇಲ್ಲ ಅದಕ್ಕೆ ಹೊಟ್ಟೆ ಪಾಡಿಗೆ ಬೆಂಕಿ ಹಚ್ಚೋ ಕೆಲಸಕ್ಕೆ ಇಳಿದಿದ್ದಾರೆ ಬಡವರ ಮಕ್ಕಳನ್ನ ಬೀದಿಗೆ ತರೊಬದಲು ಅವನೆ ಇಳಿದರೆ ಎಷ್ಟು ಜನರನ್ನ ಓಡಿತಾನೆ ನೋಡಬೇಕು ಈ ಅಯೋಗ್ಯ. ಸ್ಟೇಜ್ ಮೇಲೆ ನಿಂತು ಮಾತನಾಡುವ ಬದಲು ನೀನೆ ಜಗಳಕ್ಕೆ ಇಳಿ ಅಯೋಗ್ಯ. ಮಾತು ಬಿಟ್ರೆ ಸುಳ್ಳೆ ಇವನ ಬಂಡವಾಳ. ದುಡಿದು ತಿನ್ನೋದು ಕಲಿಯೋ ಮುಠ್ಠಾಳ,1
Bijapur maga alla. Naheemaga,1
 @shabeerkhpasha4473  ಯಾಕೋ ಹಂದಿ ಹಲ್ಲು ಕೀರಿತ ಇದೆ 😀😀😀😀😀😀🤩,1
"Bjp, Rss etc avrde kutantra",0
"ನೀಚ ಕಾಂಗ್ರೆಸ್ ಸರ್ಕಾರ ವನ್ನು ಮೊದಲು ಕಿತ್ತು ಹೊಗೆಯ ಬೇಕು .
ಮತ್ತು ಮುಸ್ಲಿಮರ ಮತದಾನ ಮಾಡುವ ಹಕ್ಕನ್ನು ತೆಗೆದು ಹಾಕಬೇಕು .",1
"ಸ್ಮಿತಾರವರೇ ನೀವು ಈ ವಿಷಯದಲ್ಲಿ ಇನ್ನಷ್ಟು ಸ್ಮಾರ್ಟ್ ಆಗಿ ಪ್ರಶ್ನಿಸಬೇಕಿತ್ತು ಅಥವಾ ಪ್ರತಿಕ್ರಿಯೆಯನ್ನು ನೀಡಬೇಕಿತ್ತು ಅಥವಾ ನೀಡುವವರನ್ನು ಕೂರಿಸಿಕೊಳ್ಳಬೇಕಿತ್ತು ಎನಿಸುತ್ತದೆ. 

ನಾಟಕ 1 - ಭಯೋತ್ಪಾದಕರಿಗೆ ಧರ್ಮ ಇಲ್ಲ - ಹಾಗಾದರೆ ಅವರ ಹೆಸರು ಡಿಎಸ್ಎ ವರದಿ  ಅವರ ಹುಟ್ಟು ಮತ್ತು ಕುಟುಂಬದ ಧರ್ಮದ ಬಗ್ಗೆ ಮಾಹಿತಿಯನ್ನು ಕೊಡುತ್ತಿದೆಯಲ್ಲಾ? 
ನಾಟಕ್ 2 - ಆರೋಪಿಗೆ soft corner ತೋರಿಸುವುದಿಲ್ಲ ಎನ್ನುತ್ತಲೇ, ಅವನು ಆ ರಾಸಾಯನಿಕ ಪದಾರ್ಥವನ್ನು ಮನೆಗೆ ಸಾಗಿಸುತ್ತಿದ್ದಿರಬೇಕು ಎಂದು ವಕೀಲರಂತೆ ವಾದ ಮಂಡಿಸುವುದೇಕೆ? ವೈಯಕ್ತಿಕ ಉಪಯೋಗಕ್ಕೆ ಯಾರಾದರೂ ಆ ಪ್ರಮಾಣದಲ್ಲಿ ಇಂತಹ ವಸ್ತುವನ್ನು ಸಾಗಿಸುತ್ತಾರೆಯೇ? ಅಲ್ಲದೇ ಈಗಾಗಲೇ ಬಂಧಿತರು ಕೆಲವು ವಿಷಯಗಳನ್ನು ಒಪ್ಪಿಕೊಂಡಗಿದೆ. 

ನಾಟಕ್ 3 - ರ್ಯಾಡಿಕಲ್ಸ್ ಗಳನ್ನು ಯಾವ ವಿಚಾರಣೆಗಳು ಮತ್ತು ಸಾಕ್ಷಿಗಳಿಲ್ಲದೇ, ಕೇವಲ ಅವರ ಮಾತು ಮತ್ತು ವೇಷಭೂಷಣಗಳನ್ನು ನೋಡಿ, ಅವರ ಮೇಲೆ ಕ್ರಮ ಕೈಗೊಳ್ಳುತ್ತಾರೆ ಎಂದು ಇವರಿಗೆ ಹೇಳಿದವರು ಯಾರು? 

ಇನ್ನೊಂದು ಚರ್ಚೆಯಲ್ಲಿ ಆ ಬಾಲನ್ ನಂತಹ  ಕಚಡಾನನ್ನು ಈ ವಿಷಯದ ಬಗ್ಗೆ ಮಾತನಾಡಲು ಕರೆಯುತ್ತೀರಿ. ಇದು ನಿಜಕ್ಕೂ  ಅಸಹ್ಯ. 

ಗಾಂಧೀಜಿಯವರ ಹತ್ಯೆಯನ್ನೇ ಇಂದಿಗೂ ಎತ್ತಿ ಹಿಡಿದು ಆರ್ ಎಸ್ ಎಸ್ ಅನ್ನು ದೂಷಿಸುವ ಜನರಿಗೆ, ಈಗ ಸುಮಾರು 50 ವರ್ಷಗಳಲ್ಲಿ ಆರ್ ಎಸ್ ಎಸ್ ದೇಶದ ಒಳಿತಿಗಾಗಿ ಮಾಡಿರುವ ಕೆಲಸಗಳೇನು ಮತ್ತು ಇತರ ಸಂಘಟನೆಗಳ ಅಡಿಯಲ್ಲಿ ನಡೆದ ಹೀನ ಕೃತ್ಯಗಳೆಷ್ಟು ಎನ್ನುವುದನ್ನು ಅರ್ಥ ಮಾಡಿಸಬೇಕಾದ ಜವಾಬ್ದಾರಿ ನಿಮ್ಮಂತಹ ಸುದ್ದಿ ವಾಹಿನಿಗಳ ಮೇಲಿದೆ.

ಈ ಮುಸ್ಲಿಂ ಪಂಡಿತ ಭಾರತೀಯರಿಗೆ ನಿಜಕ್ಕೂ ಭಾರತವನ್ನು ಇಂತಹ ಪಾಪಿಗಳಿಂದ ರಕ್ಷಿಸಬೇಕೆಂಬ‌ ಕಾಳಜಿ‌ ಇದ್ದರೆ, ಅವರು ತಮ್ಮ ತಮ್ಮ ಸಮುದಾಯಗಳಲ್ಲಿ ಅರಿವನ್ನು ಮೂಡಿಸುವ ಅಗತ್ಯವಿದೆ. ಆಗಬೇಕಾದದ್ದು ಅದು. ಇವರು ಮಾತನಾಡುವುದೇ ಒಂದು, ಅವರು ಮಾಡುವುದೇ ಇನ್ನೊಂದು. 

ಈ ಮುಸ್ಲಿಂ ಪಂಡಿತರಿಗೆ ನಿಜವಾ",1
ಅದಕ್ಕೆ ಕಂಡ ಕಂಡವರ ಆಸ್ತಿ ಹೊಡಿ ಮತಾಂತರ ಮಾಡಬೇಕಾ ಮುಚೋ,0
ದಯವಿಟ್ಟು ಮನುಧರ್ಮವೇ ಮೂಲ ಗ್ರಂಥ ಆ ಧರ್ಮವನ್ನೇ ಎಲ್ಲರೂ ಪಾಲಿಸುತ್ತಿರುವುದು  ಇದು ಯಾರ ತಪ್ಪೂ ಅಲ್ಲ ಆದ್ದರಿಂದ ವರ್ಣ ಮತ್ತು ಜಾತಿಯನ್ನು ಯಾರೂ ಏನೂ ಮಾಡೋಕ್ಕೆ ಸಾದ್ಯವಿಲ್ಲ,0
ಇವನಿಗೆ ಅವನಿಗೆ ಇಬ್ರಿಗೆ ಒದ್ರೆನೆ ದೇಶ ಬಲಿಷ್ಠ ಆಗೋದು. ಇಲ್ಲಂದ್ರೆ ದೇಶದ ಭದ್ರತೆ ಕಷ್ಟ ಇದೆ.,0
Sabrige huttida kanthri nanmakkalu sida dksoza gujrivala akhilesh mulla mamtaz begam mudigouda ivarannu kelabeku,1
"Sir nimmondige idiyadad i deshada baktariddare , nimmanna suttaktare.",0
ಎಲ್ಲಾ  ಓ ಕೆ ಅದರೆ ನಮ್ಮ  ಹಿ0ದುಗಳು  ಹಿ0ದುಗಳ ಮೇಲೆ ದ್ವೇಷ ಕಾರುವುದನನ್ನ ನಿಲ್ಲಿಸಿ ಸ್ವಲ್ಪ ವಾದರು ಬಾ0ದವಿಯತೆಯನು  ತೋ ರಿದರೆ  ನಮ್ಮ ದೇಶ ಉದ್ದಾರ ವಾದೀತು,1
E sabinanmaganna talli pakistanakke,1
Ninnantha komu crimi e rajayadalli    iddare E desha uddaragalla rajya uddaragalla.le bosudika e desha namdu badukudu sayodu illa navu .ninga pak mela prithi idra alle hogi sayi.e desha ninna appandalla idu namma desha,0
ರುದ್ಧ್ಯಾಯ ಪುರುಷ ಸೂಕ್ತದಲ್ಲಿ ವಿವರ ಇದೆ,0
Channel should be neutral.Anchor should run the debate dont come to  conclusion . Let the guest debate each other on the subject viewer will decide who is right and wrong. Also be just for the time management give all guest equal opportunity.,0
Modi Achche din yaarige sikkide  Mr Heng Pungly?,1
Sulla sule maga.....,1
Inta dustaraige Devaru yavag end madatano,1
"ಸಹೋದರರಾದ ದಲಿತರು ಇನ್ನೂ ವಿದ್ಯೆಯಲ್ಲಿ ಹಿಂದುಳಿದಿರುವುದು ಮತ್ತು ಜಾಗೃತರಾಗದಿರುವುದು ಕಾಂಗ್ರೆಸ್ ನ ಕಪಿಮುಷ್ಟಿಯಿಂದ ಹೊರಗೆ ಬರದುರುವುದೇ ಈ ಅವ್ಯವಸ್ಥೆಗೆ ಕಾರಣ,ನೀವು ಮೊದಲು ದೇಶಾಭಿಮಾನದ ಬಗ್ಗೆ ಅರಿತು ಬಾಳುವುದನ್ನು ಕಲಿತರೆ ದೇಶಕ್ಕೆ ಮತ್ತು ಎಲ್ಲರಿಗೂ ಒಳ್ಳೆಯದು, ನಿಮ್ಮ ಅನುಕೂಲಕ್ಕೆ ತಕ್ಕಹಾಗೆ ಸಂವಿಧಾನವನ್ನು ಬಳಸಿಕೊಳ್ಳುವುದನ್ನು ಬಿಟ್ಟು ದೇಶದ ಅಭಿವೃದ್ಧಿಗೆ ಪೂರಕವಾವಿ,ನಿಮ್ಮ ಧರ್ಮದ ಆಚರಣೆಯನ್ನು ಮನೆಗೆ ಸ್ಟೀಮಿತಗೊಳಿಸಿ ನಡೆದರೆ ಒಳಿತು,ಅದು ಬಿಟ್ಟು ದಲಿತರನ್ನು ಉದಾಹರಣೆಗೆ ತೆಗೆದುಕೊಂಡು ನಿಮ್ಮ ಅನುಕೂಲಕ್ಕೆ ಬಳಸಿ ಕೊಳ್ಳುವುದು ಒಳ್ಳೆಯದು.",0
A sulemaga bare mike daag aste en Shanta nu kitkolak agalla,1
Abdul razaak ge samvidaanada baggene gottilla,0
ಜೈ ಮೋಹನ್ ಭಾಗವತ್ ಜೀ 🙏🙏🙏,0
"Ley, sabu saku muchcho.",1
ಬಿಜೆಪಿಲಿ ಎಲ್ಲಾರಿಗೂ ಬಾಯಿ ಬಂದಾಗಿದೆ ಇದೊಂದು ಹುಚ್ಚು ನಾಯಿ ಬೊಗಳುತ್ತದೆ ಹಿಂದುಗಳು ಅಂದರೆ ಏನು ಬಿಡಿಸಿ ಹೇಳು,0
@jagadishb8574   lo goobe rules  ellrigu onde irbeku  constitution  yako beku ?,1
ಚುನಾವಣೆ ಹತ್ತಿರ ಬರುತ್ತಿದೆಯಲ್ಲ ಅದಕ್ಕೆ ಈ ನಾಟಕ.,0
Congress 420,1
ಅಮರ್ ಪ್ರಸಾದ್ ಯಾವ ಜಾತಿಯೂ ಇಲ್ಲ ಇರೋದೇ ಒಂದು ಜಾತಿ ಅದೇ ಮನುಷ್ಯ ಜಾತಿ ಅವನ ಗುಣಧರ್ಮ ದಿಂದ ಅವನು ಪ್ರತ್ಯೇಕ ಆಗುತ್ತಾನೆ ಇದನ್ನು ದಿಟ್ಟತನದಿಂದ ನೀವು ಹೇಳಿದ್ದೀರಿ ಧನ್ಯವಾದ,0
Idu hindurashtra ne,0
Gandhige maryadi kodolla..ambedkar samvdhana numbolla.hindu muslim galate madtirva party yavdu ?,0
"Yunu sul heltha be idhral Sathya yenu illa.... dhayavittu artha madkoli jagla thandhittu vote bank maado nan maklu yuru modhlu kyalsa maadisthivi antha vote keltha idhru adhu workout aagilla antha komu galabena thandhi vote bank madtha irodhu naav kithad sathee avarigenu nasta illa yaav rajkarni mane avru kithadadhak mundhadhru heli modhlu nam janagalig budhi barbeku ree dehli yalli yantha kyalsa madistha idhare kejriwal athara kyalsa madok heli pakka rajya Telangana,Andhra, Tamilnadu, ilyalla idhilla kyalsa madskodo vote korthivi illa vaitha iru anthare jana namig yaak adhilla ivara sullu history ge mundhaktha idhivi namge idhyalla beda kyalsa yaar maadiskodthare avar barli mundhe vote Bank maadavru alle irli antha kelona yalaru serkondu illa yaaru india na muslim rastra maadok agolla yaaru Hindu rastra maadok aagalla idhu india manni yalaru abhirudhi karege sagona jaathi matha yalla bidona yalaaru vandhagi balona rajkarni galu kelsa madiskotre mundhe illa andhre alle irli",1
Nam hindu huli cidi bidbedro,0
Jai ಬೀಮ್ ❤❤,0
ಶುಭಾಷಗಳು ನ್ಯಾಯಮೂರ್ತಿಗಳಿಗೆ ಇದು  ಸಂವಿಧಾನದ ನಿಯಮ ಎಲ್ಲರಿಗೂ ಸಮಾನ ನ್ಯಾಯ,0
ಜೈ ಭೀಮ್ ಜೈ ಸಮಾನತೆ,0
"Edannu pramod muthalik,prathap shima evarigella heli kodi kelavu komuvadigalu adaralli b j p  rajakaranigalu avara bele baisikollakke janaralli visha bitthuttha eddare",1
ಯಲ್ಲ ಸಮನರು ನಾವು ಮನವರು ಎಂದು ಬದುಕಬೇಕು,0
100 it's true sir .... Ella jaathigalu ondhe annuva baavane barbek barle bek sir .....,0
ಹಿಂದೂಗಳ ಅವಹೇಳನ ಮಾಡುವ ಯಾರೆ ಆದರೂ ಬಿಡುವುದಿಲ್ಲ ಯತ್ನಾಳ್ ಸಾಹೇಬ್ ಗೆ ಜಯವಾಗಲಿ,0
Ivrellara matigu krutigu olagondu horagondu hennu gandu ellaru onde,1
"ನೀವು ಹೇಳಿದ್ದು,ಸತ್ಯ,ಮತಾಂತರವಾದ ದಲಿತರು ಕಾಂಗ್ರೆಸ್ ಪರವಾಗಿದ್ದಾರೆ.ಮತಾಂತರವಾಗದ ಹಿಂದೂ ದಲಿತರು ಭಾರತದ ಪರವಾಗಿದ್ದಾರೆ.ಮತಾಂತರವಾಗದ ದಲಿತರಿಗೇ ಮೀಸಲಾತಿ ಸಿಗುವಂತೆ ಆಗಬೇಕು.",1
"ಜಾತಿ ವ್ಯವಸ್ಥೆ, ಜಾತಿಯ ಪ್ರತ್ಯೇಕ ಸಂಘಗಳು. ಇವುಗಳ ವಿರುದ್ಧದ ಹೋರಾಟದಲ್ಲಿ ನಾನೂ ಪ್ರಯತ್ನ ಪಡುತಿದ್ದೇನೆ.. ಆದರೆ ಮನುಷ್ಯ ಬದಲಾಗೋದು ಕಷ್ಟ ಎನ್ನಿಸುತ್ತಿದೆ.",0
Hanakkagi bashana maduvava .yaru ivna vedio nodbedi kelbedi .Jai Bharath,0
Ri swami 1st World War Agithu 1914 to 1919 not 2014 to 2019  ಯಾವ ಸೀಮೆ MP ನೀವು ಇತಿಹಾಸ ಗೊತ್ತಿದ್ದರೆ ಮಾತನಾಡಿ ಸುಳ್ಳು ಸುಳ್ಳು ಹೇಳಬೇಡಿ.,1
Real huli,0
Mabb sulemakl Muslim supporters 🤣,1
ಇವನೊಬ್ಬ ಕಜ್ಜಿ ಕಂತ್ರಿ ನಾಯಿ,1
​ @ಜೀವನದಪ್ರತಿಬಿಂಬ  nin janmukke hogo Pakistan ke sabi ago 😂,1
ಆಮರಣ್ಣ ನಿಮ್ಮ ಬಗ್ಗೆ ನನಗೆ ಹೆಮ್ಮೆ ಎನಿಸುತ್ತದೆ. ನಮ್ಮ ಮಹನ್ನೂತ್ತ ದೆಶದ ಹಿತಕ್ಕಾಗಿ ಭದ್ರತೆ ಗಾಗಿ  ಮೊತ್ತ ಮೊದಲು  ಭಾರತವೂಂದು ಮಧ್ಯಪ್ರಾಚ್ಯ ದಂತೆ ರೊಗಗ್ರಾಸ್ತ ಆಗಾದಿರಲು ಅವಶ್ಯ,0
ಸರ್ ನೀವು ಇಷ್ಟು ನೇರವಾಗಿ ಹೇಳಿದರೂ ನಮ್ಮ ಹಿಂದು ಧಮ೯ದ ಜನರಿಗೆ ಅಥ೯ವಾಗಲ್ಲ. ಕಡೇಪಕ್ಷ 5 ತಲೆಮಾರು ಹೋಗ್ಬಿಟ್ರೆ ಸರಿ ಆಗ್ಬಹುದೋ ಏನೋ ಪ 😅,1
"ಜಾತಿ ಎಂಬುದು ತೊಲಗಿ
ಮನುಷ್ಯ ಜಾತಿ ಗಂಡು ಮತ್ತು ಹೆಣ್ಣು ಎರಡು ಜಾತಿ ಎಂಬುದು ಇರಬೇಕೆಂದು ಸ್ಪಷ್ಟವಾಗಿ ಗೋಚರಿಸುತ್ತದೆ",0
Jaathi maadiddu  RSS & BJP navaru deshavannu haalu maaduvudu avare Ellarigu  Gothu,1
Molanivasi galan sudra andrau brama vidyayane tiledavanu bramana all sapta rusies are from bacvarde cle sses fist person and darma is versava lingayat by basava pariar and kanaka dasa and Narayan guru karala ansere for eradacasana of varnasama tatva and sintific mind and education thanks,1
nammali samanathe ya manobhava baralilla andarre 🇮🇳 mathomme nam anna gulamagirigge saranagabekaguthadde 🙏 dayavittujana jathi yemba jwallesutti haki  prajaprabhuthva desha yembudannu nenapidabeku 🙏,0
ಮೊದಲು ಇವನಿಗೆ ಕಟಿಂಗ್ ಶಾಪ್ ನಲ್ಲಿ ಕರ್ಕೊಂಡು ಯಾರಾದರೂ ಇವನ ತಲೆ ಯ ಕೂದಲು ಸರಿಯಾಗಿ ಕಟ್ ಮಾಡಿಸಿ,1
"ಆರೆಸ್ಸೆಸ್ಸಿನ ಮೋಹನ ಭಾಗವತನು ಬ್ರಹ್ಮನೀಯ ಮನುವಾದ ಮೇಲ್ಜಾತಿಯ ವಿರುದ್ಧ ತಿರುಗಿ ಬಿದ್ದಿರುವ ಹಿಂದಿನ ರಹಸ್ಯ ಏನೂ.
ಹಿಂದುತ್ವ ರಾಷ್ಟ್ರ ಸ್ಥಾಪನೆಗೆ ದಲಿತರ ಹಿಂದುಳಿದವರ ಸಂಪೂರ್ಣ ಬೆಂಬಲ ಇಲ್ಲದೇ ಸಾಧ್ಯವೇ ಇಲ್ಲ ಎಂಬುದು ಆರೆಸ್ಸೆಸ್ಸಿನ ಲೆಕ್ಕಾಚಾರ .ಅದಕ್ಕಾಗಿ ತಾತ್ಕಾಲಿಕ ವಾಗಿಯಾದರೂ ಮನುವಾದದ ಬ್ರಹ್ಮನೀಯ ಮೇಲ್ಜಾತಿಯ ವಾದ ಅಡಗಿಸಿಡುವುದು ಮೋಹನ ಭಾಗವತನಿಗೆ ಅನಿವಾರ್ಯ ಆಗಿದೆ.
ಆದರೆ ಈಗಲೂ ದಲಿತರು ಬ್ರಹ್ಮನೀಯ ಮೇಲ್ಜಾತಿಯ ದೇವಸ್ಥಾನಕ್ಕೆ ಹೋದ ಕಾರಣಕ್ಕೆ ಹೊಡೆದು ಕೊಂದು ಹಾಕುವ ವರದಿಗಳು ಪದೇ ಪದೇ ಕೇಳುತ್ತಿದ್ದೇವೆ.",1
En guru idu bahusankyatarige mosa hago tara ne iratte situation,0
"Ondhu kade Babasaheb Ambedkar shreshta antha opkothika, innondh kade ambedkar statue ge virodhisi kuvempu avaranna yeththi kattuthira, ambedkar shreshta anthira kanakadasaranna yeththi kattuthira, ambedkar shreshta anthira basavannana yeththi kattuthira, jai bheem anthira jai shreeram antha yeththi kattuthira... Ivella namma hindhugalalli yavaga badhalaaguththe? Hogli yaavaththadhru swachcha manassinindha ambedkar jayanthi aacharisiddira? Nimma nammellara manegalalli ambedkar photo na yavathu haakthiro avathu hindhu navella ondhu anno ghoshanege ondh artha baruththe ansuthe... Avaga yellavu sariyaguththe... Musalmaanaru kooda avaga bharathadha samskrithina oppikondu sari aagthare Prathap Sir",0
Sir still today. Brahman sangathan  Eetukodu evthugu. politics male jathi. kela jathi. Eetukodu. Hindu muslim hindu dalitha Ntha devara hesarali. dharmada hesrali adikara Koskara  thama bele kalu beysikoluva. rss Doubble game. organisation From last 100 years end prove agide Papa eega bhagawath rege janodaya agide,1
HindhwathwA kke suport madi Congress hindhugale  hindhu darmake suport madi,0
ಸೂಲಿಬೆಲೆ ಒಬ್ಬ ನಿಜ ಕಜಡ ಸರ್ಕಾರ ದ ಅದ್ವ ವಿರೋದ ಪಕ್ಷದ ಯ ವ ಹುದೇ ಯಲಿ ಇದ್ನ ನೇ ಕರ್ನಾಟಕ ಯ ಕೆ ಅವನು ಮೇಲೆ ಕ್ರಮ ಇಲ್ಲ 🎉ತಪ್ಪು ಮಾಡಿವನು ಹೊರಗಡೆ ಇದ್ನ ತಪ್ಪು madade,1
"Simha alla kothi,,",1
"ಅಷ್ಟಕ್ಕೂ ಹೆಸರಿನ ಮುಂದೆ     ಗೌಡ ಮೇಟಿ ಹೆಗ್ಗಡೆ  ಶೆಟ್ಟಿ  ಭಾರದ್ವಾಜ್ ನಾಯಕ ನಾಯ್ಕರ್ ಪೂಜಾರ್.  ಇಟ್ಟರೆ ತಪ್ಪೇನು ಇಲ್ಲ 
  ಇವು ಯಾವುಗಳು ಜಾತಿ ಸೂಚಕ ಪದಗಳಲ್ಲ ಉದಾಹರಣೆಗೆ ಗೌಡ ಎಂದರೆ ಗ್ರಾಮದ ಮುಖಂಡ ಎಂದು ಅರ್ಥ ಶೆಟ್ಟಿ ಎಂಬ ಹೆಸರನ್ನು ವ್ಯಾಪಾರಸ್ಥರು ಹಾಗೂ ಕಾಯಕ ಸಮಾಜದವರು ಬಳಸುತ್ತಾರೆ ಇದರಿಂದ  ಸಮಸ್ಯೆ ಯಾರಿಗೂ ಇಲ್ಲ.. ನಿಮ್ಮ ಟಾಪಿಕ್ ಸರಿ ಇಲ್ಲ.. ನೀವು ಗ್ರಾಮೀಣ ಪ್ರದೇಶದಲ್ಲಿ ಹೋಗಿ ರಿಸರ್ಚ್ ಮಾಡಿ ಬರುವುದು ಒಳ್ಳೆಯದು... ಅಂಬೇಡ್ಕರ್ ವಿಷಯದಲ್ಲಿ ಇಲ್ಲಿ ಇಡೀ ದೇಶದಲ್ಲಿ ಯಾರಿಗೂ ಬೇಸರವಿಲ್ಲ ಸಂವಿಧಾನ ಸರಿ ಇದೆ ಇದಕ್ಕೆ ನಮ್ಮ ಆಕ್ಷೇಪಣೆ ಏನು ಇಲ್ಲ ... ಅಂದಿನ ಕಾಲದಲ್ಲಿ ಅಂಬೇಡ್ಕರ್ ಅವರು ವೈಜ್ಞಾನಿಕವಾಗಿ ಆಧುನಿಕ ವಾಗಿ ಎಲ್ಲಾ ಸಮಾಜಗಳಿಗೆ ಆರೋಗ್ಯಕರ  ಚಿಕಿತ್ಸೆಯನ್ನು ಸಂವಿಧಾನ ಮೂಲಕ ಹಕ್ಕುಗಳನ್ನು ಕೊಟ್ಟಿದ್ದಾರೆ..... ಆದರೆ ಕಾಲ ಬದಲಾದಂತೆ ಕೆಲವರಿಂದ ಕಾನೂನು  ದುರ್ಬಳಕೆಯಾಗುತ್ತಿದೆ",0
Super annah,0
ಈ ರಾಜಕಾರಣಿಗಳು ಕೇವಲ ಅಧಿಕಾರಕ್ಕೆ ದೇಶದ್ರೋಹಿ ಕೆಲಸ ಮಾಡಲು ನಾಚಿಕೆ ಇಲ್ಲದೆ ಮಾಡುತ್ತಿದ್ದಾರೆ ನಮ್ಮ ಹಿಂದುಗಳು ಎಚ್ಚರಗೊಳ್ಳದಿದ್ದರೆ ಹಿಂದುಗಳು ಮುಸ್ಲಿಮ್ ರ ಗುಲಾಮರಾಗಬೇಕಾಗುತ್ತದೆ ಎಚ್ಚರ ಎಚ್ಚರ,1
ಜಾತಿ ವೈಯಕ್ತಿಕ*  ಸಮಾಜದಲ್ಲಿ ನಾವೇಲ್ಲ ಒಂದೇ* ಆದರೆ ಸಮಾಜದಲ್ಲಿ ಜಾತಿ ತರತಾರೇ* ವೈಯಕ್ತಿಕ ಜಾತಿ ಬೇಡ ಅಂತ ಹೇಳ್ತಾರೆ 😅,0
ಸೂಲಿಬೆಲೆ ಸುಳ್ಳು ಹೇಳುವ ಸರ್ದಾರ ಬಾಷಣ ಮಾಡಕೆ ಬಂದ್ರೆ ಮಾಡಪ್ಪ ಈ ತರ ಸುಳ್ಳು   ಹೇಳಿ ಭಾಷಣ ಬಿಗಿಬೇಡ ಸೂಲಿಬೆಲೆ ಆ ವೇದಿಕೆಯಲ್ಲಿ ಭಾಷಣ ಕೆಲವರಿಗೆ ಬುದ್ದಿ ಇಲ್ಲ ನಿನಗೆ ನಾಚಿಕೆ ಇಲ್ಲ ಮುಸಲ್ಮಾನವರಿಗೆ ಏನು ಮಾಡಕಾಗಲ್ಲ ತಾಕತ್ತಿದ್ರೆ ಮುಟ್ಟಿ ನೋಡು,1
ಕಂತ್ರಿ ಖಾಂಗಿ ಪಕ್ಷ ನಮ್ಮ ದೇಶವನ್ನು ಇಸ್ಲಾಂ ರಾಷ್ಟ್ರ ಮಾಡೋಕೆ ಹೊಂಚು ಹಾಕುತ್ತಿದೆ. ನರಿಯಂತೆ ಹೊಂಚು ಹಾಕುತಿದ್ದಾರೆ. ಕೋಮುವಾದಿ ಖಾಂಗಿ ಪಕ್ಷ. ಖಾಂಗಿ ಪಕ್ಷ ಮುಸ್ಲಿಂ ಪಕ್ಷ.,1
Abdul razak  sariyaagi mathanalla  anthavaru mathanada agadiddaga mathannu daari tappisuttare,0
Nim avn tulla nav jigdadtevi niv yen harkotiri harkori 💙🇪🇺 Jai bheem,1
ಬೆವರ್ಸಿ ಸರ್ಕಾರ ಇರೋ ವಿ ರಾಜಕೀಯ,1
Howda Huchaaa ??? Ayyooo paaap 😂😅😂 ...tolll fees nimappa hechuu madirodu????  😂😅😂,1
ಅಂದು ಅವರು ರಾಜಿನಾಮೆ ಕೊಟ್ಟಿದ್ದು ನಮ್ಮಿಂದದಾ ಏನು ಕಿಸಿಯಕ ಆಗೊಲ್ಲಾಂತಾ,1
"ಅಮರ ಪ್ರಸಾದ ನಿಮಗೆ ಆನೆ ಹಲ್ಲಿನ  ಹೇಳಿಕೆ ಗೊತ್ತಲ್ಲ.... ನೋಡಕ್ಕೆ ಒಂದು ತಿನ್ನಕ್ಕೆ ಮತ್ತೊಂದು !° ದಯವಿಟ್ಟು ಆರ್ ಎಸ್ ಎಸ್ ಇತಿಹಾಸ ಗೊತ್ತಿದ್ದರೂ  ಕೂಡ ಅವರ ಹೇಳಿಕೆಗಳ ಮೇಲೆ ಇಷ್ಟೊಂದು ಚರ್ಚೆಯ ಅವಶ್ಯಕತೆ ಇದೆಯಾ?
ಇವರ ಏಜೆಂಡಾ ನಾ ಬೇರೆ .ಇವರು  ಹೇಳೊದು ಅದರ ತದ್ವಿರುಧ್ಧ!!",1
"Hindulida jaathigalige sikka avakasha bereyavarige elli sigutthide swany.  Ivarugala aahara paddathi, life style nodi.  Especially OBC galu kharchu maaduva 10℅ karcu maaduva shakthiyu general meritnavarige iruvudilla. Iruvudanne hasi hoddukondu nemmadiyaagi iruttare aste.",0
ಜಾತಿ ವ್ಯವಸ್ಥೆ ಸಂಪೂರ್ಣವಾಗಿ ಹೋಗಲಾಡಿಸುವ ಬಗ್ಗೆ ಮಾತಾಡಿ,0
Nimminda dhalithranna kapadiddu ade ambedkar,0
ಬೆಂಕಿ ಹಚ್ಚುವ ಕೆಲಸ ಚೆನ್ನಾಗಿ ಮಾಡುತಿಯ.....ಸೂಲಿ ಬೆಲೆ....,1
Muslim topi ettukondu madidra swathanthra horata le bochuga abdulla Rajak bochuga,1
ಹಿಂದೂವಿರೋಧಿಗಳು ಸರ್ವನಾಶವಾಗುವುದು ಖಚಿತ.,1
Bhavya teeka dengro yaaradru,1
ಅಬ್ದುಲ್ ರಜಾಕ್ ಕೆತ್ತನೆಗೂ ಡ್ರಾಯಿಂಗ್ ಗೂ ಅರ್ಥ ಗೊತ್ತಿಲ್ವಾ😂😂,0
Hindu bere Muslim bere ninyaru ninmaily rakta yavdu e ataa yella haledu ivattu Hindu Muslim  Bhai Bhai hogo gooldu😀😁😆,1
ತಮ್ಮ ತಮ್ಮ ತಾಯಿ ತಲೆ ಮೇಲೆ ಕೈಯಿಟ್ಟು ಆನೆ ಮಾಡಿ ಹೇಳಿ ಮುಸ್ಲಿಮರ ಸ್ನೇಹದಲ್ಲಿ ಯಾರ್ಯಾರು ಇದ್ದೀರಾ ಇಲ್ಲದಿದ್ದರೆ ಮುಸ್ಲಿಮರು ವ್ಯವಹಾರ ಅವರುಗಳ ಸ್ನೇಹ ಮತ್ತು ಅಣ್ಣ ತಮ್ಮ ಗತ್ತೆ ಬಾಳಿ ಕೊಂದ ಬಂದವರು ಈ ಸೂಳೇ ಬಲೆ ಮಾತನ್ನು ಕೇಳಿ ತಮ್ಮ ಸ್ನೇಹ ಮತ್ತು ಅಣ್ಣ-ತಮ್ಮ ಸಂಬಂಧ ಕೆಡಿಸಿಕೊಳ್ತೀರಾ?,1
Nin yeltirodu sullu edu,1
ಸರ್ ನಿಮ್ಮ ಮಾತು ನಿಜ  ನಮ ದೇಶದಲ್ಲಿ ತುಂಬಾ ಅತೀ ಹೆಚ್ಚು ಜನ ಸಾಮಾನ ರೀತಿಯಲಿ ನೋಡಲು ಸಾಧ್ಯ ವಿಲ್ಲಾ ಅದಕ್ಕೆ     ತುಂಬಾ ಜನ ತಮ್ಮ ಮನೆಯ ಒಳಗೆ ತಮ್ಮ ಮಕ್ಕಳನ್ನು ಅದರ ಬಗ್ಗೆ ಹೆಚ್ಚಾಗಿ ಆಲೋಚನೆ ಬರುವಂತೆ ಮಾಡಿ ಮುಂದೆ ಅ ಮನಸುಗಳಲೀ ಜಾತಿ ಹ್ಹಾಗೆ ಎದೆ ಸರ್  ಅದಕೆ    education important Sir,0
shena jati  ge sarakar daware sawalatu kudabeku badawarige sariyagi education    shigataila badawara makalu government school hogutare shirimantara makalu private school hogutare idhakhe jhati samasha,0
ಇವಳು ಎಲ್ಲೋ ಸಾಬಿಗೆ ಹುಟ್ಟಿರಬೇಕು,1
Caste certificate kodtirore government avru so common people castisium maddre tappenu,0
Niv svlp over agi helta idira sir innu school galige hogi nodi kannada dalle baridi dare mat yalla school gala alli hindu Muslim kudi kalita idare nim hantav avr jati vadi galinda mugd mans galalli nu jati bedha barta ide plz nam nam alli jagal hachi maza togo bedi,1
"Financial Sound ಇದ್ರೆ ಯಾವ ಜಾತಿ ಅಡ್ಡಬರಲ್ಲ.  ಹೆಣ್ಣು ಅಸ್ತಿ & ಅಧಿಕಾರ ಯನ್ನು ಹಿಂಬಾಲಿಸುತ್ತದೆ.
IAS ಪಾಸಾಗಿ ನೌಕರಿ ಹಿಡಿ ಎಲ್ಲಾ ಜಾತಿಯ ಹೆಣ್ಣು ವಿವಾಹ ಆಗುತ್ತಾರೆ.
ಜಾತಿ ಹಣ, ಶಿಸ್ತು, ಅಧಿಕಾರವನ್ನು ಅವಲಂಬಿಸಿದೆ ಅಷ್ಟೇ",0
"ಜಾತಿ ಯಾವುದೇ ಆಗಿರಲಿ ಮಹಿಳೆಯರು ಉತ್ತಮ ಶಿಕ್ಷಣ ,ಹುದ್ದೆಯಲ್ಲಿ ಇರಲು ಕಾರಣ Dr. B R ಅಂಬೇಡ್ಕರ್ ಅಂತಾನೆ ಹೇಳಬೇಕು .",0
ಯಾವ ಹಿಂದೂ ಗಂಡು ಹುಡುಗರು ಹಿಂದೂ ಶಾಲೆಗಳಿಗೆ ಹೋಗಬೇಕಾದರೆ  ಕೇಶರಿ‌ ಶಾಲು  ಹಾಕಿ ಆದರೆ ನಮ್ಮ ಹಿಂದೂ ಹೆಣ್ಣು ಮಕ್ಕಳು ಬಿಟ್ಟು ಬಿಡಿ ನಮ್ಮ ಹೆಣ್ಣು ಮಕ್ಕಳು ಮನೆಯಲ್ಲಿ ಇರಲಿ ನನ್ನ ಹಿಂದೂ ಸಹೋದರರು ಕಾಲೇಜಿಗೆ ಬೆತ್ತಲೆ ಹೋಗಿ  ನಮ್ಮ ಹಿಂದೂಗಳ ಕಾಲೇಜುಗಳಿಗೆ ಹೋಗಿ,1
ಜೈ ಶ್ರೀ ರಾಮ್,0
ಜೈ ಶ್ರೀ ರಾಮ್,0
"​ @ShankarHara-q9t  ಲೇ... ಶೂದ್ರ ಹೊಡೀದಿರುವುದು ಅಲ್ಲ, ನಾನು ಕಟಿಂಗ್ ಮಾಡಲ್ಲ, ನನ್ನ ಅಂಗಡಿ, ನನ್ನ ಇಷ್ಟ ಅನ್ನೋಕ್ಕೆ ಸಾರ್ವಜನಿಕವಾಗಿ ಇರುವ ಅಂಗಡಿ ವ್ಯಕ್ತಿ ಹೇಳೋಕ್ಕೆ ಬರಲ್ಲ ಅದೇ ದೊಡ್ಡ ತಪ್ಪು. ಅದು ದಲಿತರ ಹಕ್ಕು, ಮಾನಹಾನಿ ಪಬ್ಲಿಕ್ ಮುಂದೆ ಅದಕ್ಕೆ ಕೇಸ್ ಮಾಡಿದ್ದು ದಲಿತರ ಹಕ್ಕು ಪಡೆಯಲು. ಇವರು ಕೇಸ್ ಮಾಡಿದ ಮೇಲೆ ಏನು ಮಾಡಿದ್ರು ಮನೆಗೆ ಬೆಂಕಿ ಹಚ್ಚಿದ್ರಿ ಅದಕ್ಕೆ ಜಗತ್ತಿಗೆ ಗೊತ್ತಾಗಿ ಈಗ ಅನುಭವಿಸುತ್ತಿರುವುದು.
ಮಾಡಿದ್ದೂ ಉಣ್ಣು ಮಾರಾಯ 
ಕರ್ಮ ರಿಟನ್ಸ್ ಅಷ್ಟೇ.",1
Ettu daari tappi  hogtide .... Eno tumbi bandide   annisutte 😂😂,0
"ಜಾತಿಯ ಮಿಸಲು ಇರುವವರೆಗೆ, ಜಾತಿ ಇರುತ್ತದೆ. ಅದರಿಂದ ಆಚೆ ಬನ್ನಿ. ಅವರು ಉದ್ದಾರ ಆಗುತ್ತಾರೆ.",0
ಜಾತಿ ನ ತೋಳಗಿಸಲು ಒಂದೇ ದಾರಿ ಮುಂಬರುವ ಮಕ್ಕಳನ್ನ Educate ಮಾಡ್ಬೇಕ್ ಅಷ್ಟೇ,0
ದರಿದ್ರ ಮುಂಡೇವಾ ಖಾಂಗಿ ಸರಕಾರ ಇದ್ದಾಗ ಎಷ್ಟೇ ದಾಳಿ ಆದರೂ ನಿಮ್ಮ ಯೋಗ್ಯತೆಗೆ ಪ್ರತಿ ದಾಳಿ ಮಾಡಲಿಲ್ಲ. ಮಾನಗೆಟ್ಟ ಖಾಂಗಿಗಳು ನಾಚಿಕೆ ಅನ್ನೋದೇ ಇಲ್ಲವಾ ನಿಮಗೆ.,1
"ಅಲ್ಲಪ್ಪ ಸಳ್ಳುಬೇಳೆ, ಮೋದಿಜಿಗೆ ಹೆಳಿ ಕಾನೂನು ತಿದ್ದುಪಡಿ ಮಾಡ್ಸಿ.. ಬರಿ ಬೆಂಕಿ ಹಚ್ಚು ಕೆಲಸ ಮಾಡ್ತೀಯ",1
Chakra hi maat tho nimma 3 full ge muslim front speech maadi dum hidre,1
ಎಲ್ಲ ದಲಿತರು ಈಗ 2 ಗುಂಪುಗಳಾಗಿ ಒಡೆದು ಹೋಗಿದ್ದಾರೆ ಸರ್ ಒಬ್ಬರು ಬಿಜೆಪಿ ಪರ ಮತ್ತೊಬರು ಕಾಂಗ್ರೆಸ್ ಪರ,0
"ಹೆಣ್ಣು ಮಕ್ಕಳ ನಗ್ನ ವಿಡಿಯೋ ಮಾಡಿರೋನು ಹಿಂದೂ ಪಕ್ಷದ 
ಎಂ.ಎಲ್.ಎ ... ಮುನಿ ತುಲ್ಲಾ 
ನೀನು ಶಂಡ ಪ್ರತಾಪ.😂",1
ನೀನೇ ಮಾಡಿ ಹಾಕು ಮೊದಲು ನಂತರ ಬೇರೆಯವರನ್ನ ಕರೆಸು,1
Ambedkar Avra name anu yallaru hogbeku hage avrge esta banda hage upayoga madthidare history yalla gothide ambedkar avr helida samaya sandharba bere egina 2022 sandharba ne bere don't miss use ambedkar  and don't miss gide madbedri,0
Neev hinge ankonde nam desha halagtha irodu. Ella vishya nu mukhyane,0
Eli yaru dodvaru ella india first. Indian law first. So idiot people what government say first fallow eli yara samanu dodadalla,0
Saabrige huttirabeku soolemagane neenu,1
Dana sikkirodu . Government inda alla yatnal .. awara jana kodadu alwa ? Nam janakke government kodtaite alwa ? Matha anta .. patanjali baba 😂😂😂😂 koti koti 😂😂😂 ayyo nityananda Desha katkonda 😂😂😂 yarappana aasti ?  Hindu Muslim bitti.  Gandasagi . Satya nyaya matadu . Dharma yawudu kettadu heli kodalla ? Devaru wabbane ... Swaroopagalannu nambi namma jana halagiradu ... Wabbane anta veda Upanishad yallarallu ide . Adikke brahamanwadi Sasyahari 🐺🐺🐾🐺 galu . Namage veda Upanishad vodakke bidalla . Ramayana Mahabharata geeta . Ashte 😂😂😂 chi thu doora dont touch . . Rss brahamanwadi Sasyahari 🐺🐺🐺🐾 gala aata gottagatte .,0
Sik. Samodydavro. Armi. Nevi. Yerpors. Aldralo. Pgdi. Haktare. Anmdtera,1
"E Nayee yatnal , ge Muslim Mandi Hel tinnu Mata samadhana aagalla, Yale,,, yattya neenu manushya le Handi alla, ok  hel Heltinnodu  beedu le egaladru  manushya  aagu le Handee aagbeda le  
Ninna mukha pyaralises aagta ede le sudharsu innu samaya ede Ella Andre, ninna Helu nine Tintee ok",1
100% True brother we are INDIANS that's it And Bavya Bharathambeya makkalada Navella Kuvempu avara  Vishwamanavaraguvatta drustikonavanadatta gamana harisidare nijavagiyu ee mannalli huttiddajkke sarthaka emba bavane muduvudara jotege Bharathambeya runavannu teeridante emudu Nanna Swchhavada Bavane.,0
ವಕ್ಫ್ ೪೭ ರಿಂದ ದೇಶ ವಿಭಾಗ ಆದಾಗ ಮುಸ್ಲಿಂ ಬಿಟ್ಟು ಹೋದ. ಆಸ್ತಿ ಇಲ್ಲಿನ ಮುಸ್ಲಿಮದು ಇವರಿಗೆ ನಕಲಿ ಗಾಂಧಿ ಗಳು ಇವರಿಗೆ ಬೇರೆ ಕೋರ್ಟ್ ಇವರೇ ಜಡ್ಜ್ ಗಳು ಎಂತಹ ಭಯಂಕರ ವ್ಯವಹಾರ ದೇಶದಲ್ಲಿ ನಾಚಿಕೆ ಕೇಡು,0
"Jai Bheem 

Olleya theerpu ethichege thumba jaasthi agive dalithara mele halle galategalu edu ondu paata",0
ಇಲ್ಲಿ ಚಪ್ಪಾಳೆ ಮತ್ತೆ 500ರೂಪಾಯಿ ತೆಗೆದು ಕೊಂಡು ಮತ್ತೆ ಕಾಂಗ್ರೆಸ್ ಗೆ ಓಟ್,1
Ninna taleli segni tubidya,1
1st class,1
"ಅಶುದ್ದ ಮನಸಿನವರು ಬದಲಾಗಲಿ
ಸಮರ್ತಿಸಿಕೊಳ್ಳುವವರು ನಾಶವಾಗಲಿ",0
"ಸರಳ ಹಾಗೂ ಸತ್ವ ಸಂಪನ್ನತೆ ಯಿಂದ ಕೂಡಿದ ವಿಷಯ ಪ್ರಸ್ತುತಿ. ಎಲ್ಲರೂ ಅಹುದು, ಎನ್ನಲೇ ಬೇಕೆಂದು ಮನಕ್ಕೆ ಒಪ್ಪುವ ವಿಚಾರಧಾರೆ. ನಿಮ್ಮ ಮಾತಿನ ಧಾಟಿ ಅದ್ಭುತ. ಧನ್ಯವಾದಗಳು",0
Neenu Dodda  komuvaady magne ninnanna modalu pakisthanakke kaluhisabeku pepar,1
ಅಮರ್ ಸರ್ ಭಾರತ ದ ದೊಡ್ಡ ಪಿಡುಗು ಜಾತಿ ಈ ಜಾತಿ ಪಿಡುಗನ್ನು ಹೋಗಲಾಡಿಸಲು ಬಸವಣ್ಣನವರಾದಿಯಾಗಿ ಹಲವಾರು ಮಹಾ ಪುರುಷರು ಬಹಳ ಶ್ರಮ ಪಟ್ಟರು ಅವರ ವಿಚಾರಗಳನ್ನ ಬದಿಗಿಟ್ಟು ಮಾನವರು ಮೇಲು ಕೀಳು ಎಂಬ ವೆವಸ್ಥೆ ಯನ್ನ ಮುಂದುವರಿಸುತ್ತಾ ಬಂದಿದ್ದಾರೆ ಇದು ಕೊನೆ ಗೊಳ್ಳಲು ಮೇಲ್ಜಾತಿ ಜನರ ಮಸಲ್ಲಿ ಸಮಾನತೆ ಮೂಡಬೇಕಿದೆ ಬಸವ ಕನಕ ಪುರಂದರ ರಮಣಶ್ರೀ ಗಳ ಪುಸ್ತಕಗಳನ್ನ ಓದಬೇಕು ಶಾಲೆಗಳಲ್ಲಿ ಸಮಾನತೆ ಬಗ್ಗೆ ಪುಸ್ತಕ ತೆರೆಯಬೇಕು ಆಗ ಮಾತ್ರ ಇದಕ್ಕೊಂದು ಅಂತ್ಯ ಸಿಗಬಹುದು,0
12 years aythu kendra sarkara enu hairide adu bhogalu,0
ನಮ್ಮ ಭಾರತೀಯ ಜನಾ ಹುಚ್ಚರು ರಿ ಯಾರೋ ಹೊರಗಿನ ದೇಶದ ವನ ಹೇಳಿದು ನಂಬುತರ ಅವರ history ಅವರಿಗೆ ಗೊತ್ತಿಲ😂😂😂😂😂,1
ಇಂಡಿಯ. ಬಿಟ್ಟು ಬೇರೆ ಯಾವ ದೇಶದಲ್ಲಿ ಇತರ ಜಾತಿ ವ್ಯವಸ್ಥೆ ಇಲ್ಲ ಅನ್ಕೊಂತೀನಿ,0
Pakistan yen shata teriyoke kottirodu nimge.. Papigalige Pakistan kottaytu,1
ಇದೆ ತರಾ ಎಲ್ಲಾ ಜಾತಿನೂ ತಗದ ಹಾಕಿ ಬಿಡಿ ಆಗ ಎಲ್ಲರು ಒಂದ ಅಕ್ಕಾರಾ  ಮಿಸಲಾತಿ ಬೆಕು  ಜಾತಿ ಬೆಡ್  👍👍,0
ಚಕ್ರವರ್ತಿ ಸೂಲಿಬೆಲೆಯವರೇ ನೀವು ಬರೀ ಜನರಿಗೆ ಹೇಳುವುದಲ್ಲ ನಿಮ್ಮ BJP  ಎಂಎಲ್ಎ ಎಂಪಿ ಗಳಿಗೂ      ನಾಚಿಕೆಯಾಗಿ ಅವರು ಮನೆಗೆ ಹೋಗಿ ನೇಣು ಹಾಕಿ ಆತ್ಮಹತ್ಯೆ ಮಾಡಿಕೊಳ್ಳುವಂತೆ ಹೇಳಬೇಕು ಆ ಬೋಸುಡಿ ಮಕ್ಕಳಿಗೆ.... ಏಕೆಂದರೆ ಇಷ್ಟೆಲ್ಲಾ ಆದರೂ ನೋಡಿಕೊಂಡು ಸುಮ್ಮನಿದ್ದಾರಲ್ಲ ಅದಕ್ಕೆ,1
 @boregowda7343  nin ammun tikaa dengtine nin ammun chout dalle dengaa nin tangea chout nanu dengtine always👙👙👙👙👙,1
Vote hakidavaru tilkolli baggi nillri mullan munde hadasri kachda congress ge vote hakidavaru,1
Secular country antane bardavre. Nio miss madkodidira sir correct aagi nodi,1
ಬೆಂಗಳೂರಿನಲ್ಲಿ ಜಾತಿ ಇಲ್ಲ ಅಂತ ಹೇಳಿದಿರಿ ಆದ್ರೆ ದಲಿತರು ಅಂದ್ರೆ ಬಾಡಿಗೆಗೆ ಮನೆ ಕೊಡುವುದಿಲ್ಲ ಅವರು ಎಷ್ಟೇ ವಿದ್ಯಾವಂತ ಆಗಿದ್ದರೂ ಮನ್ನಣೆಯೇ ಇಲ್ಲ ಈ ಕಷ್ಟ ಅನುಭವಿಸದವರಿಗೇ ಗೊತ್ತು ಒಂದು ವೇಳೆ ಸುಳ್ಳು ಹೇಳಿ ಸೇರಿಕೊಂಡರೆ ಜಾತಿ ತಿಳಿದ ದಿನವೇ ಮನೆ ಖಾಲಿ ಮಾಡಿಸುತಾರೆ ಇದು ನಮ್ಮ ನಾಡಿನ ದುರಂತ,1
😢Soolemagane Dalitarige Neevu yenu madiddira anta helo Soolemagane😂 Dalitaru iga nenapu bandra ninage😂,0
ಹಲೋ ಸಾರ್ ಒಬ್ಬ ಅಪಘಾತ ಆಗಿ ಸಾಯ್ತಾ ಇದ್ದಾಗ ಅವನಿಗೆ ರಕ್ತ ಬೇಕು ಅಂದಾಗ ಕೇಳೋದು ರಕ್ತ ಅಷ್ಟೆ ಆ ರಕ್ತ ಜಾತಿ ಅಲ್ಲ ನಮ್ಮಲ್ಲಿ ಹರಿಯುವ ರಕ್ತಕ್ಕೆ ಜಾತಿ ಇಲ್ಲಾ ಅಂದಮೇಲೆ ನಮಗೆ ಯಾಕೆ ಜಾತಿ ಬೇಕು ಸಾರ್ ❤❤❤❤,0
Very nice rendering ನೀವು ಕೊನೆಯಲ್ಲಿ ಹೇಳಿದ ವಿಚಾರ ಪಾಲಿಸಿದರೆ 50% ಜಾತಿ ಪದ್ಧತಿ ತೊಡೆದಂತೆ very very true,0
ಲೇ ಮೆಂಟಲ್,1
"ಪ್ರತಾಪ್ ಸಿಂಹ ಅವ್ರೆ nimge ಹಿಂದೂಗಳ  ಮೇಲೆ, ದೇಶದ ಬಗ್ಗೆ ಇರೋ ಕಾಳಜಿಗೆ ನನ್ನ... 🙏",0
What about D boss case,1
2014 ರಲ್ಲಿ ಯುದ್ಧ ಆಗಿದೆಯಾ ನಿಮಗೆ social ಗೊತ್ತಿಲ್ವ,1
ಶ್ರೀಮಂತಿಕೆಯನ್ನು ಬೆಂಬಲಿಸಲು ಮತ್ತು ತಾನು ಮೆರೆಯಬೇಕು ಎಂಬ ಒಂದೇ ಕಾರಣಕ್ಕೆ ಜಾತಿಯನ್ನು ಪ್ರೋತ್ಸಾಹಿಸಲಾಗುತ್ತದೆ.ಜಾತಿ ಪದ್ಧತಿ ಮುಂದಿನ ದಿನಗಳಲ್ಲಿ ದೇಶವನ್ನು ಹೋಳು ಮಾಡುವ ಮತ್ತು ಭಾರತವನ್ನು ಒಡೆಯುವ ಎಲ್ಲಾ ಲಕ್ಷಣಗಳಿವೆ.,0
Electoin iddaga matanadavadu tappalla lofar neenu obba wasteless man,1
​ @KumarGA-cu2fz     guru gov jati annodanne tagedbidabeku.,0
Parvagilla Simhanu…. Ambedkar avarannu nenapisi koltane…..jai bheem….,0
ಸೂಪರ್ ಸರ್ ❤,0
Sir. Nawu.. Neewu. Ellsru. Jati. Bittu. Hindu. Embudondsne. Hidiyons,0
ಜೈ ಶ್ರೀ ರಾಮ್ ಬಿಜೆಪಿ ಸರ್ಕಾರ ಚೆನ್ನಾಗಿದೆ,0
ಅಂದರೆ ಹಿಂದೂ ವಿದ್ಯರ್ಥಿಗಳು ಸಿಸ್ತಿನಿಂದ ಇಲ್ಲವೇ,0
Bangalore Gunda auto driver's gali idde punishment Kodi...... Group group Alli attack madthare.,1
Yes​ @Rajvardhan0108 ,0
EDU MAATU ANDRE,0
ಇದೇ ತರ ತೀರ್ಪು ಮಾನ್ಯ ಶಾಸಕರಾಗಿರುವ ಮುನಿರತ್ನ ಅವರಿಗೂ ಕೋರ್ಟು  ತೀರ್ಪು ನೀಡಿದರೆ ಒಳ್ಳೆಯದು ಇಲ್ಲ ಅಂದ್ರೆ ಬಡವರಿಗೊಂದು ನ್ಯಾಯ ಶ್ರೀಮಂತರಿಗೆ ಒಂದು ನ್ಯಾಯ ಅನ್ನೋದು ಮತ್ತೆ ಪ್ರೂವ್ ಆಗುತ್ತೆ,0
ಈ ಹುಚ್ಚು ಸೂಳೆ ಮಕ್ಕಳಿಗೆ ಕನ್ನಡ ಬರೋದಿಲ್ಲಾ ಇವರನ್ನು ಯಾಕೆ ಕರಿಸಿದಿರಿ ಬೋಸಡಿ ಮಕ್ಕಳ ನಾ.,1
"ಈ ಸುದ್ದಿ ನಿಜವೇ ಆದಲ್ಲಿ  ದೇಶದಲ್ಲಿ ಜಾತಿ ನಿರ್ಮೂಲನೆ ಮಾಡಿದರೆ ನಾನು ಅಂತ ಪಕ್ಷಕ್ಕೆ ಜೀವನ ಪೂರ್ತಿ ಸ್ವಂತ ಹಣದಿಂದ ಪ್ರಚಾರ ಮಾಡುತ್ತೇನೆ.
  ಜಾತಿ, ಜಾತಿ ಅನ್ನೋ ಕಾರಣ ನನ್ನ ಜೀವಮಾನದಲ್ಲಿ ನೊಂದವನು ಕನಸುಗಳು ನುಚ್ಚು ನೂರಾಗಿದೆ. ನನ್ನಂತ ಕೋಟಿ ಕೋಟಿ ಜನರು  ಅರ್ಹತೆ ಇದ್ದರೂ ಜಾತಿಕಾರಣ ದಿಂದ ಜೀವನ ಸಾಕಾಗಿದೆ..
  ಪ್ರತಿಯೊಬ್ಬರಿಗೂ ಅವರ ವಿಧ್ಯೆ, ಸಾಮರ್ಥ್ಯ ಅರ್ಹತೆ,ನೈಪುಣ್ಯತೆ, ಶ್ರಮ,ಬದ್ಧತೆಯ ಮೇಲೆ ಅವಕಾಶಗಳು ಸಿಗಬೇಕು.
  ಜಾತಿಬಲ ಇದೆ ಅನ್ನೋ ಕಾರಣಕ್ಕೆ ಸ್ವಾಮೀಜಗಳು ರಾಜಕಾರಣಿಗಳು &  ಹಿಂಬಾಲಕರು ದೇಶದ ತೆರಿಗೆ ದಾರರ ಸಂಪನ್ಮೂಲಗಳನ್ನು ಪುಕ್ಕಟೆ ಸೇವೆ ಹೆಸರಲ್ಲಿ ಲಪಟಾಯಿಸಿ ಅನುಭವಿಸುತ್ತಿದ್ದಾರೆ.

 ಇಂತಹ ಸ್ವಾರ್ಥ ರಾಜಕೀಯ ಪಕ್ಷಗಳು ಇರುವಾಗ  ಜಾತಿ ಇಲ್ಲದ ಸಮಾಜ ನಿರ್ಮಾಣ ಸಾಧ್ಯವೇ? ಒಂದು ವೇಳೆ ಹಾಗಾದರೆ ಅದು ರಾಮರಾಜ್ಯಕ್ಕೆ ಸಮನಾದದ್ದು..
ದೇಶದ ಸಮಗ್ರ ಅಭಿವೃದ್ಧಿ ಆಗಬೇಕ? ಹಾಗಾದ್ರೆ ಜಾತಿ ಅನ್ನೋ ರಕ್ತ ಬೀಜಾಸುರ ನಾಶ ಆಗಲೇಬೇಕು ಆಗ ಮಾತ್ರ ವಿಶ್ವದಲ್ಲಿ ನನ್ನ ಭಾರತ ಸೂಪರ್ ಪವರ್ ಆಗುತ್ತೆ.
ಧಾರ್ಮಿಕ ನಂಬಿಕೆ ಆಚರಣೆಗೆ ಜಾತಿ ಬೇಕೇ ಬೇಕು ಎನ್ನುವವರು ಅವರವರ ಮನೆಯಲ್ಲಿ ಆಚರಣೆ ಬೇಕಾದ್ರೆ ಮಾಡಿಕೊಳ್ಳಲಿ..",1
"nyayadeesharu nyayane helthare, anyaya nadiyodu raajakaraigalinda",0
ಜಾತಿ ವ್ಯವಸ್ಥೆ ನಿಜವಾದ ಮನುಷ್ಯನ ಮನೊರೊಗ..... ಇದನ್ನ  ಹಳಿಸಿಹಾಕಲು ಭಲವಾದ ಕಾನೂನು ತರಬೇಕು,0
"E jaathi vyavasthe yanna nirmulane madalu pragnavantharinda kraanthi aagbeku, a kraanthi yav thara irbeku andhre
jaathi anno padana naavu upayogisale bardhu, manushyrna manushyarannagaste nododhu, Politicians na sadhyavastu jaathi dharma da anusaaravagi aayke mado badlu pragathi para horado vyakthina nimma nimma grama dindha ayke maadi  ella sari agutte,
Mundondu dina namma mundina peelige janara  ""Birth Certificate"" alli Just Indian antha idhre saaku, 
Snehithare ee jaathi vyavaste indha nov anubhavisidhavrge gottu a kasta, sadhyavadastu e vyavaste dooravadre, naavu uttama samajadalli jeevisbahudhu, ondhanthu helthini nam e kittogiro political leaders iro thanka a vyavasthe na nirmulane madodu kasta so e kraanthi uttama praje  galindhane shuruvagli.
Thank you AMAR PRASAD SIR, Hats of to you..",0
Swamy nanobba okkaliga namma hiriyaru helikondu bandhidhare adre namma nimmalli badhalisikondre saladhu namma kanoon nali badhalagbeku sreemanthavargadhali badhagbeku navu nivu bidi melvarga anniskolloralli bhadhalagbeku.  Nija aglu brahmanaralli lingayitha maththu  okkaliga e muraralli badhaladhre .adhrallu sreemantha vargadhalli bhadhalagbeku ulidella badavaralli atomitic badhalaguththe sir.maththe sarkara yavude kelasakke hodhru niiv ya va jathi endhu kelabharadhu adhanna modhlu nillisidhre Ella sarihogbhahudhu.sir.,0
Allah  obbane  devaru antha  Dina 5 sari helidaru daddarige gottagodilla.,1
ಸರ್ ಬೇರೆ ದೇಶಗಳಲ್ಲಿ ಮೇಲು ಕೀಳು ಇಲ್ವಾ,0
Mangantull evanu,1
Avantra avana appa yaru anta keli  sule belege  gotilla,1
ಈ ಭವ್ಯ ಮತ್ತು ರಝಕ್ ಸೂಳೇ ಮಕ್ಕಳು,1
"ದಲಿತರು ಪಾಕಿಸ್ತಾನ ದಾಗ್ ಇದ್ದಾರಾ? ಕೊಲ್ಲಿದ್ದಾರೆ. ಅಂಬೇಡ್ಕರ್ ಜಿ ಅವರಿಗೆ ಭಾರತ ರತ್ನ ಸತ್ತರು ಕೊಡಲಿಲ್ಲ ಕಾಂಗ್ರೆಸ್. ಬಿಜೆಪಿ ಸಮ್ಮಿಶ್ರ ಸರಕಾರ ಇದ್ದಾಗ ಕೊಟ್ಟರು. ಸಂದೇಶ ಖಾಲಿ ಯಲ್ಲಿ ದಲಿತರ ಸುಂದರ ಹುಡುಗಿಯರಿಗೆ ಸೆಕ್ಸ್ ೪ ವರುಷದಿಂದ ಮಡತಿದ್ದ ಟಿ ಕಾಂಗ್ರೆಸ್ ಮುಖಂಡನಿಗೆ ಸಿಬಿಐ ತನಿಖೆಗೆ ಮಾಡಿ ಜೈಲಿಗೆ ಕಳಿಸಿದರು ಮೋದಿಜಿ.ದಲಿತ ಅಗ್ರ ಮುಖಂಡ ಮಲ್ಲಿಕಾರ್ಜುನ್ ಖರ್ಗೆ,೫೫೦೦೦ ಕೋಟಿ  ಮಾಲಕ ನಿಗೇ ಮೀಡಿಯಾ ಕೇಳಿದರೆ "" ಆ ಈ ಸೆ ಟೂ ಹೋ ತೇ ರ ಹ ತಾ ಹೈ"" ಅಂತಾನ ದಲಿತರೇ,ಎಚ್ಚೆತ್ತು ಕೊಳ್ಳಿ.",1
"ಸರ್ ಸರ್ಕಾರನೇ ಜಾತಿ ವ್ಯವಸ್ಥೆ ಮಾಡ್ತಾಯಿದೆ ..BCM ,SC ,ST ,Minority ಅಂತ ಸಪರೇಟ್ ಮಾಡ್ತಾರೆ ,,ಮತ್ತೆ ಅವರೇ ಜಾತ್ಯತೀತ ಅಂಥ ಹೇಳ್ತಾರೆ 😢 ...
Electionಗೆ reservation ok ಸರ್ .ಆದ್ರೆ educationನಲ್ಲಿ ಮಾಡ್ತಾರೆ ,,
ಇದು ನಮ್ಮ ದುರ್ಬಾಗ್ಯ 😶",0
Sir india da flagalli modalne banna irodu  kesari beli hasiru flag na banna nodi matte heli,0
Baba Saheb avru hige helidre namgu samana vagi hakku yake kotru helu nim matu yaru namballa idu jatyatita rashtra illi elrige samana vagi hakku ide,0
Noraru varsha galindda bittu evaga yakri  burka galbagge keltidira muslim hennu makkala manavannu kapadikolladakke erodu burka ..,1
ಭವ್ಯ ಅವರೇ ನೀನು ಈ ದೇಶದ ಅನ್ನ ತಿಂದು ನಾಳೆ ನೀನೇ ಬಾಂಬ್ ಹಾಕಿದರೆ ಮೋದಿ ಏನು ನಿನ್ನ ಹೆಣೆದ ಮೇಲೆ ಹೊಯಿಕೋ ಬೇಕು.,1
Ni yhanta nalayak suli magna wale bare hindu musalman wandey kelsa chodi magna yawab budi bartad ninag mental suli magna,1
Swamy jate collem  tegere yake yellakade jathe.keltira,0
"ನೋಡಿ ಚಕ್ರವರ್ತಿಯವರೇ ಕಾಂಗ್ರೆಸ್ ಗೆ ಓಟ್ ಹಾಕೋ ಜನ ಹಳ್ಳಿಯಲ್ಲಿ ಜಾಸ್ತಿ ಇದ್ದಾರಾ ಅಥವಾ ಪಟ್ಟಣದಲ್ಲಿ ಜಾಸ್ತಿ ಇದ್ದಾರಾ ತಿಳಿದುಕೊಂಡು ಆ ಪ್ರದೇಶದಲ್ಲಿ ಕಾಂಗ್ರೆಸ್ ಗೆ ಓಟ್ ಹಾಕೋದ್ರಿಂದ ಹಿಂದೂಗಳಿಗೆ ಯಾವ ಯಾವ ತರಹ ಎಲ್ಲೆಲ್ಲಿ ನಷ್ಟ ಹಾಗುತ್ತೆ, ಯಾವ್ಯಾವ ತರಹದ ಕಷ್ಟ -ತೊಂದರೆ ಬರುತ್ತೆ ಎಲ್ಲವನ್ನು ತಿಳಿಸಿ ಹೇಳಬೇಕು, ಪಾಠ ಮಾಡಬೇಕು. ಜನಗಳಿಗೆ ತಿಳಿವಳಿಕೆ ಇಲ್ಲದೆ ಈಗೆಲ್ಲಾ ದುಡ್ಡು ತಗೊಂಡು ಓಟ್ ಹಾಕ್ತಾರೆ. ಕಾಂಗ್ರೆಸ್ ಸಾಯದೆ ಹಿಂದೂ ಉದ್ದಾರ ಆಗೋಲ್ಲ, ಹಿಂದೂ ಉದ್ದಾರ ಆಗದೆ ಅಮೇರಿಕಾನ ಬಗ್ಗುಬಡಿಯೋಕೆ ಆಗೋಲ್ಲ. ಎದ್ದೇಳು ಹಿಂದೂ ಎದ್ದೇಳು. ಸಾವಿರದ ಐದುನೂರು ವರುಷಗಳ ಹಿಂದಿನ ಗತ ವೈಭವವನ್ನು, ಸುಖ-ಶಾಂತಿಯನ್ನು ಮತ್ತೆ ಹಿಂದೂಗಳು ಪಡೆಯುವಂತೆ ನೀ ಮಾಡು, ಭಾರತದ ಭವ್ಯ ಪರಂಪರೆಯನ್ನು ನೀ ಮೆರೆಸುವಂತೆ ಮಾಡು. ನೀ ಹಿಂದೂ ಆಗಿ ಹುಟ್ಟಿದ್ದಕ್ಕೆ ಕೇವಲ ನಿನ್ನ ಓಟನ್ನು ಸರಿಯಾದ ಹಿಂದೂ ಪಕ್ಷಕ್ಕೆ ಹಾಕಿ ನಿನ್ನ ಜನ್ಮ ಸಾರ್ಥಕ ಮಾಡಿಕೊ. ಜೈ ಲಲಿತಾ ತ್ರಿಪುರ ಸುಂದರಿ ಮಾತೆ.",0
Neenu odisee yen helthiya  dharma da jothe  education  beku   y u r doing school Pooja ?,0
Hedi odi hoda...,1
Nine dodda lofar sule maga ninu namige warning kodtiya  bosdike mugelga dam eddre baa ondu Kai nod kotini,1
ಜಾತಿಯತೆ ಹೋಗಲಾಡಿಸಲು ಮುಖ್ಯವಾಗಿ ಪ್ರಬಲವಾಗಿ ಶಿಕ್ಷಣದಲ್ಲಿರುವ ವ್ಯವಸ್ಥೆಯನ್ನು ಬದಲಾಯಿಸಬೇಕು ಯಾಕೆಂದರೆ ದಲಿತರಿಗೆ ಸಿಗುತ್ತಿರುವ ಅವಕಾಶಗಳು ಶಿಕ್ಷಣದಲ್ಲಿ ಬೇರೆಯವರಿಗೆ ಸಿಗುತ್ತಿಲ್ಲ... ❤🇮🇳,0
Sullubele chakravarty,0
ಬಿಲ್ಕಿಸ್ ಭಾನು ಗೊತ್ತೇನೋ ಲವಡೆ. ಆ ಅತ್ಯಾಚಾರ ಆರೋಪಿಗಳಿಗೆ ಸನ್ಮಾನ ಮಾಡಿ ಬಿಡಿಸಿಕೊಂಡು ಬರ್ತಾರೆ. ಅದನ್ನು ಮಾತಾಡೋ ಗಾಂಡು.,1
ಯಾವನು. ಬರದೂನೂ.ಅವನು.ಅಪೇಗ್.ಹುಟ್ಟೆಲ್ಲ,1
ಅಣ್ಣನಿಗೆ ಹಣ ಬರುತ್ತಿಲ್ಲ ಅನ್ಸುತ್ತೆ,0
ಈ ಜಾತಿ ಪಿಡುಗು ದೇಶದಿಂದ ತೊಲಗಬೇಕು ತೊಲಗಿದರೆ ದೇಶ ನೇಮ್ಮದಿಇಂದ ಇರಲು ಸಾಧ್ಯ,0
Ali Baba 139jana 420galu,1
One Of the ಬೆಸ್ಟ್ ಯೂ Tuber Sir...Hats of u❤🎉 ur Really Journalist,0
ಇತಿಹಾಸದ ಗೊತ್ತಿಲ್ಲ ಮಗ ನಿಗೆ,1
JAti jati jati aendu sahayabeda,0
"Dalithare, entha aviveki naigala bhashanakke kimathu kodabedi Bari Bundles",0
"Mata , mandira , darmika kendragalu.jathi hesaralli nadithive evau bandagabeku.",1
Ambedkar ಅವ್ರಿಗೆ ವಂದನೆಗಳು. ಗೊತ್ತಿಲ್ಲದ ವಿಷಯಗಳನ್ನು ತಿಳಿಸಿದ್ದಾರೆ ಪ್ರತಾಪ್ ಸಿಂಹ ರವರು,0
Evanobba benki ahuvavanu loper ninna sullu pungle ata nadiyalla,1
Sir modalu hindugalu dalitharige gowravakodali jathi pantha beda  navella hindugalu jai sri ram,0
Sir city lu ide sir Mane badige kelidre first kelode jaathi,0
I want to give one suggestions to Sir Basanagouda yatnal sir. Yardru sir fans iddre e message avarige torasi. Enu message  andra Basanagouda yatnal sir straight forward and honest politicians adar mat satya vannu helu takat aiti.adar obbaru Raja agbekadru ellaranu viroda kotkobardu. Raja agbeku andra ellaru naduva irabeku avarajote beribeku . Avagne nimmag jana Raja madodu.  Nivu personal agi hesaru tagondu target madbedi adu virodkka karna agutte. Go with judicial action bere statement kodarinda viroda kotkotiri horati justice sigolla nivu Raja nu agokka agalla  elludkku miti iratad .adenre aiti aitu andra Whatal nagaraj agatira,0
ninu  aste,0
Misalatina kittu bisaki 75 varusadinda  congress yake kittu bidakilla,1
ಇಸ್ಲಾಂ ಜಗತ್ತಿಗೆ ಮಾರಕ.... ಇವರಿಗೆ ಕಾಂಗ್ರೆಸ್ bucket ಗಳ Full support,1
"ಈ ಪುರೋಹಿತ ಶಾಹಿ ಗಳು ಅಸ್ಪಶ್ಯತೆ ಯನ್ನಾ ಸಮಾಜದಲ್ಲಿ ಬಿತ್ರು , ಈ ಹಿಂದುಳಿದ ವರ್ಗ್ದವು ಅದನ್ನ ಫಾಲೋ ಮಾಡಿ ಜೈಲಿಗ್ ಹೋದ್ರು... ಅಷ್ಟೇ agidd ಇಲ್ಲಿ...",0
ಕರ್ನಾಟಕದ ಮುಂದಿನ ಮುಖ್ಯಮಂತ್ರಿ ಬಸವನಗೌಡ ಯತ್ನಾಳ್ ಮುಖ್ಯಮಂತ್ರಿ ಆಗಲೇಬೇಕು ಅದು ಕರ್ನಾಟಕದ ಹಿಂದುಗಳ ಆಸೆ,0
Evnobba ayogya  devlopment bagge matadi  nam hindu jannanna yaru yen mado sadyane ella india 100% hindustan  trains accident agi yestojana saytiddare.,1
Congress kallaru,1
ಕುವೆಂಪುರವರ ವಿಶ್ವಮಾನವ ಸಂದೇಶವನ್ನು ಸೂಕ್ಷ್ಮವಾಗಿ ಮನಮುಟ್ಟುವಂತೆ ವಿವರಿಸಿದಿರಿ ನಿಮಗೆ ಧನ್ಯವಾದಗಳು.,0
Soolay makkalu evarigay dibets gay tarabedi sir time loss aagutthey,1
ಈನಿಮ್ಮ ಅದ್ಭುತ ಕಲ್ಪನೆ ಮತ್ತು ಮಾಹಿತಿ ಗೆ ಧನ್ಯವಾದಗಳು ಸರ್ ಭಾರತ ದೇಶದಲ್ಲಿ ಜಾತಿ ವ್ಯವಸ್ಥೆ ಹೋಗಬೇಕಾದರೆ ಎಲ್ಲರಿಗೂ ಸಮಾನ ಭೂಮಿ ಹಂಚಿಕೆ ಆಗಬೇಕು ಹಾಗೂ ಡಾಕ್ಟರ್ ಬಾಬಾ ಸಾಹೇಬ ಅಂಬೇಡ್ಕರ್ರ ವಿಚಾರಗಳು ತುಂಬಾ ಮಹತ್ವದ ಆಗಿವೆ,0
ಅಮರ್ ಪ್ರಸಾದ್ ಸರ್.. ಜಾತಿ ವ್ಯವಸ್ತೆಯಿಂದ ನೊಂದವರಲ್ಲಿ ನಾನು ಕೂಡ ಒಬ್ಬ...ನಮ್ಮ ಮನದ ನೋವಿಗೆ ದ್ವನಿಯಾಗಿ ಮತ್ತು ಸಮಾಜದ ಅನಿಷ್ಟ ತೆಯ ವಿರುಧ್ದ ಹೋರುಡುವುದರ ಮೂಲಕ ನನ್ನ ಪಾಲಿನ ಗುರುಗಳಾದ್ರಿ ಸರ್ ನೀವು ...ನಿಮ್ಮನ್ನು ಪಡೆದ  ಭಾರತ ಮಾತೆ ಧನ್ಯ ಸರ್ 🙏,0
ಭಾರತಲ್ಲಿ ಹುಟ್ಟುವ ಮುಂದಿನ ಪೀಳಿಗೆಗೆ ಒಳಿತಾಗಲಿ,0
Neene obba nayi,0
Neenibba neeecha Saab,1
ಜಾತಿಯ ವಿರುದ್ಧ ನಿಂತು ಹೋರಾಟ ಮಾಡಿ ಎಲ್ಲರಿಗೂ ಸಮಾನ ಹಕ್ಕು ನೀಡಿದ ವ್ಯಕ್ತಿ ಅಂದರೆ ಬಾಬಾಸಾಹೇಬ್ ಅಂಬೇಡ್ಕರ್ ರವರು ಮಾತ್ರ ಜೈಭೀಮ್ 💙✊️,0
Ellaru vandagon indugale,0
Yathnal neenu yaawa naayige huttiddu ninge zameer khan ra ondu Roma muttakku aagalla,1
Pukla Nan maga e bevarsi yatnal. Ivanige ide Mari habba munde nodi.,1
ಅಲ್ಲಾ ಅನ್ನೋ ಪದ 1200 ವರ್ಷ ಬಂದಿರೋದು ಅಲ್ಲಾ ಈ ಭೂಮಿ ನಿರ್ಮಾಣ ಯಾವಾಗ ಆಯಿತೋ ಆಗಿಂದ ಇರೋದು ಇತಿಹಾಸ ತಿಳ್ಕೋ ಅಯೋಗ್ಯ,0
Dayavittu navu manushyaraggi balidaga mathra samanathe and shanti jeevana namadagutadde 🙏 jathijwalle suttuhakabeku no caste india 🇮🇳🙏 agabekhadarre jana gamanaharisabeku,0
Next cm aadre nam adrusta sir neevu❤,0
"Correctagi yochne madi namdu batarthadesha, andre ella kula,,matha,, onde,,ellargu swatantra ide,,,  elru onde anta bavne nim mansanalli illaa,,,",0
"Segani sariso kelsa beda modalu etihasa tilko magane !?go hatte antiya Yogi kelu adarinda labha yestide anta ?ati hechu go hatte aagode Yogi odetanadalli,samante erali yallarallu Jana nayaka danagala Tara matu aadbeda!!?ninu mp aagidde modi hawadalli ninna yogyatege g m aagalla ninu",1
Navu nijavada hindugalu jai yatnal sir,0
Lho suli bele idu nin appandh...sumne bild up beda nin yogathe ghoothu kano,1
Ninna amman tulli,1
Hopeless yatnal evenu musalman hindu berri eidr evendu,0
Realy real kuruba siddu jai Annaramayaa🎉,0
"Nodro,,next time muttovaga yochane madi mutti",0
ನಿಜವಾಗ್ಲೂ ತಪ್ಪುಮಾಡಿಬಿಟ್ಟಿದಿವಿ😢,0
ಬಡಿಗೇರಾ ಥೂ ನಿನ್ನ ಮುಖಕ್ಕೆ ನೀನು ಹಿಂದೂ ಮುಖಂಡನೋ ಪತ್ರಕರ್ತನೋ ಟೆಸ್ಟ್ ಮಾಡ್ಸಿಕೊಳ್ಳೋ,1
"ಬ್ರಾಹ್ಮಣಃ ಕ್ಷತ್ರಿಯೋ ವೈಶ್ಯಃ ತ್ರಯೋ ವರ್ಣಾ ಧ್ವಿಜಾತಯಃ ಚತುರ್ಥ ಏಕ ಜಾತಿಃ ತು ಶೂದ್ರೋ ನಾಸ್ತಿ ತು ಪಂಚಮಃ
ಬ್ರಾಹ್ಮಣ ಕ್ಷತ್ರಿಯ ವೈಶ್ಯ ಇವರು ಧ್ವಿಜಾತಿಗಳು ಉಳಿದೆಲ್ಲವರು ಶೂದ್ರರು ಏಕ ಜಾತಿಗಳು ಪಂಚಮ ಎಂಬುದು ಇಲ್ಲ",0
ಇವನು ದೊಡ್ಡ ಮನುವಾದಿ ಸುಳ್ಳು ಹೇಳ್ತಾನೆ ಸಾರ್.,0
Bad comments ಆಕೊ ಮುಂಚೆ ಅವ್ರು ಏನ್ ಹೇಳ್ತಾರೆ ಅಂತ ಸ್ವಲ್ಪ ತಾಳ್ಮೆ ಇಂದ ಕೇಳಿ,0
ಸತ್ತಿಗೋ ಯತ್ನಳ್ ನಿನ್ ಬಹಳ ದಿನ ಬದಕಲ್ಲ 1 ವರ್ಷ ಅಷ್ಟೇ,1
ಅಣ್ಣ ಬುಲೆಟ್ ಟ್ರೈನ್ ಇನ್ನು ಬಂದಿಲ್ಲ 😢,0
First make matrimonial relationship with SC St lower caste korcha.mochi etc. yatnal using hindutva only for votes making fool to the public,1
Jai yatnal Jai BJP 🔥🔥🔥🚩,0
Andhbhakt iddavre support madtare bochhal bayi yatnal ge,1
You is it 😂,0
Obevarsi da😅,1
Baddimaga paper simha ivanu,1
ಚೂಲ್ ಬೇಲಿ 😂😂😂,0
ಯತ್ನಾಳ ನಾಯಿ,1
ನಾವು ಹಿಂದುಗಳು ...ನಮಗೆ ವೇದಗಳ   ರಾಮ ಕೃಷ್ಣ ಇವರ ದಯೆ ಸಾಕು......ಅಲ್ಲನ ದಯೆ ಬೇಕಿಲ್ಲ,1
ಜೈ ಸನಾತನ ಧರ್ಮ,0
"ನಿನ್ನ ಹೆಂಡತಿ ಯಾರ ಮಗ್ಗುಲು makkandalu ಅಂತ ನಿನಗ ಗೊತ್ತಾ yatnal, ಬೇರೆಯವರಿಗೆ ಹೀಗೆ annabaradu ನಿನ್ನ ಹೆಂಡತಿ ನಿನ್ನ maggalu ಮಲಗಿದ್ದಳೋ ಇಲ್ಲ ನಿನಗೆ ಗೊತ್ತಿಲ್ಲ",1
Idu journalism alve alla idu ekkada idu,0
"ಅವರ ಮಗ ಯಾವ ವಿದೇಶದಲ್ಲಿ ಇಲ್ಲ. ಅಲ್ಲೇ ಸ್ಟೇಜ್ ಮೇಲೆ ಮೈಕೆಪೋದ್ ಹಿಂದೆ ಕೂತಿದಾನೆ.

ಹಾಗೆ ಒಂದ್ ಸಲ ಸಾಬ್ರ್ 40-50% ಜನಸಂಖ್ಯೆ ದಾಟಿದ ಮೇಲೆ ಅರ್ಥ ಆಗುತ್ತೆ ಪ್ರಜಾಪ್ರಭುತ್ವ ಅಂದ್ರೆ ಏನು ಅಂತ. ನಿನ್ನ ಹಂತ ಕುರುಡ ಹಿಂದುಗಳ ಕಣ್ಣು ತೆರೆಯೋದಿಲ್ಲ ಬಿಡು. ಶಿವಾಜಿ ಮಹಾರಾಜರಂತವರು ಅವರ ಜೀವನ ಹಿಂದು ಗಳಿಗಾಗಿ ಹೋರಾಟ ಮಾಡಿದಕ್ಕೆ ಇವತ್ತು ನಿನ್ಒಬ್ಬ ಹಿಂದೂ.. ಇಲ್ಲದ್ದರೆ ನೀನೊಬ್ಬ ಅಬ್ದುಲ್ ಫಿರೋಜ್ ಆಗ್ತಿದ್ದೆ.",0
Allai sulibele manuswata  ediya,0
ಗುರು ಹಾಯ್ ಮ**** ಯಾಕೆ ಕರ್ಕಬಂದ್ ಕೂರ್ಸಿದ್ದೀರಾ ಕಾಂಗ್ರೆಸ್ ಕರ್ತವರ್ತಿ ಅಂತ,1
Nimmun tul yatnal komuwadi randi magne,1
"ನಾವು ಎಳೆಯರು, ನಾವು ಗೆಳೆಯರು
 ಹೃದಯ ಹೂವಿನ ಹಂದರ.
ನಾಳೆ ನಾವೇ ನಾಡ ಹಿರಿಯರು ನಮ್ಮ ಕನಸದು ಸುಂದರ, ಹಿಂದೂ ಮುಸ್ಲಿಂ ಕ್ರೈಸ್ತರಿಗೆ ಎಲ್ಲಾ ಭಾರತ ಒಂದೇ ಮಂದಿರ, ಸಾಮಾಜಿಕ ಚಿಂತನೆಗಳ ನಮ್ಮ ದಾರಿ,ಸೌಹಾರ್ದತೆ ನಮ್ಮ ಗುರಿ ಶಾಂತಿ ಪ್ರೀತಿ ಸಾಮರಸ್ಯ ಐಕ್ಯತೆ ನಮ್ಮ ಧ್ಯೇಯ ಮಂತ್ರ.... 🇮🇳
ಒಂದೇ ಮಾತರಂ... 🙏🙏🙏🙏🙏🙏🙏",0
❤ ಜೈ ಹಿಂದೂ ಹುಲಿ ಭಾರತ ಹಿಂದೂಗಳು ಜೈ ಶ್ರೀ ರಾಮ್,0
Ley waqf bitti half pant turka😂😂😂 Firstu waqf board dagalbaji adu .close madu,1
ಇವರ ಟಾರ್ಗೆಟ್ಟು ರಾಮಮಂದಿರ. ಅಲ್ಲೇನಾದರೂ ಇವರು ಬಾಂಬ್ ದಾಳಿ ಮಾಡಿದರೆ  ನಾವು ಅವರು ಮುಸಲ್ಮಾನರೇ ಅಲ್ಲ ಅಂತ ನಂಬಬೇಕಾ?,1
"ಇಂತಹ ಅರೆಜ್ಞಾನ ಹೊಂದಿರುವ  ರಾಜಕಾರಣಿಗಳಿಂದಲೇ ಧರ್ಮದ ಅಮಲು ತುಂಬಿ ಯುವ ಜನಾಂಗದ ಭವಿಷ್ಯ ಹಾಳು ಮಾಡೋಕೆ ಇದ್ದಾರೆ , ಇವರ ಮಕ್ಕಳು ವಿದೇಶದಲ್ಲಿ ಓದಿಕೊಂಡು ಆರಾಮಾಗಿ ಇರಲಿ ಬಡವರ ಮಕ್ಕಳು ಧರ್ಮ ಜಾತಿ ಅಂತ ಹೊಡದಾಡಿಕೊಂಡು ಜೀವನ ಹಾಳುಮಾಡಿಕೊಂಡು ಅವರ ಕುಟುಂಬ ಬೀದಿ ಬರಿಸೋದೆ ಇವರ ಉದ್ದೇಶ ಇವರ ರಾಜಕೀಯ ಲಾಭಕ್ಕೆ ಇತರರ ಜೀವನ ನಾಶ..",0
"Beleyerike maadi,  Desha da sampattannu  Adani Ambani ge  kottu  , Daily petrol diesel price jaasti maadi janarannu looty maadidde BJP saadane 
, Dharwad  janarige  Mahadai Kalasa Banduri  Water  kodalu  aagada  Naalayak BJP Modi Kalla sule makkala govt",1
Anna nivu helodu tappala but college beda tane uniform eadee tane,0
ಉತ್ತರ ಕರ್ನಾಟಕದ ಹೆಮ್ಮೆಯ ಹಿಂದೂ ಹುಲಿ ಬಸವನಗೌಡ ಯಾತ್ನಾಳ ನಿಮ್ಮ ಜೊತೆ ನಾವು ಇದ್ದೇವೆ,0
"Castism bhoota bandirodu Mangalore ninda anta nanna abhipraya. Yakandre e jati paddathi anno anishta,holassu manassu dakshina kannadadalli eddu kanuttide.elladarallu munde iruva dakshina kannadavru jati paddathiyallu mundiddare. Nam deshada paristhiti na e sthitige tanda ivruge doddu award kodbeku.🙏 Bangalore dubai mumbai hodru bidlilla ivru jatina.ella kade hogi jati anno visha beeja bitto kelsa madtidare.ive never seen this much of racism anywhere 😢",1
Lo ಜಾತಿ ಜಾತಿ ಅಂತ ಯಾಕೆ ಸಾಯಿತೀರಾ ಥು ನಿಮ್ಮ ಜನುಮಕ್ಕೆ,1
ನಾಟಕ ಅಂದ್ರೆ ಇದೆ ನೋಡಿ ಬಣ್ಣ ಹಚ್ಚದೆ ಮಾಡೋದು ಅಂದ್ರೆ ಇದೇನೇ 😂,1
e deshdalli akarup nagarik smvite jarige tarade asprute tolagalu sadde wagadu,0
Gando. 👎👎👎👎👎,1
"ಆ ಬೋರ್ಡ್ ಮುಚ್ಚಿ ಸರ್ಕಾರ ವಶಪಡಿಸಿಕೊಳ್ಳಬೇಕು ಇಲ್ಲಾ ನಮ್ಮ ದೇವಾಲಯಗಳನ್ನು ಸ್ವತಂತ್ರ ಗೊಳಿಸಬೇಕು, ಈ ದೇಶಕ್ಕೆ ಅದರ ಅವಶ್ಯಕತೆ ಇಲ್ಲ ನಮ್ಮ ಆಸ್ತಿ ನಮಗೆ ಮರಳಿ ಬರಬೇಕು ಇಂತಹ ನೀಚ ಕೆಲಸ ಮಾಡಿದ ಕಾಂಗ್ರೆಸ್ ಪಕ್ಷ ಹಾಗೂ ನಾಯಕರುಗಳಿಗೆ ನನ್ನ ಧಿಕ್ಕಾರ",0
ನಾವೆಲ್ಲರೂ ಒಂದೇ ಎಂಬ ಭಾವನೆಯನ್ನು ಅಳವಡಿಸಿಕೊಳ್ಳಬೇಕು,0
ನಮ್ ಭಾರತದಲ್ಲಿ ಕಾಂಗ್ರwಸ್ ನಿರ್ನಾಮ ಆಗಲಿ...,1
ಒಳ್ಳೆಯ ನಿರ್ಧಾರ,0
Muttala bevarsi ivanu,1
ಅಧಿಕಾರಕ್ಕೆ ಬರಲು ಹಿಂದುಗಳನ್ನೇ ಹಿಂದಕ್ಕೆ ತಳ್ಳಿ ಮುಂದುಬರುವ ಅನೇಕ ರಾಜಕಾರಣಿಗಳು ಇರುವ ತನಕ ದೇಶ ಉದ್ದಾರವಾಗುವುದಿಲ್ಲ,1
ಸಾರ್ ನಿಮಗೊಂದು ಸಲಾಂ,0
Niv heliddu nija sir,0
Ivana baige  limbe hakki vois hogide😂😂😂😂😂😂,0
ತುಂಬಾ ಧನ್ಯವಾದಗಳು ಸರ್. ಮನಸ್ಸಿಗೆ ತುಂಬಾ ನೋವಾಗುತ್ತೆ ಸರ್.ನಾನು ಕೂಡ ಒಂದು ದಲಿತ ಕುಟುಂಬದಲ್ಲಿ ಹುಟ್ಟಿದ್ದೇನೆ ನಮ್ಮದು ಒಂದು ಚಿಕ್ಕ ಹಳ್ಳಿ ಈಗಲೂ ಸಹ ನಮ್ಮ ಊರಿನಲ್ಲಿ ಅಸ್ಪೃಶ್ಯತೆ ಜೀವಂತವಾಗಿ ಇದೆ ಸರ್.ಮೇಲ್ಜಾತಿಯವರು ನಮ್ಮನ್ನ ಅತ್ಯಂತ ಹೀನಾಯವಾಗಿ ಕಾಣುತ್ತಾರೆ.ದೇವಸ್ಥಾನದ ಒಳಗಡೆ ಬಿಡುವುದಿಲ ಹೋಟೆಲ್ಗಳಲ್ಲಿ ಊಟ ಮಾಡಲು ಒಳಗಡೆ ಬಿಡುವುದಿಲ್ಲ ನೀರು ಕುಡಿಯಲು ನಮಗೆ ಸಪರೇಟ್ ಲೋಟ ಇಟ್ಟಿರುತ್ತಾರೆ.ಸಿಟಿ ಗಳಿಗಿಂತ ಹಳ್ಳಿಗಳಲ್ಲಿ ಜಾತಿಪದ್ಧತಿ ಬಹಳ ಹೆಚ್ಚಾಗಿದೆ ಸರ್.ಈ ಜಾತಿ ಪದ್ಧತಿ ಸಂಪೂರ್ಣವಾಗಿ ನಾಶ ಆಗಬೇಕು.ಆಗಮಾತ್ರ ನಮ್ಮ ದೇಶ ಉದ್ಧಾರ ಆಗುವುದು.,0
"ಆಸ್ಟ್ರೇಲಿಯಾದ ಪ್ರಧಾನಿ ಜೂಲಿಯಾ ಗಿಲ್ಲಾರ್ಡ್ ಅವರನ್ನು ವಿಶ್ವದ ರಾಣಿಯನ್ನಾಗಿ ಮಾಡಬೇಕು!!

ನೀವು ಈ ಮಹಿಳಾ ಪ್ರಧಾನಿ ಹೇಳಿದ್ದನ್ನು ಕೇಳಲು ಸಾಕಷ್ಟು ಧೈರ್ಯ ಮತ್ತು ಗುಂಡಿಗೆ ಬೇಕು! 

 ಇಡೀ ಜಗತ್ತಿನ ಎಲ್ಲ ದೇಶಗಳಲ್ಲಿ ಈ ರೀತಿಯ ನಾಯಕರು ಇರಬೇಕು !! 

 ಅವಳು ಹೇಳಿದಳು :-

 * ""ಇಸ್ಲಾಮಿಕ್ ಷರಿಯಾ ಕಾನೂನನ್ನು ಬಯಸುವ ಮುಸ್ಲಿಮರು, ಇದೇ ಬುಧವಾರದೊಳಗೆ ಆಸ್ಟ್ರೇಲಿಯಾದಿಂದ ಹೊರಹೋಗಬೇಕು.
ಏಕೆಂದರೆ, ಆಸ್ಟ್ರೇಲಿಯಾ ದೇಶದ ಮತಾಂಧ ಮುಸ್ಲಿಮರನ್ನು ಭಯೋತ್ಪಾದಕರು ಎಂದು ಪರಿಗಣಿಸುತ್ತದೆ.

ಆಸ್ಟ್ರೇಲಿಯಾದ ಪ್ರತಿಯೊಂದು ಮಸೀದಿಯನ್ನು ತನಿಖೆ ಮಾಡಲಾಗುವುದು ಮತ್ತು ಈ ತನಿಖೆಯಲ್ಲಿ ಮುಸ್ಲಿಮರು ನಮ್ಮೊಂದಿಗೆ ಸಹಕರಿಸಬೇಕು.

ಹೊರಗಿನಿಂದ ತಮ್ಮ ದೇಶಕ್ಕೆ ಬಂದವರು, ಆಸ್ಟ್ರೇಲಿಯಾದಲ್ಲಿ ವಾಸಿಸಲು ತಮ್ಮನ್ನು ತಾವು ಬದಲಾಯಿಸಿಕೊಳ್ಳಬೇಕೇ ಹೊರತು ಆಸ್ಟ್ರೇಲಿಯಾದ ಜನರಲ್ಲ.

ಆದರೆ ಆಸ್ಟ್ರೇಲಿಯಾದ ಜನರಿಗೆ ನಾವು ಏನು ಮಾಡುತ್ತಿದ್ದರೂ, ನಾವು ಅದನ್ನು ಮಾಡುತ್ತಿರುವುದು ಆಸ್ಟ್ರೇಲಿಯಾದ ಜನರ ಹಿತದೃಷ್ಟಿಯಿಂದ ಮಾತ್ರ ಎಂದು ನಾನು ಭರವಸೆ ನೀಡುತ್ತೇನೆ.
ನಾವು ಇಲ್ಲಿ ಇಂಗ್ಲಿಷ್ ಮಾತನಾಡುತ್ತೇವೆ ಮತ್ತು ಅರಬ್ ಅಲ್ಲ.

ಆದ್ದರಿಂದ ನೀವು ಈ ದೇಶದಲ್ಲಿ ವಾಸಿಸಲು ಬಯಸಿದರೆ ನೀವು ಇಂಗ್ಲಿಷ್ ಕಲಿಯಲೇಬೇಕು.

ಆಸ್ಟ್ರೇಲಿಯಾದಲ್ಲಿ ನಾವು ಯೇಸುವನ್ನು ದೇವರು ಎಂದು ಪರಿಗಣಿಸುತ್ತೇವೆ, ನಾವು ನಮ್ಮ ಕ್ರಿಶ್ಚಿಯನ್-ಧರ್ಮವನ್ನು ಮಾತ್ರ ನಂಬುತ್ತೇವೆ ಮತ್ತು ಯಾವುದೇ ಧರ್ಮವಲ್ಲ, ಇದರರ್ಥ ನಾವು ಕೋಮುವಾದಿ ಎಂದು ಅರ್ಥವಲ್ಲ!

 ಅದಕ್ಕಾಗಿಯೇ ನಾವು ದೇವರ ಚಿತ್ರ ಮತ್ತು ಧಾರ್ಮಿಕ ಗ್ರಂಥಗಳನ್ನು ಎಲ್ಲೆಡೆ ಹೊಂದಿದ್ದೇವೆ!

ಇದಕ್ಕೆ ನೀವು ಆಕ್ಷೇಪಣೆ ಹೊಂದಿದ್ದರೆ, ನೀವು ಆಸ್ಟ್ರೇಲಿಯಾವನ್ನು ತೊರೆದು ವಿಶ್ವದ ಎಲ್ಲಿಯಾದರೂ ಹೋಗಬಹುದು.

ಆಸ್ಟ್ರೇಲಿಯಾ ನಮ್ಮ ದೇಶ,
ನಮ್ಮ ಭೂಮಿ, ಮತ್ತು ನಮಗೆ ನಾಗರಿಕತೆ ಇದೆ.

ನಿಮ್ಮ ಧರ್ಮವನ್ನು ನಾವು ನಂಬುವುದಿಲ್ಲ, ಆದರೆ ನಾವು ನಿಮ್ಮ ಭಾವನೆಯನ್ನು ಗೌರವಿಸುತ್ತೇವೆ!

ಆದ್ದರಿಂದ ನೀವು ನಮಾಜ್ ಮಾಡಲು ಬಯಸಿದರೆ ಶಬ್ದ ಮಾಲಿನ್ಯವನ್ನು ಮಾಡಬೇಡಿ ...

ನಮ್ಮ ಕಚೇರಿ, ಶಾಲೆ ಅಥವಾ ಸಾರ್ವಜನಿಕ ಸ್ಥಳಗಳಲ್ಲಿ ನಮಾಜ್ ಅನ್ನು ಮಾಡಬೇಡಿ!

ನಿಮ್ಮ ಮನೆಗಳಲ್ಲಿ ಅಥವಾ ಮಸೀದಿಯಲ್ಲಿ ನಮಾಜ್ ಅನ್ನು ಶಾಂತಿಯುತವಾಗಿ ಮಾಡಿ.  ಅದರಿಂದ ನಮಗೆ ಯಾವುದೇ ತೊಂದರೆ ಇಲ್ಲ.

ನಮ್ಮ ಧ್ವಜದೊಂದಿಗೆ, ನಮ್ಮ ರಾಷ್ಟ್ರಗೀತೆಯೊಂದಿಗೆ, ನಮ್ಮ ಧರ್ಮದೊಂದಿಗೆ ಅಥವಾ ನಮ್ಮ ಜೀವನ ವಿಧಾನದೊಂದಿಗೆ ನಿಮಗೆ ಯಾವುದೇ ದೂರು ಇದ್ದರೆ, ಇದೀಗ ಆಸ್ಟ್ರೇಲಿಯಾವನ್ನು ಬಿಡಿ. ""

 ಜೂಲಿಯಾ ಗಿಲ್ಲಾರ್ಡ್
 ಪ್ರಧಾನಿ ಆಸ್ಟ್ರೇಲಿಯಾ
     

 ಭಾರತದ ನಾಯಕರು ತಿಳಿಯಿರಿ
  ಅವರಿಂದ ಏನನ್ನಾದರೂ ಕಲಿಯಿರಿ ....

 ಸ್ನೇಹಿತರೆ,
ನೀವು ನಿಜವಾಗಿ ಭಾರತೀಯರಾಗಿದ್ದರೆ, ಕನಿಷ್ಠ ಒಬ್ಬ ಸ್ನೇಹಿತರಿಗಾದರೂ ಈ ಸಂದೇಶವನ್ನು ರವಾನಿಸಬೇಕು. 

  *ಭಾರತ್ ಮಾತಾ ಕಿ ಜೈ,ಜೈ ಹಿಂದ್, ಜೈ ಭಾರತ್*🇳🇪🙏",0
neer kodi aaa naaayige rajake😀😀😀😀😀😀,1
ಅದ್ಬುತವಾಗಿ ವಿವರಣೆ ನೀಡಿದ್ದೀರಾ ಸರ್... ನಮ್ಮ ಸಾಧನೆ ಏನೇ ಇರ್ಲಿ ಆದ್ರೆ ಹಳ್ಳಿಗಳಲ್ಲಿ ನಮ್ಮ ಗೌರವ ಪ್ರಾಪ್ತಿ ಆಗೋದು ಮಾತ್ರ ಜಾತಿಯಿಂದಲೇ ಎಂತ ದುರಂತ ಸರ್,0
"KA. Da  99.99% netha galu neecharu, kachadagalu,  deshadeohigalu.",1
"ನಮಸ್ಕಾರಗಳು....
ಧರ್ಮ...ಧರ್ಮಾಂತರ
ಮತ...... ಮತಾಂತರ
ಧರ್ಮ ಮತ್ತು ಮತ
ಇವುಗಳ ವ್ಯತ್ಯಾಸ ತಿಳಿಸಿ ಗುರುಗಳೇ",0
Bari suulu heelutaidane,1
Rode rode alli shortcut hakodo bartra la yella tours kodu nimma Hindu dharma Dada ladies my mail e butene. iraala Namma Muslims Bhagy mant adtiralla yaar ke respect code beko aavarna jodi Muslims and hats off you 👍❤️,1
Naw Rahul gandhi  puna jati jati  yandu  halutrala  idaka tada mada  Baku,0
ಇದೆ.. ಸುದ್ದಿ ಯನ್ನು ದಯವಿಟ್ಟು ದೊಡ್ಡ TV chanalalli ಹೇಳಿ ಸರ್....... ತುಂಬಾ ಅವಶ್ಯವಿದೆ..... ಈಗಲಾದರು ಎಲ್ಲರೂ ಒಂದೇ ಅನ್ನೋ ಭಾವನೆ ಬರಲಿ.....,0
"ಅರ್ಧ ಮರ್ಧ ಇತಿಹಾಸ ಓದಿ ನಿವೆಂಗೋ ಸಂಸದರಾಗುತ್ತಿರಿ, 😂😂😂😂😂😂",1
ಬುರುಡೆ ಮೀಡಿಯಾ,1
ನಮ್ಮ ದೇವರು ರಾಮನಿಗೆ ಸೇರಿದ ಜಾಗ ನಾವೂ ಪದ್ಕೊಳೋಕೆ ನಮಗೇ 70 ವರ್ಷ aithu.  ....ಅದು ನಮ್ಮ ಊರಲ್ಲಿ ನಮಗೇ.   ಆಗ್ಲಿಲ್ಲ. ಅದು ಮೋದಿ ಬಿಜೆಪಿ ಇರೋಕಾರ ನಕ್ಕೆ  ಅಷ್ಟೇ ಇದು ನಮಗೇ ಸಿಗಾತೆ ವರ್ತು ...ಇಲ್ಲಾಂದ್ರೆ ನಮ್ಮ ಕಥೆ ಗೋವಿಂದ,0
"ಜ್ಯಾತಿ ಭಯೋತ್ಪಾದಕರು ಇದೇ ಆರ್ ಎಸ್ ಎಸ್. ರಾಮಾಯಣ, ಮಹಾಭಾರತ, ವೈದಿಕ ವ್ಯವಸ್ಥೆ ಭಗವದ್ಗೀತೆ ಎಲ್ಲಾ ಹೇಳುವುದು ಬಾಯಲ್ಲಿ  ಗ್ರಂಥದಲ್ಲಿ ಮಾತ್ರ. ನಡತೆಯಲ್ಲಿಇಲ್ಲ. ಮೊನ್ನೆ ಅಂಬೆಡಕರರ ಸ್ಥಿತಿ ನೋಡಬಹುದು.",0
Sullina sullebeli Yang pungli 😂😂 e andhabaktharu urkolod sarve sahaja 😂😂,1
ಇಹಿಂದು ಗಳಿಗೆ ಬುದ್ದಿ ಬರಲಾ,1
ಸಾರ್ ಈಗಲೂ ಕೆಲವು ಕಂತ್ರಿ ಮನುವಾದಿಗಳು ಇನ್ನೂ ಇದಾರ ಅಯ್ಯೋ ದೇವರೆ,1
"Etv ankra atwa Bjp waktara na nin en hektiya adne kelta irbeka ,en matndta adioa puniytama,",1
"ಸೂಲಿಬೆಲೆ ಚಕ್ರವರ್ತಿ ಯವರೆ
ದಯವಿಟ್ಟು ಕೇಂದ್ರ ಸರ್ಕಾರ ಕರ್ನಾಟಕ ರಾಜ್ಯಕ್ಕೆ , 6300 ಕೋಟಿ ಜಿಎಸ್ಟಿ ಪರಿಹಾರ ಆದರೆ ಉತ್ತರ ಪ್ರದೇಶಕ್ಕೆ31600 ಕೋಟಿ ಏಕೆ ತಾರತಮ್ಯ ಇದಕ್ಕೆ ಉತ್ತರ ಕೊಡಿ",0
​ @guruprince6699 ಅಪ್ಪೀ ಸಾಲಿ kaltidi,0
ನಿನಗೂ ಸೇರಿಸಿ ಶಿಕ್ಷೆ ಕೊಡ್ಬೇಕಾಗಿತ್ತು,0
"Tale ketta ... Abdul Razzaq ....
Avr wife Kate enskondre ... 😢",1
Heng Pungli😂😂,1
 @lassiee5474 Adu nijavagi huttirode ninu adakke sabardu cheepok bandiddiya sule maga,1
​ @NilafAhmad-sc3mr ಹೌದು ಜಿಹಾದಿಗಳಿಗೆ ಹಾಗೆ ಅನಿಸಿದ್ದು ಸಹಜ,1
Yenukke nim avuun keyyaka,1
Yenu supar actinga guru nindu 👌,0
Mr respect their position as Cm DCM post.!,0
"ಪಾಕಿಸ್ತಾನದಲ್ಲಿದ್ದ,, ಹಿಂದೂಗಳ ಆಸ್ತಿ ಏನಾಯಿತು!?? ಅದು ಗಾಂಧೀಜಿಯವರ,, ಇಲ್ಲಾ ನೆಹರು ರವರಿಗೆ,, ಅಥವಾ ಅಲ್ಪ  ಸಂಖ್ಯಾತ ಹಿಂದುಗಳಿಗೆ ಹೋಯಿತಾ...!",1
"Idyava aikyate bomb blast madi amayaka janagalanna sayistidare avarna yake samarthane madkotidiri, vittanda vada bhavya avardu khandane mado takat illa.",1
Lee chaddi😂,1
"Perfectly said Amarji, very well and perfectly narrated video.",0
ಜಾತಿಯ ಉಲ್ಲೇಖವೇ ಮಹಾಪರಾಧ ಎಂದು ಕಾನೂನು ಬರಲಿ. ತನ್ನಿಂದ ತಾನೇ ನಿಧಾನವಾಗಿ ಈ ಜಾತಿ ಪದ್ಧತಿ ತೊಲಗಿ ಹೋಗುತ್ತದೆ.,0
"Ley pedda DESHA IBBAGA YAKE, YARU MADIDARU MATTE, AVATTU ANAGARIKA HARAMI JIHADI MUSLIMARIGE BERE DESHA YAKE BEKAGITTU??????",1
Nena hakobeku dalitaru hoggudabeku yargu hadrbardu,0
"ಆರೀತಿ ಹೇಳೋಕೆ ಸಾಧ್ಯನೇ ಇಲ್ಲ ಬಿಡಿ ,, B R Ambedkar ಅವರು ಅಂದ್ರೆ ಸುಮ್ನೆ ನಾ ,,,",0
"ಅಮರ್ ಪ್ರಸಾದ್ ರವರೇ..... ನಿಮ್ಮ ಅಭಿಪ್ರಾಯವೇ ನಮ್ಮ ಅಭಿಪ್ರಾಯ.
ವಿದ್ಯೆ, ವಿನಯ, ಶ್ರದ್ದೆ, ಶುದ್ದಿ, ಇವುಗಳಿಂದ ಶಕ್ತಿಯನ್ನು ಪಡೆಯಲು ಸಾಧ್ಯ ಅನ್ನೋದು ನಮ್ಮ ಭಾವನೆ..... ಅದ್ರಿಂದ ಮಾನವ ಅನ್ನಿಸುತ್ತೆ.",0
ಬರೀ ಬಡವರ ಮೇಲೆ ಮಾತ್ರ.. 😂😅 ಪವರ್ 😅,0
Report avare yeradu kade Vada keli modlu bari nimde heltira,0
Nam karnatakakke yogiji anta cm beku illi obru sanyashi cm agabeku,0
Ninu bolimaga😊,1
Le bolimagane first cast bagge mathu hadu sulemagane,1
ಅಬ್ದುಲ್ ರಜಾಕ್ ಅಲ್ಲಿದ್ದ ನೀವು ಎದ್ದುಬ ಬನ್ನಿ ನಾಯಕನ ಮಕ್ಕಳಿಗೆ ಮಾಡಿಕೊಳ್ಳಿ,1
"ಜಾತಿ ಬಿಡಿ , ಮೊದಲು ನಾವೆಲ್ಲರೂ ಮನುಷ್ಯರು",0
Huch na maga,1
Jaati jaati anta sayta idira nale sayodu baduvure ri adan arta madkori yav rajakarinigalu baralla niv sattre nim tayi tande ge nim manege yar gati ant vichar madi yav jaati gu enu anbedi yallaru onde adu arta madkori nam deshakke bele irode halavaru jaati mattu Sanskriti adan arta madkoli avag yalla rajakaranigalu prajegaligagi kelsa madtar illa andre avr mane uddar madkolik badavarige bali pashu madtare,0
Eshtu dina yaava batte dhrisi kondu hodaru...,0
Nivu Super ❤❤❤ Jai Hindu Huli,0
Raama rajya ellide bari raakshasa rajya,0
"Hogolo sulemagne sariyaagine theerpu kottidare,nin manege benki haakidre sumne irbekeno loude ke ball",1
Sako sir hindu muslim sikh Sako education or hospitals jobs do yelle oota 3 time mada to kash ta idde life Elle,0
​ @MaktumHavaldar. ಕರ್ಮ ರಿಟರ್ನ್ for u 😂😂😂,0
"Yelli vargu sampradayada adiyalli namma jivana sagtha irutho alli thanka e jathi annodu iruthe......ivaga idu boodi muchiro kenda danthe irodrinda ,kelavara prakara jathi asprashyathe astaagi illa anthare ..but aa manasthtithi innu hage ide ....yavaga kelavargadavaru arthikavagi manasikavagi hagu  shaikshanika vagi sabalathe hondi deshada kattakade vyakthiyu uthungadilli hechina pramanadlli irtharo alli vargu jathi kshina vagutha hoguthe....janara manassu mathu acharanegale badalaguthe swacha samaja beleyuthade ...hosa manassina thaligalu udbava aaguthe nemmadiya baduku e manukulakke dorakuthe .......",0
"yavade jate, dharma,TRP, gala vattada nimage ella sir, so only nivu namge esta agodu ❤",0
"ಕ್ಯಾಮರಗಳ ಮುಂದೆ ಪೋಸ್ ಕೊಡುತ್ತಾ ಮೈಕ್ ಹಿಡಿದು ಬುರುಡೆ ಭಾಷಣ ಬಿಗಿಯುವ ಈ ಮಳ್ಳರು ಹಾಗೂ ಕಳ್ಳರು ತಾವೇ ನಿಂತು ದೇಶದಲ್ಲಿ ಪ್ರೇಮ ವಿವಾಹ ಅಂತರ್ಜಾತಿ ವಿವಾಹ ವರ್ಷದಲ್ಲಿ ಸುಮಾರು 10,000 ವಿವಾಹಗಳನ್ನು ಮಾಡಿಸಿದರೆ ಮುಂದೊಂದು ದಿನ ಹಿಂದುಗಳು ಒಗ್ಗಟ್ಟಾಗಿ ಸಂಬಂಧ ಬೆಳೆಯಬಹುದು..... ಮೊದಲು ಇದನ್ನು ಮಾಡಿ ಆಮೇಲೆ ಅದಾಗ ತಾನೇ ಹಿಂದೂ ರಾಷ್ಟ್ರ  ಆದರೂ ಆಗಬಹುದು....",1
ಮನ್ಮೋಹನ್ ಸಿಂಗ್ ಮತ್ತು ಸೋನಿಯಾ ಗಾಂಧಿ ಮೇಲೆ ಕೇಸ್ ಹಾಕೋಕೆ ಅಗಲ್ವದೇಶ ಕಾಪಾಡಿ ಅಂದ್ರೆ ದೇಶದ ಜನರನ್ನ ನಿರ್ಗತಿಕರನ್ನಾಗಿ ಮಾಡ್ತಿದಾರೆ ದಡ್ಡ ಜನ ಇನ್ನೂ ಕಾಂಗ್ರೆಸ್ಗೆ ವೋಟ್ ಹಕ್ತನೆ ಇದ್ದಾರೆ,0
ಹಿಂದೂ ಹುಲಿ ಕರ್ನಾಟಕದ ಮುಂದಿನ ಸಿಎಂ ಸ್ಟೇಟ್ ಫಾರ್ವರ್ಡ್ ಯಾವನು ಏನು ಮುಟ್ಟಂ ಇಲ್ಲ ನಿಯತ್ತಿಂದ ಬಂದಿರೋ ಫೈರ್ ಪ್ಲಾನ್ ಅಪ್ಪಟ ಕನ್ನಡಿಗ ಹಿಂದೂ ನಮ್ಮ ಯತ್ನಾಳ್ ಸರ್,0
"Ninage idu muslim Sarkar anta yaaru heliddu,helu bolimagane",1
ಇವನ ನೀಚ ಬುದ್ಧಿಯನ್ನ ಕೇಳ್ಕೊಂಡು ಮೂರ್ಖರು ಜೈ ಅನ್ನೋದು ನೋಡಿದ್ರೆ   ಇವನನ್ನ ದೇಶದ್ರೋಹಿ ಅಂದ್ರೆ ತಪ್ಪಿಲ್ಲ..ಇವನು ಕೋಮುವ್ಯಾಧಿ,1
"ಹೌದಾ? ಡಾ. BR ಅಂಬೇಡ್ಕರ್ ಹಾಗೆ ಹೇಳೋಕೆ ಸಾದ್ಯನೇ ಇಲ್ಲಾ, ಮತ್ತೆ ಅವರು ಧರ್ಮ ಪರಿವರ್ತನೆ ಯಾಕೆ ಮಾಡಿದ್ರು?",0
ಲೆ ಮುಟ್ಟಾಳ ಅಷ್ಟು ಅವನು ವಕಫ್ ಮಾಡುತ್ತಿರುವಾಗ ನೀನು ಎಲ್ಲಿದ್ದಿ ಅವಾಗ ನೀನೆ mla ಇದ್ದಿ ಅಲಾ..,1
"Nimmenta politicann enda disha hadagatadu shame on you focus on economy development,",0
Rowdy tarla m l a,0
ಪಬ್ಲಿಕ್ ಟಿವಿ ಯಾಂಕರ್ ಬಿಜೆಪಿಯ ವಕ್ತಾರರಾಗಿ ಮಾತಾಡುತ್ತಿದ್ದಾರೆ ಅಲ್ಲಿ ಕುಂತಿ ಬೆಂಕಿ ಹಚ್ಚುವ ಕೆಲಸ ಮಾಡಬೇಡ ಇಬ್ಬರಿಗೆ ಸರಿಯಾಗಿ ಅವಕಾಶ ಮಾಡಿಕೊಡಲಿ ಬಿಜೆಪಿಯ ವಕ್ತಾರ,0
ಸುಳಿಬೇ ಸುಳು,0
Muttala rahul,1
ಹಡಬೆ ರಂಡೆ ಮಕ್ಕಳು ಹಿಂದುಗಳ ‌ವಿರೋಧ ಮಾಡಿದವರಿಗೆ ಹೇಳಬೇಕಲ್ಲ  ಮತ್ತೆಇನ್ನು ಕೆಟ್ಟದಾಗಿ ಹೇಳ ಬೇಕು ಅನ್ನಿಸುತ್ತೆ,1
Houdu gandhiji nu komuvadine,1
Election atra Bantu bjpi gimmicks start aithu,0
"ಎಂತಹ ಅದ್ಭುತವಾದ ಮಾತು ಸರ್
 ಭಾರತಕ್ಕೆ ಅಂಟಿರುವ ಈ ರೋಗ
 ಯಾವಾಗ ಹೋಗುವುದು ಅಂತ ನಾವು
 ನೋಡುತ್ತಿದ್ದೇವೆ",0
"Ede Tara sulebele avaru, what we Named in hindu's caste based unmounted atrocity is going everyday, it is not visible to Sulebele.",0
Mangalore bjp bittu kododilla,0
ವರ್ಣ ವ್ಯವಸ್ಥೆ ನಿಜ ಅನ್ನೋದಾದ್ರೆ  ಮಂಗನಿಂದ ಮಾನವ ಅನ್ನೊ ವಿಜ್ಞಾನ ಸುಳ್ಳಾ?,0
1:45 ayyo devre Hengusralla avru Hennu makkalu 🤣🤣,0
ಮೊದ್ಲು ಈ ದರಿದ್ರ ಕಾಂಗ್ರೆಸ್ ತೊಲಗಬೇಕು. ಎಲ್ಲ ಸರಿ ಹೋಗುತ್ತೆ.,0
ಪಾಯಖಾನ. ತಿನ್ನುವವರು,1
ಚಿನ್ನದ ರಸ್ತೆ ಬಗ್ಗೆ ಮಾತಾಡು ಮಗಾ,0
Wow prathapsimha avru nijavaglu adanna odi tilkondu matadtidare.... And adu 1000% Sathya.... Idu idu idu actually chenagirodu.... 😍,1
ಇದು ಒಳ್ಳೆಯ ವಿಚಾರ ಮನುಷ್ಯನ ಜಾತಿ ಮಾನವ ಜಾತಿ ಇದನ್ನು ಒಪ್ಪಿಕೊಳ್ಳಲೇಬೇಕು,0
Sullu suli bele.,0
Jay Hind ❤Jay Hindustan🚩🕉,0
ಮನಸ್ಕೃತಿ ಸಂವಿಧಾನವನ್ನು ಡಿಸೆಂಬರ್ 25 1927ರಲ್ಲಿ ಡಾ. ಬಿ.ಆರ್ ಅಂಬೇಡ್ಕರ್ ರವರ ನೇತೃತ್ವದಲ್ಲಿ ಸುಟ್ಟು ಹಾಕಲಾಗಿತ್ತು ಈಗ 2025 ಬಂದರು ಕೆಲವರ ತಲೆಯಲ್ಲಿ ಇಂತಹ ಅಪಾಯಕಾರಿ ಸಂವಿಧಾನ ತರುವ ಯೋಚನೆ ಇದೆ ಹಾಗಾಗಿ 2025ರಲ್ಲಿ ಇಂದಿನ ಯೂತ್ ಗಳೆಲ್ಲ ಸೇರಿ ಇಂತಹ ಅಪಾಯಕಾರಿ ಯೋಚನೆಯನ್ನೇ ಸುಟ್ಟು ಹಾಕಬೇಕು ನಾವು ಎಲ್ಲಿಯ ತನಕ ಉಸಿರಾಡುತ್ತಾ ಇರುತ್ತೇವೋ ಅಲ್ಲಿಯತನಕ ಭಾರತದ ಡಾ. ಬಿ.ಆರ್ ಅಂಬೇಡ್ಕರ್ ಬರೆದ ಸಂವಿಧಾನವನ್ನು ರಕ್ಷಣೆ ಮಾಡುತ್ತೇವೆ ಮತ್ತೆ ರಕ್ಷಣೆ ಮಾಡುವ ನಮ್ಮ ಹಕ್ಕು ಮಾತ್ರವಲ್ಲ ನಮ್ಮ ಕರ್ತವ್ಯ ಕೂಡ. ಶಿಕ್ಷಣ ಅನ್ನುವುದು ಹುಲಿಯ ಹಾಲು ಇದ್ದಾಗೆ ಇದನ್ನು ಕುಡಿದವರು ಎಲ್ಲರೂ ಘರ್ಜಿಸುತ್ತಾರೆ ಜೈ ಭೀಮ್☝🏻🇪🇺🇦🇩💙👑,1
Ninige ಸಿಗೋದು ಇಲ್ಲ,0
"ಇನ್ನೂ ಆಕ್ರಿ vote naa , wakq support madoravrege",0
ಅಲ್ಲಪ್ಪ ಹುಲಿ ನೀನ್‌ ಹೋಗಿ ಅವರ ಕ್ಷೇತ್ರದಲ್ಲಿ ನಿಂತು ಗೆಲ್ಲೂ ನೋಡೋಣ ಅವರವರ ಕ್ಷೇತ್ರ ಅವರಿಗೆ ಹೆಚ್ಚು ಕಣಪ್ಪ ಮೊದಲು ನಿಮ್ಮ ಪಕ್ಷದಲ್ಲಿ ನಿಮ್ಮ ಸ್ಥಾನ ಏನು ತಿಳಿದುಕೊಳ್ಳಿ ಸ್ವಲ್ಪ ಕೇವಲ ಧರ್ಮಗಳನ್ನು ಬಿಟ್ಟು ಬೇರೆ ವಿಷಯಗಳ ಬಗ್ಗೆಯೂ ಗಮನ ಕೊಡಿ ಆಗ ಎಲ್ಲಾ ಧರ್ಮ ಜಾತಿಯವರು ಮೆಚ್ಚುತ್ತಾರೆ....,0
He kalakke idu nadiyalla change agi,0
Nan magu edaglinda kelta edni jati  dharma😢yavaga mugitto,0
obba muslim kuda comment madilla ansutte.....avrge ista agtilla kelvaru aste  heege madtirodu..,0
ಜೈ ಭೀಮ್ ಜೈ ಸಮಾನತೆ,0
ಅನ್ಯಾರೀ ಪೋಲೀಸ್,0
Le naayi anchor,1
Ivare namma mundina mukhyamantri,0
Ley Ananda nayi chappli Alli bilthave husharu,1
 @HosaBelaku2024  ivanige support madoru nijavada hindugalu alla manasalli visha tumbiruva komu krimigalu nijavada hindu agali muslim agali innondu samudayakke nou kodalla,1
ಬೆರಕೆ ಹುಟ್ಟಿದ ಕಾಂಗ್ರೆಸ್ ಸಪೋರ್ಟ್ ನವರು?,0
ಈಗಿನ ಸಕಾರದ ಆಡಳಿತ ವಿಧಿ ವಿಧಾನಗಳನ್ನೇ ಅಮೇರಿಕಾ ಆಡಳಿತ ದ ರೀತಿಯಲ್ಲೇ ಸಮೂಲಾಗ್ರ್ ವಾಗಿ ಏಕೆ ಬದಲಾಯಿಸಬಾರದು,0
"Nim avvun na keyya tika muchkondiro sulemagne, bogultha Ella erodhne helirodhu",1
ಜೈ ಸಂವಿಧಾನ good job,0
Jai ಭೀಮ್ ❤❤❤🙏🙏🙏❤❤❤,0
"🌺🌺🌺ತೆಲಂಗಾಣ ರಾಜ್ಯ ದವರು ನನಗೆ ಬಿಟ್ಟ 1:18 ಬಾಣ ಬಹಳ ಚೆನ್ನಾಗಿತ್ತು 🌺🌺🌺 ನಗು... ನಗು... ನಗು.. ನನಗೆ ಗೊತ್ತಿಲ್ಲದೆ,,, ಬಾವಿಗೆ ಬಿದ್ದೆ,,,, ನಗು... ನಗು... ತೆಲುಗು ಭಾಷೆ ಜೀವನಾನುಭವದ ಕತೆ 🌺🌺🌺ನಮ್ಮ ಸಿನಿಮಾ ರಂಗದ ಬಗ್ಗೆ ಹೇಳಿದೆ... ಹೇಳಿದೆ... ಸಾಕಷ್ಟು ಹೇಳಿ ಗುಂಡಿಗೆ ಬಿದ್ದೆ.... ನಗು.. ನಗು.. ನಗು..ನನ್ನ ಸಿನಿಮಾ ರಂಗದ ದೇವ ನಿಮಗೆ ಸಿಕ್ಕಿದೆ...ನಮಗಿಲ್ಲ.... ನೀವು ಅದೃಷ್ಟವಂತರು....🌺🌺🌺💯💯💯💯👏👏👏👏🙏🙏🙏🌹🌹🌹 ಕೊನೆಯ ವಾರ್ತೆ ಗೆ....... ಗುಂಡಿಗೆ ಬಿದ್ದೆ",0
"ಸೂಲಿಬೆಲೆ ಸರ್ ನೀವು ನಾವು ಕರೆಕ್ಟಾಗಿ ಇದ್ದಿವಿ  ಆದ್ರೆ ಕೆಲವರು ಹಿಂದುಗಳು ಮುಸ್ಲಿಂಸ್ ಕಾಂಗ್ರೆಸ್ ಪಕ್ಷದ ಬ*** ಭಾಗ್ಯ ನೋಡಿದ್ರು ಸರ್ ಅದೇ  ಮಾಡುತ್ತಿರುವುದು ತಪ್ಪು ಹಿಂದೂಗಳು ನನಗೂ ಅನ್ಸುತ್ತೆ 
🌹ಜೈ ಭೀಮ್ 🌹🚩 ಜೈ ಶ್ರೀ ರಾಮ್🚩
❤️ ಜೈ ಮೋದಿಜಿ ❤️",0
Yella darmavannu bittu manava darmavannu anusarisona,0
"ಜೈ ಭೀಮ್, ಜಾತಿಯನು ಬಿಟ್ಟು ನಾವೆಲ್ಲರೂ ಒಂದೇ ತಾಯಿಯ ಮಕ್ಕೂಳು atha badakabelu",0
ಅವರ friendahip ಮಾಡೋದಿಲ್ಲ ನಾನು ಶಪಥ ಮಾಡುತ್ತೇನೆ. 🙌🇮🇳🍁🤍📖🍁📖🍁🤍🍁📖🇮🇳,1
Yappo illu nayi tara kachchadtave basavanna sangolli royanna shivaji avar aadrsh belisgolli illa saytiri aste tooo nachikegedu indiansss,1
ಹೆಸರಿಗೆ ಮಾತ್ರ ಹಿಜಬ್ ಇದು ಒಂದು ದೇಶ ವಿರೋಧಿ ವಿದೇಶಿ ಫಂಡಿಂಗ್ ಜಬ್,1
"Le Bhosudike Simha,Baba Saheb avaru ninna hindu dharma ne bittu bitru...adanna helappa...",1
Haramkhor sulemaga😂,1
"ನಿಜ, ನೀವು ಹೇಳುತ್ತಿರುವ ವಿಚಾರವನ್ನು ಅತ್ಯಂತ ಗಂಭೀರವಾಗಿ ಪರಿಗಣಿಸಬೇಕು ಹಾಗೂ ಈ ಜಾತಿ ಪದ್ದತಿಯನ್ನು ಹೋಗಲಾಡಿಸಲು ಪ್ರತಿಯೊಬ್ಬರೂ ಶಕ್ತಿ ಮೀರಿ ಪ್ರಯತ್ನಿಸಬೇಕು 👍🙏",0
ಜೈ ಕಾಂಗ್ರೆಸ್,0
ಸುಳ್ಳು ಬೇಳೇ ಎಂಬ ಸಂಘಿ ನಾಯಿ ತಿಪ್ಪೆ ಯಿಂದ ಎದ್ದು ಬಂದೂ ಮೈ ಓದರಿಕೂಳ್ಳುತ್ತಿದೇ,1
ಅದೇ ದೊಂಬಿ ತುರ್ಕುರು ಮಾಡಿದ್ರೆ ಅವರ ಮೇಲೆ ಕೇಸ್ ಎಲ್ಲ ಕುಲಸೆ ವಾ ಎಂಥ ತೀರ್ಪು ಇದು ಪೊಲೀಸ್ ಠಾಣೆ ಮೇಲೆ ದೊಂಬಿ ಆಗಿತು ಈವಾಗ ಅಹ್ ಜಿಹಾದಿ ಸೂಳೆಮಕ್ಕ್ಳು ಅರಾಮ್ ಆಗಿ ಓಡಾಡತವೇ ಎಂಥ ನ್ಯಾಯ ಇದು,1
1 ಲಕ್ಷದ 24 ಸಾವಿರ ಪ್ರವಾದಿಗಳ ಹೆಸರು ಹೇಳಬಹುದಾ ಶಪಿಯವರೇ,1
ಈ ಗ್ರಹ ನಾಮ್ರಧ ಅವನು,0
"Swami Shaale College Dhevasthanagalalli Ravana Seetheyannu Apa Aarana Maaduvudhu,Cenemadhalli Rape Maaduva Bevershigalannu Sanmana Maaduvudhu,Holasu Naataka Yakshagaana Pradhersana Maaduvudhannu Nillishabekaagi Vinanthi.",0
"Good ಮೆಸೇಜ್ ಬ್ರದರ್, ಜಾತಿ ಮೀರಿದಾ ಪ್ರೀತಿ ಹುಟ್ಟಲಿ ಪ್ರತಿ ಮನುಷ್ಯ ನಲ್ಲಿ",0
ದರಿದ್ರ ಕಾಂಗ್ರೆಸ್ ಸರ್ಕಾರ ಇನ್ಮುಂದೆ ಯಾವತ್ತೂ ಅಧಿಕಾರಕ್ಕೆ ಬರ್ಬಾರ್ದು ಲೋಫರ್ ಕಾಂಗ್ರೆಸ್,1
"Muslim darmadavarige innu hechina adyate ide nama deshadalli yakadre avarige urdu government school idave nimma darmada anusara alli hogi kaliri adu bittu ivella yake AA hennu maklanna munde bittu ivella yake madtira ,namage government Hindu Samskuthy school illa,avarigide, adke avara avara darmada vidyabyasa beku adre (hijab burka) allige hogi nama Hindu galigu ade helodu navu Hindu Samskuthy kalibeku adre namaganta Samskuthy school idave alli hogi kalitivi Kesari shal alli hakondu kalitivi,ella darmada makkalu Vidyarthigalu baro vidyanilayadalli yavade darma beda aste, innond mathu nimm nimma darmana nimma mane olagade itkolli",1
ಜೈ ಹಿಂದುಸ್ತಾನ್ 🚩🚩🇮🇳🙏🏻🙏🏻👌🏻,0
Soole magne matte goodse yako gandhijige shoot madida ninu goodse  harami maga,1
Hithihasa mudalu Creact agi thiluku le unfit lider. Divading roles palice magane.,1
"ನೀವ್  ಹೇಳಿದ ವಿಷಯಗಳು ....... ನಂಗೆ ತುಂಬಾ ಸಲ ಅನಿಸಿದೆ .... ಸರ್ , ರಾಕೇಶ್ gwoda ಮೋನಿಕಾ shaiva..... ಅಂತೆಲ್ಲ ಪ್ರೊಫೈಲ್ ನಲ್ಲಿ ಇಟ್ಟ್ಕೊಂಡು ಎನ್ ಸರ್ ಇದೆಲ್ಲ .....ಮತ್ತೆ ಅವ್ರೆಲ್ಲ ಚನ್ನಾಗಿ ಓದಿದವರೇ  ಅದುವೇ ಬೇಜಾರ್ ಆಗುವ ಸಂಗತಿ. ಪ್ರಪಂಚ ಅನ್ನೋದು ಯಾವ್ ದಿಕ್ಕಿಗೆ ಸಾಗುತಿದೆ,, ಆದ್ರೆ ಭಾರತ ಮಾತ್ರ ಜಾತಿ ವಿಷ್ಯದಲ್ಲಿ ಕಿತ್ತಾಡೋದೇ ಆಗಿದೆ 😔....ಮತ್ತೆ ಈ ಜಾತಿ ಹೆಗ್ಗಳಿಕೆ ಮಾಡೋರ್ನ ನೋಡಿದ್ರೆ,,, ಒಂದೊಂದ್ ಸಾರಿ ನಗು ಬರುತ್ತೆ...... ಚನಾಗ್ ಓದಿದವರೇ ಈಗೆಲ್ಲ ಮಾಡಿದ್ರೆ...... ನಮ್ಮ ದೇಶ ನಂಗೆ ಬೇರೆ ಥರಾನೇ ಕಾಣ್ಸತ್ತೆ ☹️😔........",0
ಭವ್ಯ ಮುಸ್ಲಿಂಗೆ ಹುಟ್ಟಿದವಳು,1
ಜೈ  ಭೀಮ್  💙💙 ಹುಲಿ ನಾನು ನಿನ್ನ ಬಾಜು ಇದ್ದವುರು ನಿಂಗೆ ಮೋಸ ಮಾಡತಾರ ನೋಡು ನಿಂಗೆ ಒಂದು ತಿಂಗಳ ಅಲ್ಲಿ 😡😡😡,0
ಪ್ರತಾಪ್ ಸಿಂಹ ಹೇಳಿದನಲ್ವ ಈಗ ನೀನು ತಿಕಾ ಮುಚ್ಕೊಂಡು ಓದು,1
ಈಗಿರುವ ಪರಿಸ್ಥಿತಿ ಅಂಬೇಡ್ಕರ್ ನಿಜವಾದ ಕಳಕಳಿ ಯಾರಿಗೂ ಬೇಡ,0
"Yallardu  jaatigu meeri Valle manasu irutte adanna hudukidre jaati annodu hogutte .
Yallara dehadali hariyodu kempu blood.kai kaalu kannu kivi yallarigu same irutte .
Yake e Jana jaati anno hesaralli tav tave vand agtare adre Valle Manas iro vyaktima doora idtare .
Navella vande manushyaru aste",0
"Nim matu svalpa correct, adre criminal case ge cast nodalla court ella cast gu onde parihara, civil casenalli aya cast ge adarde ada sections idave.....",1
E jati paddatiyanna  hogaladisalu t v  maddyamadavarinda sadya  vagutte  dayavittu prayatna madi pleese.,0
Muslims horragindha bharata ke bandhaglle .  Bharatiyarradha yalla hindu gallu serrkondu oddhu odissidhidhrre. Hindu gallge e sthithi barrtha irrlilla.,0
Dr ambedkar yela Books othi.,0
Media davre pls nimdu question aste erli,0
Lay hadaragitti makkala saabasule makkala Pakistan ge hogi election nillari hadaragitti makkala nimmaavvara tullu,1
Nima appana astina ?,0
ನಿನ್ನಿಂದ ದೇಶಕ್ಕೆ ಅಪಾಯ ಕಟ್ಟಿಟ್ಟ ಬುತ್ತಿ,1
Yatnal neenobba terrorist,0
ಅದ್ಭುತ ಮಾತುಗಳು ಸಾರ್..,0
" @gowda6546  ಮರಕುಂಬಿ  ಅಲ್ಲಿರುವಂತಹ ಗೌಡರಿಗೆ ಅದು ಶಿಕ್ಷೆ ಆಗಿದ್ದು. ನೀನು ಕೂಡ ಅವಿನಾಶ್ ಗೌಡ ಅಲ್ವಾ. ಗೌಡ ಗೌಡರಿಗೆ ಎಷ್ಟೆ ಪ್ರೀತಿ ಇದ್ರೂ. ಇನ್ನೊಬ್ಬರ ಮನೆಗೆ ಬೆಂಕಿ ಇಟ್ಟಾಗ ಈ ಗೌಡರ ಮನೆಗೆ ಕಾನೂನು ಎಂಬ ಕಾಯಿದೆ ಲಗ್ಗೆ ಇಟ್ಟಿತು. ಆಗ ಇವರ ಗೌಡರ ಎಂಬ ಕಿರೀಟ ನೆಲಕ್ಕೆ ಬಿತ್ತು. ಕಾನೂನು ಎಂಬ ಕಾಯಿದೆ ಮುಂದೆ ಇನ್ಯಾವ ಗೌಡರಿಗೂ ಇಲ್ಲಿ ಜಾಗ ಇಲ್ಲ. ನಾವು ಗೌಡರು ನಾವು ಗೌಡರು ಎಂದು ಬೀಗಿದವರು 98 ಮಂದಿ ಜೀವಾವಧಿ ಶಿಕ್ಷೆಗೆ ಅರ್ಹರಾಗಿದ್ದಾರೆ. ಅವಿನಾಶ್ ಗೌಡ ನಿನ್ನ ತ**  ಉರಿತಿದೆ ನೀನು ಕೂಡ ಇದೇ ರೀತಿ ಗೌಡ ಗೌಡ ಎಂದು ಅಹಂಕಾರದಿಂದ ಬೀಗಿದರೆ ದಲಿತರ ಮೇಲೆ ನಿನಗೂ ಕೂಡ ಜೀವಾವಧಿ ಶಿಕ್ಷೆ ಆಗುವುದರಲ್ಲಿ ಸಂದೇಹವೇ ಇಲ್ಲ. ಮುಚ್ಕೊಂಡು ನೀನು ಒಬ್ಬ ಮನುಷ್ಯ. ದಲಿತರ ಕೂಡ ಮನುಷ್ಯರೇ. ಮುಚ್ಕೊಂಡಿರು ಅವಿನಾಶ್ ಗೌಡ ನಿನ್ನ ತ** ಉರಿಯುತ್ತಿದೆ. ಅವಿನಾಶ್ ಗೌಡ ಇನ್ನು ನಿಮ್ಮ ಗೌಡರ ದಬ್ಬಾಳಿಕೆ ನಡೆಯಲ್ಲ  ಕಾನೂನಿನ ರಕ್ಷಣೆ ದಲಿತರ ಮೇಲಿದೆ ಅದೇ ದಲಿತರನ್ನು ಕಾಪಾಡುತ್ತೆ.
 ಜೈ ಭೀಮ್ ಜೈ ಅಂಬೇಡ್ಕರ್ 🇪🇺",0
Matena malla,0
Namma hidugalella oggattagabeku,0
Adam seeker urdu,0
ಕಾಂಗ್ರೆಸ್ ಗೆ ನೇರ ಸಂಭಂದ ಇದೆ,0
ಭಾರತದೇಶದಲ್ಲಿ ಎಲ್ಲಾ ಧರ್ಮದ ಮಿತ್ರರಿಗೂ ಒಂದೇ ಕಾನೂನು ಇರ್ಬೇಕು,0
"ಸತ್ಯ ಹೇಳೋ ತಾಕತ್ ಪ್ರತಾಪ್ ಸಿಂಹ ಗೆ ಇದೆ, ತಡಕೊಳ್ಳೋಕೆ ತಾಕತ್ ಇದೆಯಾ 🙏🙏🙏🙏",0
ಜೈ ಭೀಮ್,0
Pratap shimla awre awru ella ogat torstralla... nawru kuda nam strenten president of Indiag torana Ambedkar war suggestion na realityg madsna bani..,0
ಬಾಬಾಸಾಹೇಬರು ಭಾರತದ ಮೊದಲ ಪ್ರಧಾನಿ ಆಗಿದ್ರೆ ಹಲವಾರು ಸಮಸ್ಯೆ ಗಳನ್ನು ಬಗೆ ಹರಿಸುತಿದ್ರು.... ಆದ್ರೆ ನಮ್ಮ ದೇಶದ ದುರಂತ ಕಾಚಾ ನೆಹರು ನ ಪಿಎಂ ಮಾಡಿದ ದುರಾತ್ಮ ಗಾಂಧಿ..... ಅದರ ಪಲ ಈಗ ಅನುಭವಿಸ್ತಾ ಇದೀವಿ..... ಜೈಭೀಮ್... ಜೈ ಹಿಂದ್,0
Jai Beem💥,0
Good massage sir,0
ಮದರಸ ಮುಗಿಸಿ ಬಂದ ಮಕ್ಕಳು ನಮ್ಮನೆಗೆ ಕಲ್ಲು ಹೊಡಿದಿದ್ದು ಯಾಕೆ,1
"ಮಾತಾಡೋದು ಬಿಟ್ಟು.. ತುರ್ಖಾ. ಜಿಹಾದಿ. ಉಗ್ರ.ಮುಸ್ಲಿಂ ಗಳನ್ನ ಒದ್ದು ಓಡಿಸಿ 😡😡😡

Jai Shri Ram 🚩🕉️🚩",0
ಯಾವ ಸರ್ಕಾರದ ಅವಧಿಯಲ್ಲಿ ವಖ್ಫ್ ಹೆಸರು ಆಸ್ತಿಯ ದಾಖಲೆಯಲ್ಲಿ ಅನ್ಯಾಯವಾಗಿ ಸೇರ್ಪಡೆಯಾಗಿದೆ ಎನ್ನುವುದು ಮುಖ್ಯವಲ್ಲ. ಅನ್ಯಾಯ ಯಾವ ಕಾಲದಲ್ಲಿ ಆದರೂ ಅನ್ಯಾಯವೇ. ವಖ್ಫ್  ಆಸ್ತಿ ಎಂದರೆ ಮುಸ್ಲಿಂರು ದೇವರಿಗೆ ದಾನ ಮಾಡಿರುವ ಆಸ್ತಿ ಎಂದು ಜಮೀರ್ ರವರು ಹೇಳಿದ್ದಾರೆ. ಆದ್ದರಿಂದ ಯಾವುದೇ ಯೋಗ್ಯ ಆಸ್ತಿ ವರ್ಗಾವಣೆ ಪತ್ರ/ಆಸ್ತಿ ದಾನ ಪತ್ರ ಇಲ್ಲದೇ ಇರುವ ಎಲ್ಲಾ ವಖ್ಫ್ ಆಸ್ತಿಯ ದಾಖಲೆಯಿಂದ ವಖ್ಫ್ ಹೆಸರನ್ನು ತೆಗೆದು ಹಾಕಲು ವಖ್ಫ್ ಕಾನೂನಿಗೆ ಸೂಕ್ತ ತಿದ್ದುಪಡಿ ಮಾಡಿಬೇಕು.,1
Howdu ellaru clen irbeku and ellaru good educate agerbeku ellaru channagi dudibeku aste .aaga yar yaran bekadru madve agbahudu.,0
ಬ್ರಾಹ್ಮಣ ಏಲ್ಲರು ಕುಡುದು ತಿಂದು ನಾಶ ಆಗಿದ್ದಾರೆ ಸರ್,1
Yen yourella hogi bagnodidru yaro yavthara bjp yalla evra byale beskollake yen bekadru helutte,0
Ivnige eno Muslim kandre uri.. May be Muslim kandu hedrikr jasthi adre swalpa jasthine bolaglatanr. Iavrigr innoo maryade hogveka.. Ella news Ali kyakarsi ugiskondroo buddi barala,1
" @Win2prh385  ಲೆ ದಡ್ಡ ಗೂಬೆ, ಸಂಪತ್ತು ಎಲ್ಲರಿಗೂ ಸಮನಾಗಿದ್ದಾಗ ರೂಲ್ಸ್ ಎಲ್ಲರಿಗೂ ಒಂದೇ,",1
Chatpathi allo chakravarhi,0
Cast cirtificate ban madbeku sir,0
Mucchu..tikkka... alemari,1
ಉಪಯೋಗವಿಲ್ಲ .......ಈ ಚರ್ಚೆಗೆ....ಮುಸ್ಲಿಂ.ಪ್ರಾಬಲ್ಯ....ನಂತರ ..ಇದು ಭಯಾನಕ...ಹಿಂದೂಗಳು ಯೋಚಿಸಬೇಕು,1
Albyado maraya yak alati 😂,0
Darmastalla dalli DALITA NA KOLE MAADAGA MOHAN BHAGAVATH HEL HOGIDRE NIN JATHIVADI YAVARU  MADIRO THAPIGE MUNDONDU DINA?      JAI BHEEM JAI BHARAT JAI SAMVIDDAN🙏🙏🙏🙏🙏🙏🙏,1
Mr Chakravarti  Soujanya na baggae maathadi nooduva,0
Namage gotela neme erale  neme kareyalu mathra,0
le yatnal  jai bheem bagee mattalka. Nachagibarabek. yatnal,0
"ಜಾತ್ಯಾತೀತ ದೇಶದಲ್ಲಿ ಜಾತಿಯದೇ ಪಾರುಪತ್ಯ. ಎಲ್ಲವೂ ಜಾತಿಯ ಹೆಸರಲ್ಲೇ. ಇದೇ ಇದರ ವಿಪರ್ಯಾಸ. 
   ಜಾತ್ಯಾತೀತ ನೀತಿಯನ್ನು ಸರಿಯಾಗಿ, ಕಡ್ಡಾಯವಾಗಿ ಕಾನೂನು ಮಾಡಬೇಕು, ಪಾಲಿಸಬೇಕು. 
   ಜಾತಿ ಮೀಸಲಾತಿಗಳನ್ನು ಮೊದಲು ರದ್ದು ಮಾಡಬೇಕು. ಆರ್ಥಿಕ ಆಧಾರದ ಮೇಲೆ ಮೀಸಲಾತಿ ಇರಬೇಕು. 
    ಜಾತಿ  ಜನಾಂಗದ ಹೆಸರಿನ ಸರಕಾರದ ಪ್ರಾಧಿಕಾರ ಮಂಡಳಿಗಳನ್ನು ರದ್ದುಪಡಿಸಬೇಕು. ಸರಕಾರ ಜಾತಿ ಮತ ಅಲ್ಪಸಂಖ್ಯಾತ  ಮೀಸಲಾತಿ ವರ್ಗೀಕರಣಗಳನ್ನು ತೆಗೆದು ಎಲ್ಲ ಆರ್ಥಿಕ ಹಿಂದುಳಿದವರಿಗೆ ಸಮಾನ ರೀತಿಯ ಮೀಸಲಾತಿ ನೀಡಬೇಕು. ಆಗ ಅಗತ್ಯ ಇರುವವರಿಗೆ ಮಾತ್ರ ಸೌಲಭ್ಯ ದೊರೆತು ಹಿಂದುಳಿದವರು ಮುಂದುವರಿಯುತ್ತಾರೆ. 
  ಈಗಿನ ಪದಾತಿಯಲ್ಲಿ ಮೀಸಲಾತಿ ಪಡೆದವರೇ ಪಡೆಯುತ್ತಾ ಇದ್ದರೆ. ಸಚಿವ ಶಾಸಕ ಅಧಿಕಾರಿಗಳ ಮಕ್ಕಳಿಗೂ ಮೀಸಲಾತಿ ಅವರ ಜಾತಿಯ ಕಡುಬಡ್ಸ್ವರು ಇದರಿಂದ ವಂಚಿತರಾಗಿ ಬಡವರಿಗೆ ಉಳಿಯುತ್ತಿದ್ದಾರೆ. ಇದರ ಪರಿಹಾರಕ್ಕೆ ಈಗ ಕೆನೆಪದರ ಬಂದಿರುವುದು. ಈ ಕೆನೆಪದರ ಮೀಸಲಾತಿಯ ಆರ್ಥಿಕ ಮೀಸಲಾತಿ .",0
"ಜಾತಿ ಅಂತಾ ಹೇಳಿರಿಗೆ ಒಂದು ಅರ್ಥ ಆಗ್ಬೇಕು ಭಾರತ ದೇಶನ ಇವತ್ತು ಕಾಪಾಡುತ್ತಾ ಇರೋದು ಜಾತಿ ಅಲ್ಲ....ಧರ್ಮ ಅಲ್ಲ..🙏 ಇಂಡಿಯನ್ ಆರ್ಮಿ ಸೈನಿಕರು ಅವ್ರಿಗೆ ಜಾತಿ ಇಲ್ಲ, ಅಂದ್ರೆ ಜಾತಿ ಬೇಕಿಲ್ಲ, ದೇಶ ಬೇಕು...! ಅಂದ್ರೆ ಅವ್ರು ಅವರಿಗೆ ಬದುಕತಿಲ್ಲ ನಮಗಾಗಿ ದೇಶಕ್ಕಾಗಿ ಬದುಕುತ್ತಿದ್ದಾರೆ... ನಾವು ಅಷ್ಟೇ ದೇಶಕ್ಕಾಗಿ ಬದುಕಬೇಕು😢😢🙏🇮🇳🇮🇳🇮🇳🇮🇳🇮🇳",0
ಒಬ್ಬ ಹಿಂದೂ ವಾಗಿ ಇನ್ನೊಬ ಧರ್ಮದ ಮಹಿಳೆಯರ ಬಗ್ಗೆ ಕೆಟ್ಟದಾಗಿ ಮಾತಾಡೊ ನಿನೋ ಒಬ್ಬ ನಾಯಕ ಆಗ್ಲಿಕೆ ನಾಲಾಯಕ್,1
ಕುಳ್ಳ ಸಾಬಿ ಚಾಮರಾಜಪೇಟೆ ಕ್ಷೇತ್ರ ಬಿಟ್ಟು ಬೇರೆ ಕಡೆ ಸ್ಪರ್ಧೆ ಮಾಡಿ ಗೆದ್ದು ತೋರಿಸಲಿ,1
Baba saheb ambedkar samvidhan  virodhi  chaddi sanghi fascist  naayi,1
" @Uday-o7p  ದಲಿತರು ಒಡೆದು ಹೋಗಿಲ್ಲ ,,ಅವರನ್ನೇ ಓಡೆಯಲಾಗುತ್ತೆ ಸತ್ಯಾಂಶ ಇದೆ",0
"Yetnal gowdre, Nivu Hindu hooli, Prati Hindu vote baruhanga madtivi, hagala ratri dudidu nimaga CM madtivi, WAKF Board tirvi ogiri, zameer namak haram sulimaga 1 Regr RTO number 2 bus odistidda 1st avaga vaddu olaga hakri, recently avana 1acre mani Raid adre koti koti sikketi aste saku DK hoda jagakke hogli",0
ಮೊದಲು ನಮ್ಮ ಜನ ಈಗಿನ ಜಾನಪದ ಗೀತೆಗಳು ಕೇಳೋದು ಬಿಡ ಬೇಕು   . ಇದರ ಬಗ್ಗೆ ಗಮ್ಮನ್ ನ ಹರಿಸಬೇಕು ಜೈ ಶ್ರೀ ರಾಮ್,0
Le ninga dharmma mukke agidare ninu pakishtanake hogrle,1
ಜೈ ಶ್ರೀರಾಮ,0
ಕಾಂಗ್ರೆಸ್ನ ಬೆರಕೆ ಹಿಂದೂ ನಾಯಿಗಳಿಗೆ ಇದೆಲ್ಲ ಅರ್ಥ ಆಗಲ್ಲ,1
"Kallu Hodeyoru, Bomb haakoru yellaru mathandhare allave madam, Ivarannu Samarthane maadoru idhaare,",1
" @MadhuGowda-vu8vd  BNS IPC  section alli iru case yella misuse aguthe agantha adna beda anudhukke agalla.
Misuse adre court enu fool alla.",0
"ಅಮರ್, ಮನುಷ್ಯರ ಹೊರಗಿನ ಮಾತುಗಳನ್ನ ಹೇಳ್ಬೇಡಿ, ಅವರ ಹೃದಯದ ನಿಜವಾದ ಸ್ವಭಾವಗಳ ಕುರಿತು ಮಾತಾಡ್ರಿ,  ಪತ್ರಕರ್ತನಿಗೆ ಭಯ ಇರಬಾರದು, do some ethical journalism",0
ಬಾಡಿಗೆ ಭಾಷಣಕಾರ 😂😅,1
"Amar sir tumba channagi matanadiddiri  thanks, manusyatva idre jatiyate bidtare ila adre avaru mundina janmadali nahiyagi hudtare bidi sir",0
Deshakke ella sadya ide adre ellaru hindugalu ottaga beku aste,0
ಸರ್ ತುಂಬಾ ಚನ್ನಾಗಿ ನಮ್ಮ ಜಾತಿ ಬಗ್ಗೆ ಜನರಿಗೆ ತಿಳಿಸಿ ದೀರಾ ಸರ್ ನೀವು ಥ್ಯಾಂಕ್ಸ್ ಸೊ ಮಚ ಸರ್ ಇನ್ನು ಚನ್ನಾಗಿ ಜನರಿಗೆ ತಿಳಿಸಿ ಸರ್ ಜಾತಿ ಬಗ್ಗೆ ಸರ್ ನಿಮ್ಮಗೆ ಅಲ್ಲ ದಿ ಬೆಸ್ಟ್ ಸರ್ ನಿಮಗೆ,0
ಯಾತನಲ್ ಸೂಪರ್ ಸರ್ ಹಿಂದೂ ಹುಲಿ ❤❤❤❤ ಸೂಪರ್,0
ತುರ್ಕರೊಂದಿಗೆ ಸಂಪೂರ್ಣ ವ್ಯಾಪಾರ ಬಿಡಿ ತುರ್ಕರ ಆಟೋ ಕೂಡ ಅತ್ತ ಬೇಡಿ,0
" @drchetana8389  mat SC ST en rich idaara, swalpa UP alli hogi nodu Rajstan gujrat totally uttara bharata kade hogi nodu, alli sc st OBC life heg ide arta aagutte, ninu ondina aadru SC ST OBC janara mele aaguva Untouchability bagge viroda madidiya, idre ond example kodu, avaga ninu shreshta hindu Anta vapkotini, yavdadru ond post idiya kodu nodan...",1
ನನ್ನದು ಒಂದು ಪ್ರಶ್ನೆ ಪ್ರತಿ ದಿನ ಮುಸ್ಲಿಮರನ್ನು ಸುಳ್ಳು ಆರೋಪ ಮಾಡಿ ಹೂಡಿ ತಾ ಇರ್ತೇರೆ ಇ ಪಪಿ ಗಳಿಗೆ ಯಾವಾಗ ಸಿಕ್ಷೆ,1
"ಒಬ್ಬರು ಮಾತಾಡುವಾಗ ,ಬೇರೆಯವರ ಸ್ಪೀಕರ್ ಆಫ್ ಮಾಡಬೇಕಾಗಿ ಕೇಳಿಕೊಳ್ಳುತ್ತೇವೆ.🙏🙏",0
ಬೇರೆ ದೇಶ ದಿಂದ ಬಂದವರು ಹೇಳೋದು ಇದನ್ನೇ.,0
ಗಟಾರ್ ನಲ್ಲಿ ಹಂದಿಗಳ ಜನಸಂಖ್ಯೆ ಹೆಚ್ಚಾದ ಹಾಗೆ 😃😃,1
"ಯತ್ನಾಳ್ ಅವರಂತ ನಾಯಕರು ನಮ್ಮ ರಾಜ್ಯದ ಮುಖ್ಯಮಂತ್ರಿ ಆಗಬೇಕು.
ಇಂಥ ನಾಯಕರಿಂದ ಮಾತ್ರ ದಕ್ಷ ಆಡಳಿತ ಸಾದ್ಯ..",0
ನೀನು ಓರ್ವ ಹುಚ್ಚ,0
ಅದು ನೀನು ಬರ್ಕೊಂಡಿರುವ ಇತಿಹಾಸ ..ಆಗ್ ನಡೆದಿದ್ದೇ ಬೇರೆ ಮಗ,0
Evanubba nalahakku anchor. Hijab samaja da sabyathe horethu berenu alla. Bhagva chaddi manasika vasani galige artha wagadu.,1
ಈ kachada ನನ್ ಮಕ್ಕಳ  ಆಸೆ ಆಮಿಷ ಗಳಿಗೆ   ಬಲಿ ಯಾಗಿ  ವೋಟ್ ಹಾಕಿದ  ನನ್ ಮಕ್ಕಳಿಗೆ  ಧಿಕ್ಕಾರ.... ಜೈ ಶ್ರೀ ರಾಮ್ 🙏,1
ಇವಳು ರಜಾಕ್ ಗೆ ಮೆಚ್ಚಿಸಿಲುಕ್ಕೇ ಈ ತರ  ಗುಡ್ಡಡ್ತಾ ಇದ್ದಾರೆ,0
"Screen mele hakiro hedline nodidrene gottagutte.
Nivu yasht urkontira nam mele anta.
Nand ondu matu 
Matadadidre shantiyeteyagi  2 kade matadi 
Niv nive kitadkond sayod namge live aagi torsbedi.
Niven high court alla.
Sumne uriyo benkige cimeyenne
Suriyotara.",1
"Sir, avarige illa sallada idea kodbedi........",0
ಹಳೆ ಕಥೆ ಹೇಳಿ ಮುಖಕ್ಕೆ ಕೈಯಾಡಿಸಬೇಡಿ ಜೈಭೀಮ ಜೈಮೀಮ,0
"Brother no skills no job 🤣🤣..
Upskill your self ..
Conclusion ..
Byare avr tunni mel jeevna mad byadi 🤣🤣🤣",1
Samasye create madalu ivara kelasa,1
ನಿಮಗೆ ದಮ್ಮಿದ್ರೆ ವಿಜೇಂದ್ರ ಮುಂದೆ ಶಿಕಾರಿಪುರಕ್ಕೆ ಬನ್ನಿ ನಿಲ್ಲು,0
ನೀನು ಸಂಸದನಾಗಿ ಅದೇನ್ ಕಡಿದು ಗುಡ್ಡೆ ಹಾಕಿದ್ದೀಯಾ ಹೇಳಪ್ಪ ..,1
ಕಥೆ ಚೆನ್ನಾಗಿಯೇ ಹೇಳ್ತಿರಿ.. 😄,0
"The Power Jathi Vyavaste:-

Hindu dharma idar sanskriti yuga yugagalinda yeste asankyata akramana adalita badalavanegalu adaru yava shatru samajakku idannu nashamadalu asadyavagide idakkella shakti Jathi Vyavaste😊🚩",0
ಅದೇ ಅಂಬೇಡ್ಕರ್ ಕೋಮುವಾದ ಸೃಷ್ಟಿಸಿ ಸಮಾಜದಲ್ಲಿ ಬೆಂಕಿ ಹಚ್ಚುವ ನಿನ್ನಂತಹಾ ಕ್ರಿಮಿಗಳನ್ನ ಸಂವಿಧಾನದ ವಿರುದ್ಧವಾಗಿ ನೆಡೆದುಕೊಂಡವರನ್ನ ನೇಣಿಗೆ ಹಾಕಿ ಅಂದಿದ್ದಾರೆ ಅಲ್ವಾ ತಿಮ್ಮಾ,1
ಈ ಮಾತುಗಳು ಹೇಳಲು ಕೇಳಲು ಚೆನ್ನಾಗಿವೆ ನಿಭಾಯಿಸಲು ಎಂದಿಗೂ ಆಗಲ್ಲ.,0
sarvajanangada shantiya thota namma bharata muttala muttal,0
ಒಳ್ಳೆ ಸತ್ಯ ಮಾಹಿತಿ,0
"ಸರ್ ಈ ಜಾತಿ ವ್ಯವಸ್ಥೆ ಸರಿ ಹೋಗಲು ಅತ್ಯಾವಶ್ಯಕವಾಗಿ ಬೇಕಾಗಿರುವುದು ಶಾಲೆಯ ದಾಖಲಾತಿ ಕಾಗದಗಳಲ್ಲಿ. ದಾಖಲಾತಿ ಕಾಗದದಲ್ಲಿ ಯಾವಾಗ ಜಾತಿ ಅನ್ನೋ ಕಲಂ ತೆಗಿತಾರೋ ಆಗ ಈ ಜಾತಿ ವ್ಯವಸ್ಥೆ ಸರಿಹೋಗುತ್ತೆ. ಯಾಕೆಂದ್ರೆ ಒಂದು ಮಗು ಜನನ ಆದಾಗ ಅದ್ಕೆ ನಾನು ಯಾವ್ ಜಾತಿ ಯಾವ್ ಕುಲ, ಗೋತ್ರ ಏನು ಗೊತ್ತಿರಲ್ಲ. ಆ ಮಗುವಿಗೆ ಅಧಿಕೃತವಾಗಿ ಗೊತ್ತಾಗೋದೇ ಶಾಲೇಲಿ. ಅಲ್ಲಿಂದ ಅದು ಜಾತಿ ವ್ಯವಸ್ಥೆಗೆ ಸಿಲಿಕಿಬಿಡುತ್ತೆ.ಹಾಗಾಗಿ ಬದಲಾವಣೆಯ ಆರಂಭ ಅಲ್ಲಿಂದಲೇ ಶುರುವಾದರೆ ಖಂಡಿತ ಈ ದೇಶ ಈ ಜಾತಿ ವ್ಯವಸ್ಥೆ ಇಂದ ದೂರ ಉಳಿಯುತ್ತೆ.ಮತ್ತು ಇದರಲ್ಲಿ ಸರ್ಕಾರ ಅತೀ ಮುಖ್ಯ ಪಾತ್ರ ವಹಿಸಬೇಕು ಎನ್ನುವುದು ನನ್ನ ಅನಿಸಿಕೆ.",0
Hade handiyannu tinnuva sangi,1
Kailagadha avru resign kodtharae.,1
Annna nenu mundina mukyamantri adare suppar 🙏🙏🙏👌,0
ನೀ ಏನೆ ಭಾಷಣ ಮಾಡಿದ್ರು ನಿನ್ನ ಧಮ್,1
"Nin amman thulla ge thunni ayethe yatnaal du,,,adke",1
really hats off to you Amar Prasad   Avre very nice video. Innadru ella samudayada janagalu kuda e video  nodi avaralli iro jathiya. Taratamya marethu. Oggattina. Mantra ghosha. Molagisali. 🎉🎉🎉🎉.,0
ನೀನು ಪಕ್ಕಾ ತುರ್ಕರು ಗೆ ಹುಟ್ಟಿರಬೇಕು ಲೋಫರ್.. Jai chakravarthy sir❤️❤️,1
"ಜಾತಿ, ಧರ್ಮ ಯಾಕೆ ಬೇಕು!!... WE ARE ONLY INDIANS FIRSTLY AND LASTLY..",0
ಅಂತರ್ಜಾತೀಯ ವಿವಾಹವನ್ನು ನಾವು ಬೆಂಬಲಿಸುತ್ತೇವೆ,0
ದಲಿತರು ಬೆರೆ ಇಲ್ಲ ಲಿಂಗಾಯತರು ಬೇರೆ ಅಲ್ಲ😅😅😅 ಒಳ್ಳೆ comedy,0
Edu lost anasutte nindu MLA,0
Nim yalla dharmakkinta maanava dharma dodddu manushyaneige manushyane samaanate kodalarada dharma e deshakke beeda,1
Off suli ಮಕ್ಕಳ ಓಲೈಕೆ  ಕಾಂಗ್ರೆಸ್ ಸರ್ಕಾರ,1
ಸರ್ ಕಾಲೇಜು ಅಲೇ ಹೀಜಾಬ ಹಾಕೀದರೇ ನಿವು ನಾಳೆ ಪೋಲಿಸ್ ಬಿಎಸ್ಎಫ್ ನೌಕರಿ ಮಾಡಬೇಕಾದರೆ ಹಿಜಾಬ್ ಧರಿಸಿ ನೌಕರಿ ಮಾಡುತ್ತೀರಾ,1
Sorry eli nimga urdedu sanvidana gedetide dalitaru gedetedare anta,0
Niva irudu idra hinnda,0
ಬೋಗಸ್ ಹೋಟಲೆ ಆಯ್ಕೆಆಗಿ ಲೆ ನಿನ್ನ ದಮ್ಮ ಎಷ್ಟು ನೋಡಿವಿ,1
​ @chiranjivih8465 ಹಾಗೇ ಒಂದೊಂದು ಬ್ಲೇಡ್ ಕೂಡ ತಗೊಂಡ್ ಬನ್ನಿ😂,1
ಜೈ ಭೀಮ ಜೈ ಶ್ರೀರಾಮ್,0
ಬೊಗಲೆ ಬಡವರ ಜೀವದಲ್ಲಿ ಆಟ ಆಡುವ ಅವಿವೇಕಿ ಬಡಾಯಿ ಚಿನ್ನದರಸ್ತೆ😂😂😂...  ಮಾಡಿತೋರಿಸು ಇಲ್ಲಿ ಯಾವ ವ್ಯವಸ್ತೆಯೂ ಇರಲ್ಲ...,0
thoo s....... ಮಕ್ಕಳು..... ಇಷ್ಟು... 70 ವರ್ಷ ದೇಶವನ್ನು ಆಳಿ ಹಿಂದುಗಳಿಗೆ ಅನ್ಯಾಯ ಮಾಡಿದೆ,1
Iddiddu helidare ivanige kopa 😅,1
ನ್ಯಾಯ ನ್ಯಾಯನೇ,0
ಜಾತಿ ಜಾತಿ ಅಂತ ಸಾಯೋರಿಗೆ ಇದು ಒಂದು ಪಾಠ.,1
Ninu yava job ede estu political function madtiya,0
Modulinda ekanunu ediya itichige,0
ಜೈ ಶ್ರೀ ರಾಮ್ .ಜೈ ಮೊದಿಜಿ .ಜೈ ಚಕ್ರವರ್ತಿ ಸರ್,0
ಯಾಪ್ಪಾ ಏನಪ್ಪಾ ಸತ್ಯ ತಲೆಮೇಲೆ ಹೊಡದಂಗೆ ಹೇಳ್ತಿಯ.ಹೇಳದಲ್ಲ ಹೇಳ್ಬಿಟ್ಟು ರಾಜ್ಯದಲ್ಲಿ ಬೆಂಕಿ ಹಾಕ್ಬಿಟ್ಟು ಈಗ ಕಥೆ super,1
Jaathi   Jathiya  Meesalathi  Aeradu  Beada  Samanathe Baruthade,0
ನೀವು ಅಂತರ್ಜಾತಿ ವಿವಾಹ ಆಗಿ ನಿಮ್ಮ ಬದ್ದತೆ ತೋರಿಸಿ,1
Le lucha ninu natka madu mama le ckutha sule belle,1
ಅಂತರ್ಜಾತಿ ಯಲ್ಲಿ.ಮದುವೆಯಾಗಿ.ಅವರಿಗೆ.ಹುಟ್ಟಿದ.ಮಕ್ಕಳಿಗೆ.‌ಸರ್ಕಾರ.ಉಚಿತ.ಶಿಕ್ಷಣ.ಮತ್ತುಸೌಲಭ್ಯ.ಕೋಡಬೆಕ.ಸರ್,0
Sakkapa bogolodhu,1
ಬಹಳ ಅದ್ಭುತವಾದ ಮಾಹಿತಿ 👌👌,0
ಬಾಂಗ್ಲಾ ಪ್ರಧಾನಿ ಹಸೀನಾ ಗೆ ಬಾಡೂಟ ಹಾಕಿ ಕುಳಿತಿರುವ ಸೂಲಿಬೆಲೆ ಸರಕಾರ ಹಿಂದು ಪರನಾ?,1
N8mmamma na ethukondu ogi adda idu 10q jankkr chennagi dengtare,1
E reporter sari ella evne beda bava madta edane... Benki evne achta erodu...,0
Jai Sulibele,1
"ಶಾಲಾ ಕಾಲೆಜುಗಳಲ್ಲಿ ಹಿಜಾಬ್ etc ಹಾಕುವುದು ತಪ್ಪು ಆದರೆ.. ok ಅದನ್ನ 
ತೆಗಳುವ  ಭರದಲ್ಲಿ ಜೈನ,ಬ್ರಾಹ್ಮನರ ಧಾರ್ಮಿಕ ವೇಷ ಭೂಷಣ ಯಾಕೆ ಅವಹೇಳನ ಮಾಡ್ತೀರಿ..? ಇದನ್ನ ನಾವು ಖಂಡೀಸ್ತಿವಿ.. Live alli ಬಂದು ಕ್ಷಮೆ ಕೇಳಿ..😡
 ನೆನಪಿಡಿ..
ನಾವು ಕೂಡ(ಜೈನರು) ಸನಾತನ 
ನಾಗರೀಕತೆಯ ಅವಿಭಾಜ್ಯ ಭಾಗ..🕉❤🚩",1
Idu guru matu andre...goudre 🔥🔥,0
"Yakappa   sullu yaltiya
Dudidu tinnappa",0
ಜನರನ್ನು ಕುರಿಗಳು ತರ ಧರ್ಮ ಎಂಬ ಕತ್ತಿ ಹಿಡಿದು  ಬಲಿಕೊಡುವ ಒಂದು ಪಕ್ಷದ ಹೆಸರಲ್ಲಿ ಮಾರಿಕೊಂಡವ ನೀನು ಧರ್ಮ ದ್ರೋಹಿ ಅಷ್ಟೇ ಅಲ್ಲ ದೇಶದ ದ್ರೋಹಿ ಮತ್ತೆ ಸಂವಿದಾನ ದ್ರೋಹಿ,1
​ @MOHAMMEDSALIMPASHA #1 nim jameer bolimaga...,1
Oh... I can't believe. Helirodannu swagatisuthewe but idu baree bhashana. Alla thane?,0
Nimma  Masthu  nithiyagali,0
ಅದ್ಬುತವಾದ ವಿಶ್ಲೇಷಣೆ ಸಾರ್ ಸೂಪರ್ ❤❤❤,0
"Get lost loffer sulebele ! Komavadhi Komavadhi you are one of meerasadaka in our land !
Hindhus is not your asset mind it !
You are manusmrithi group !!!",1
Jai shree Ram 🚩🚩,0
Untouchability came From brahamanaru,1
ಅಣ್ಣ ನಿನ್ ಹೇಳೋದ್ ಸರಿ ಆದ್ರೆ ಮಂಗಳೂರು ಇಂದ ಬೆನಗಳೂರಿಗೆ ಬುಲೆಟ್ ಟ್ರೈನ್ ಯಾವಾಗ ಬರೋದು,0
ವಕ್ಪ ನಲ್ಲಿ ಹಿಂದೂ ಮುಸ್ಲಿಂ ಎಲ್ಲಾರು ಕೆಲಸ ಮಾಡುತ್ತಾರೆ ಲೇ ಹುಚ್ಚ ನಿನ್ನ ಹುಚ್ಚ ಮಾತು ಕೇಳುವರು ದೊಡ್ಡ ವಿಚಾರ ವಂತರು,0
"ಈ ಹಿಂದೂ ವಿರೋಧಿ ಭಯೋತ್ಪಾದಕ
ಸೂಳೇಮಕ್ಕಳನ್ನು ನಿಮ್ಮ ಚಾನೆಲ್ಲಿಗೆ
ಯಾಕೆ ಕರೆಸ್ತಿದೀರಿ ಅನ್ನೋದು ನಮಗೆ
ಅರ್ಥಾನೇ ಆಗ್ತಿಲ್ಲಪ್ಪ. ಕ್ಯಾಕರಿಸಿ ಉಗಿದು
ಚಪ್ಪಲಿಯಿಂದ ಮುಖದಮೇಲೆ ಭಾರಿಸಿ
ಆಚೆಗೆ ನೂಕಿ ಲೌಡೀಮಕ್ಕಳನ್ನ.",1
ಅಂಬೇಡ್ಕರ್ ರವರು ಹಿಂದೂ ಧರ್ಮ ಬಿಟ್ಟು ಬೌದ್ಧ ಧರ್ಮಕ್ಕೆ ಹೋದ್ರು ಯಾಕೆ ಹೇಳಿ ಜನಕ್ಕೆ ಗೊತ್ತಾಗಲಿ,0
Namma hindugalalle dhuddigoskara votige ninthu vote annu vibhajane maadthare,1
Muslim avru cristian avru mathra yee dheshadha  seeve  madlilla nivu madthiro  seevene jasthi idhe nodi sir,1
"ಇದೇ ವೇದಿಕೆಯಲ್ಲಿ ಮಹಿಳೆಯೊಬ್ಬರು ಬಡತನ ಮುಸ್ಲಿಂ ಮಹಿಳೆಯರನ್ನು ಶಿಕ್ಷಣದಿಂದ ದೂರವಿಟ್ಟಿದೆ ,ಆ ಬಡವರು ಹೇಗೋ ಕಷ್ಟಪಟ್ಟು ಹಿಜಾಬ್ ಧರಿಸಿ ಕಾಲೇಜಿಗೆ ಬಂದರೆ ಅವರನ್ನು ಹೊರತಳ್ಳಿ ಅನ್ಯಾಯ ಮಾಡಲಾಗ್ತಿದೆ ಅಂತ ಅಲವತ್ತುಕೊಂಡ ದ್ದು ನೋಡಿದೆ.ಆ ಹಿಜಾಬಿನಿಯರು ಅಂಥಾ ದಾರಿದ್ರ್ಯ ಹೊಂದಿದ್ದವರಾ!?ಆ ಕಡುಬಡವರು ಹೈಕೋರ್ಟ್ನಲ್ಲಿ ದಾವೆ ಹೂಡುವಲ್ಲಿ ಫೀಸ್ ಬರಿಸಿದವರು ಯಾರು!?",1
"Simpel mater Helitini Keli . 1500 year Hinde Paigmber Bandiddu but Islam Already Ittu Hogi Doubt iroru chek Madbhud Google alli
❤ Jai Hind",0
Ji   Chakravarti  Sulebel   Ji  Sahaara   Pranam  Ji,0
ವಿಶ್ವ ಗುರು ಆಗುವ ಹಂಬಲ ಬೇರೆ ಬೇಜಾನ್ ಜಾತಿ ದುರ್ನಾತ ಇರೋ ದೇಶದಲ್ಲಿ.,0
"ತಿಥಿ ಆಗ್ಲಿ ಹಿಂದೂಗಳಿಗೆ 
ಎಸ್ಟು ಹೇಳಿದ್ರು ಹಿಂದೂಗಳು ಜಾತಿ ಜಾತಿ ಅಂತ ಸಾಯಿಸುತ್ತಾರೆ ಬೋಳಿ ಮಕ್ಕಳು ಕಾಂಗ್ರೆಸ್",1
Sulibeleyarvareega kelinimma hindugalu keluthare asteduddu bisakidare congressge vote hakuthare,1
ನಮ್ಮ. ಹಿಂದೂಗಳ ವಿರೋಧಿ ಕಾಂಗ್ರೆಸ್ ಸರಕಾರ ಈ ಸಿದ್ದರಾಮುಲ್ಲ ಖಾನ ನಮ್ಮ ಹಿಂದೂಗಳು ಒಗ್ಗತ್ತಾದ್ರೆ ಯಾವನು ಏನು ಮಾಡೋಕೆ ಆಗಲ್ಲ ಯಾಕೆ ಪಾಕಿಸ್ತಾನ ದಲ್ಲಿ ಅವ್ರು ಮುಸ್ಲಿಂ ಒಂದಾದಂಗೆ ನಮ್ಮಲ್ಲಿ ಯಾ ಕೆ. ಒಗ್ಗಟ್ಟು ಆಗಲ್ಲ ಹೇಳಿ ಎದ್ದೇಳಿ,0
 @kesar971  guru criminal kole madidre yaru oppalla adre .....yehude kole hagilla bari dourjanya agide adakke istondu sikshe andre yenu arta....nale friend ship madoku inde munde nodtare....yenadru jagala barodu sahaja...friendship nalli adanna atrocity andre yege....,1
ಭಾರತೀಯರಲ್ಲಿ ಜಾತಿ ಪದ್ಧತಿ ಮುಂದುವರೆಯುವಲ್ಲಿ ರಾಜಕೀಯದ್ದೇ ಪ್ರಮುಖ ಪಾತ್ರ,0
ಇದೆಲ್ಲ ಬಡಸಾಮಾನ್ಯ ಜನ ಮೇಲೆ ಆಗುವಂತೆ ಅಷ್ಟೇ ಅದೇ ಸಿದ್ದರಾಮಯ್ಯನ ಕೊಡಲಿ ನೋಡೋಣ ಈ ಸಂವಿಧಾನಕ್ಕೆ ಜೈ ಭೀಮ ಅಂತ ಕಾಮೆಂಟ್ ಮಾಡೋದು ಬೇರೆ ಕೊಟ್ರೆ ಎಲ್ಲರಿಗೂ ಒಂದೇ ಸವಿಧಾನ ತೋರ್ಸ್ಬೇಕು ಅವಾಗ ಸಂವಿಧಾನಕ್ಕೆ ಬೆಲೆ ಇರುತ್ತದೆ,0
Hindugalu yechethhukollabeku,0
ಹಬ್ಬಗಳಲ್ಲಿ ರಾಜಕಿಯ ಮಾಡಬೇಡಿ... ನಾಚಿಕೆ ಆಗಬೇಕು. ನಿಮ್ಮಂತ ರಾಜಕರಣಿ ಗಳಿಗೆ ಹಿಂದೂ ಮುಸ್ಲಿಂ ಸಮಾಜದ ಮದ್ಯೆ ಬೆಂಕಿ ಹಚ್ಚುವ ಕೆಲಸ ಮಾಡುವ ನೀವುಗಳು ನಿಮ್ಮ ಬೆಂಕಿ ಭಾಷಣ ನಮ್ಮ ಒಳ್ಲೆಯ ಹಿಂದೂ ಮುಸ್ಲಿಂ ಸಮಾಜದ ಆಮಯಕ ಯುವಕರು ಬೀದಿ ಹೆಣ ವಾಗಲು ಪ್ರೋಚಿದನೆ ಮಾಡುವ ಹಾಗೆ ಇದೆ. ನಿಮ್ಮ ಈ ಆಟ ನಮ್ಮ ನಾಡಿನ ಪ್ರಜ್ಞಾವಂತ ನಾಗರಿಕರು ತಿಳಿದು ಕೊಂಡಿದ್ದು ನಿಮ್ಮೀ ಮುಂದಿನ ರಾಜಕೀಯ. ಭವಿಷ್ಯ ನಿಮ್ಮ್ ಮನೇ ಕೋರಿಸುವ ಕೆಲಸ ನಮ್ಮ ನಾಡಿನ ಜನ ಮಾಡಿ ಮಾಡ್ತಾರೆ,0
Jai shree ram 🚩🚩,0
ಹೊಸ ಎಚ್ಚರದಲಿ ಬದುಕೋಣ,0
majority terror activity nadstirode musalmanru,1
Eivanneigei keilsa eilla keitthi guday hakttavnei,1
Thank you sir holle mahithi 👌👌👌❤️,0
Supar sar nanage nanage indu beku jati beda sar,0
ಜೈ ಎತ್ನಾಳ್ 🔥🔥🔥🔥🔥🔥🔥🔥🔥🔥🔥🔥🔥🔥🔥🔥🔥🔥🔥🔥🔥🔥🔥🔥🔥🔥🔥🔥🔥🔥🔥🔥🔥🔥🔥🔥🔥🔥🔥🔥🔥🔥🔥🔥🔥🔥🔥🔥🔥🔥🔥🔥🔥🔥🔥🔥🔥🔥🔥🔥🔥🔥🔥🔥🔥🔥🔥🔥🔥🔥🔥🔥🔥🔥🔥🔥🔥🔥🔥🔥🔥🔥🔥🔥🔥🔥🔥🔥🔥🔥🔥🔥🔥🔥🔥🔥🔥🔥🔥🔥🔥🔥🔥🔥🔥🔥🔥🔥🔥🔥🔥🔥🔥🔥🔥🔥🔥🔥🔥🔥🔥🔥🔥🔥🔥🔥🔥🔥🔥🔥🔥🔥🔥🔥🔥🔥🔥🔥🔥🔥🔥🔥🔥🔥🔥🔥🔥🔥🔥🔥🔥🔥🔥🔥🔥🔥🔥🔥🔥🔥🔥🔥🔥🔥🔥🔥🔥🔥🔥🔥🔥🔥🔥🔥🔥🔥🔥🔥🔥🔥🔥🔥🔥🔥🔥🔥🔥🔥🔥🔥🔥🔥🔥🔥🔥🔥🔥🔥🔥🔥🔥🔥🔥🔥🔥🔥🔥🔥,0
"ಅಂಬೇಡ್ಕರ್ ಮುಸ್ಲಿಂ, ಹಿಂದೂ ಧರ್ಮ ಬಗ್ಗೆ ಏನು ಹೇಳಿದರೆ ಎರಡನ್ನೂ ಹೇಳಿ. ನಿಮಗೆ ಬೇಕಾದ್ ಹಾಂಗ್ ಹೇಳಕ್ ಹೋಗಬೇಡಿ",0
ಇಟಲಿ ಮುಸುರಿ ತೊಳೆಯುವ ಗುಲಾಮ್ ಅಲಿ ಖಾನ್,1
Shyatd ramaiah soole magne nam tax dud kano nin taynakeya ​ @likhithgowda.r.h7608 ,1
"Muslim ............hijab
Hindhu..........Kesari Shalu
Gommateshawara ...................no cloth it's ok",0
Ennu ede maari habba am coming soon ❤❤❤,0
"Mostly Prathap simha Karavaliyalli odilla andidre , Muslims anna ishtu hate madthirlilla.. Karavali Muslimara kata anubavisiddare adikke ishtu active aagiddare",1
Reporter avne kirchadthavne beee calm guru....😌😌,0
"ದೇಶ ವಿಭಜನೆ ಯಾವಾಗ ಆಗಿದೆ, ಇವಳಿಗೆ ತಲೆ ಕೆಟ್ಟಿದೆ ಯಾರಿವಳು ಭವ್ಯಾ",1
"Anybody observe the comments,,,, obba muslim kuda hijab kesari erdu beda education imp antha obne obba comment madilla....entha sav mare",1
Alivargu hogeba Shima saku india gate ge hogi nodu yalla BJP muslim virodhi team karkondu hogu ok all the best BJP government Shem,0
First KANNADA matadodu kaliyo le,0
Ee ball ge en gottu Samvidhana,1
Kuthige yalli cross kuda beda,0
Yatnal ninage nachike barala samajwanu hallu madi bhasana madti,1
Jai shree Ram Jai shree Ram Jai byv BOSS next CM of Karnataka 🚩🚩🚩🐯🐯,0
Ambedkar PM aagbekittu,0
"ಇದಕ್ಕೆಲ್ಲಾ ಕಾರಣ ಹಿಂದುಗಳಲ್ಲಿರುವ ಒಡಕು. ಹಿಂದುಗಳಲಿರುವ ಒಡಕಿನ ಲಾಭವನ್ನು ಕಾಂಗ್ರೆಸ್ಸಿನವರು,ಮುಸ್ಲಿಮರು ಲಾಭ ತೆಗೆದು ಕೊಳ್ಳುತ್ತಿದ್ದಾರೆ.  ಇಂದಿಗೂ ಜಯಚಂದನಂತಹವರು ಹಿಂದೂಗಳಲ್ಲಿ ಇದ್ದಾರೆ. ಎಂಜಲು ಕಾಸಿಗೆ ಜೊಲ್ಲು ಸುರಿಸೋ ಅಧಿಕಾರ ಕ್ಕಾಗಿ ಅಭಿಮಾನ  ಶೂನ್ಯ  ಹಿಂದುಗಳಿರುವರೆಗೂ ಇದು  ಹೀಗೆ.",1
Super anna ಜೈ ಕರ್ನಾಟಕ ಮಾತೆ ❤🚩🚩🚩🚩🚩🚩,0
Sullin sardara ninu,1
ಖಾನ್ ಗ್ರೇಸ್ ಒಂದು ಮುಸ್ಲಿಂ ಭಯೋತ್ಪಾದಕ ಸಂಘಟನೆ.,1
ಜೈ ಭೀಮ್,0
Nam government sari ella adakke evrige support maadtaa erodu 😢😢😢😢😢😢😢,1
ಹಿಂದೂಗಳ ಜೊತೆಗೆ ಹಿಂದೂಗಳ ವಿಕಾಸ. ವಿರೋಧಿಗಳು ಖಲ್ಲಾಸ 👍👍😄🌹🌹,0
ಇನ್ನು. ಸರಿಯಾಗಿ. ಓಗಿ.  ಉಮರ್. ಇವರಿಗೆ,0
ತಿಳ್ಕೊಳ್ಳಿ ಭಾರತದಲ್ಲಿ ಹಿಂದುತ್ವ ಉಳೀಬೇಕು ಅಂದ್ರೆ ಬಿಜೆಪಿ ಇನ್ನು ಮೇಲೆ ಆದ್ರೂ ಬೆಂಬಲ ನೀಡಿ🚩🚩🚩🙏🏻,0
Yen sir benki sir neevu nim ondondu maatu kooda adbhut sir🫡,0
ಸಾಬರಿಗೆ ಹುಟ್ಟಿದ ಹುಚ್ಚ ಸೂಳೆಮಗ ಬಂದ 😂😂😂😂​ @Agsgxhk ,1
"ದೇಶದೊಳಗಿನ  ಭಾರತೀಯರನ್ನು  ದೂಷಣೆ ಮಾಡುತ್ತಾ ಹೊರ ದ್ವೇಷ ದ ರಾಜಕೀಯ/ಸಂಘಟನೆಗಳನ್ನು
ಬೆಳೆಸುತ್ತಾ ಇಲ್ಲಿ ತನಕ ಬೆಳೆದವರು
ಶೋಷಣೆ ಮಾಡಿಸಿಕೊಂಡವರು ನಾವು ಮುಂದೆಯೂ ಇದನ್ನೇ ಮಾಡುತ್ತೇವೆ ಎನ್ನುವುದೇ ದುಃಖ ದಾಯಕ.",1
ನಿಮ್ಮ 420 ಯತ್ನಾಳ ಜಮೀರ್ ಕಲಿಯುವುದಲ್ಲ ಜಮೀರ್ ಕ್ಷೇತ್ರಕ್ಕೆ ಹೋಗಿ ನಿಲ್ಲೋಕೆ ಹೇಳಿ  ಹೋಗ್ತಾರೆ,0
ಜ್ಯಾತ ವಿಜ್ಯಾತ ಏನಬೇಡ ದೇವನೋಲಿದಾಟನೆ ಜ್ಯತ ಸರ್ವಜ್ಞ,0
Evanabba dodda kanthri entha kachada na torisuvanta bucket godhi  media galu mana maryade elladavaru nanu obba manusya manusya manusya na tara nodi  yalli horegu nododilva allivaregu namma desha no improvement so please my humble request to media don't telicost the this like lopper s speech otherwise our nation face the big problem because of our nation is unity in diversity Jai sathyameva jayathe Jai Gandhi ji,1
Hindu sule magne gandu sule magne hindu terrorist Nan maga e sule yatnal😂,1
Nimatara namatara yochanegalu bega barbeku sir,0
Bega tirpu kodbekittu,0
ಸುಳ್ಳಿನ ಬೇಲಿ,1
ಹಿಂದೂ ಗಳು ಒಗ್ಗಟ್ಟು ಹಾಗಿ,0
ಜೈ ಶ್ರೀರಾಮ್ ಜೈ ಕರ್ನಾಟಕ ಜೈ ಭಾರತ ಮಾತೆ,0
"Mama Banda,mama Banda,bolimagane",1
ಅರುಣ್ ಕುಮಾರ್ ಬೆಂಕಿ,0
ವಿಶ್ವದ ಯಾವ ದೇಶದಲ್ಲೂ ಭಾರತದಷ್ಟು ಸಂಖ್ಯೆಯ ಜಾತಿ  ಇರಲಾರದು,0
"❤ Yuva Brigade Sulibele Avre Neevu ishtella Badkondru Nam HinduJanagalu Mir Sadiq kelsa Jaalra kelsa Madtane irtare Devre Yaavaga Budhi Barutho, Ye Congressi Sarkaradinda Yenenu Anubavisa bekku. Nimma Kelada Ege Saagali Jagrategolisuthale Iri, Shubham Dhanyawadagallu.❤❤❤❤",0
ಅಭಿನಂದನೆಗಳು ಶ್ರೀ ಪ್ರತಾಪ್ ಸಿಂಹ ಅವರಿಗೆ.,0
ಹಿಂದೂ ಧರ್ಮವನ್ನು ತೊರೆದು ಬೇರೆ ಧರ್ಮವನ್ನು ಸೇರುವವರೆಗೂ ದಲಿತರಿಗೆ ನೆಮ್ಮದಿ ಸಿಗುವುದು ಅಸಾಧ್ಯ,0
"Muslims ge bharata bittu kalsi anta Dr.ambedkar andilla le pratapa, Bharta pakishtan divide aagovaga yarige pakishtanakke hogbeko avaru hogi anta heliddare, yarannu bittu hogi andilla,",1
"ಮೊದಲನೇ ಮಹಾ ಯುದ್ಧ ಯಾವಾಗ ನಡೀತು ಮತ್ತು ನಮ್ಮ ಭಾರತದ ಸ್ವತಂತ್ರ ಚಳುವಳಿ ಯಾವಾಗ ನಡೀತು ಅಂಥ ಸರಿಯಾಗಿ ಗೊತಿಲ್ಲವೇನೋ ನಮ್ಮ ಸಂಸದರಿಗೆ.
ಇಸವಿಗಳನ್ನು ಸರಿಯಾಗಿ ಹೇಳಿ ಸ್ವಾಮಿ",0
"ಕಲಿಯುಗದ ಸತ್ಯ ಹರೀಶ್ ಚಂದ್ರ ಜೈ ಚಕ್ರವರ್ತಿ ಸೂಲಿಬೆಲೆ ಅಣ್ಣ.
ಸತ್ಯಂ ಚಕ್ರವರ್ತಿ ಒಂದೇ ಗುರು.",0
Sir LKG ಗೆ ಮಕ್ಕಳನ್ನ ಸೇರಿಸುವಾಗ ಅಲ್ಲಿ ಜಾತಿಯನ್ನ ಕೇಳಬಾರದು ಮೊದಲು ಅಲ್ಲಿ ತೆಗೆಯಬೇಕು ಜಾತಿಯನ್ನ ಬುಡದ ಸಮೇತ ಕಿತ್ತಾಕಬೇಕು.ಮೀಸಲಾತಿ ಯನ್ನ ತೆಗೆದು ಬಡತನ ಆಧಾರದಲ್ಲಿ ಕೊಡಬೇಕು ಸರ್ ನನ್ನ ಪ್ರಕಾರ,0
Question ge answer madok bardidornalla yav dod naykruanta kursidira,0
ಹಮ್ಮು ದಮ್ಮು ಬಿಚ್ಚಿತೀನಿ ಹೊಡಿತೀನಿ ಅಪ್ಪಗೆ ಹುಟ್ಟಿದ್ರೆ ಸಮಾನ್ ಇದ್ರೆ ಬಿಚ್ಚಲೇ ತೋರಿಸ್ತೀನಿ ಪ್ರಸ್ತುತ ರಾಜಕೀಯ ವರಸೆ,1
ಈ ತುರುಕರಿಗೆ ಬೋಳಿಮಗ ಗಾಂಧಿ ನೆಹರು ತಿಕದಲ್ಲಿ ಬಗಣಿಗೂಟ ಹೊಡೆದು ಪಾಕಿಸ್ತಾನ ಕ್ಕೆ ಓಡಿಸಿದ್ರೆ ಇವತ್ತೂ ಈ ಸ್ಥಿತಿ ಬರ್ತಾ ಇರ್ಲಿಲ್ಲ... ಇಲ್ಲಿ ಬರೀ ಹಿಂದೂ ನಡೆ ಇರ್ಬೇಕು... ಮುಸ್ಲಿಂ ನಡೆ ಇಲ್ಲಿ ಬೇಕಿಲ್ಲ ಬೆಲೆ ಇಲ್ಲ...,1
Dham edre ba jameer,1
ದೇಶ ಧರ್ಮದ ಮೇಲೆ ಅಭಿಮಾನ ಇರೋ ಪ್ರತಿಯೋಬ್ಬ ಹಿಂದೂ ಕೂಡ ಹಿಂದುತ್ವವನ್ನ ಬಿಜೆಪಿಯನ್ನ ಬೆಂಬಲಿಸುತ್ತಾನೆ,0
ಆಗೋದೆಲ್ಲ ಒಳ್ಳೇದಕ್ಕೆ... ಇವತ್ತು ಇಷ್ಟು ಮುಂದುವರೆದಿದೆ ಅಂದ್ರೆ ಅದೂ ಹಿಂದುಗಳನ್ನು ಎಚ್ಚರ ಮಾಡಲಿಕ್ಕೆನೆ ಇರಬಹುದು ಅಲ್ವಾ?,1
History eivanige maatraa gotirodhu,0
"Hello sabre 2014 ralli yav mahayudda ayitu?adu 1914 irabeku nodi, history correct agi tilkori,",1
Yatnal yellu nintharu win agthare,0
E anchor number kodro swapla,0
ಜೈ ಚಕ್ರವರ್ತಿಸೂಲಿಬೆಲೆ. ಜೈ ಬಿ ಜೆ ಪಿ,0
ಸೂಪರ್ ಅಣ್ಣ ಜೈ ಶ್ರೀ ರಾಮ್ ಜೈ ಪ್ರತಾಪ್ ಸಿಂಹ,0
Simhanige  ondu godi madyama,1
JAI BHEEM anta helro.....,0
You are asset of our country sir,0
ಜಾತಿಯನ್ನು ಮೊದಲು ಸ್ಕೂಲ್ ನಲ್ಲೆ ತಗಿಬೇಕು ಅವಾಗ ಎಲ್ಲೂ ಜಾತಿ ಬರೋಲ್ಲೋ.... ಸಿಂಪಲ್.....,0
ಹಿಜಾಬ್ ಅವರು ಧರಿಸಬೇಕು ಅಂದರೆ ತಿಕ ಮುಚ್ಕೋಂಡ್ ಪಾಕಿಸ್ತಾನ ಹೋಗ್ರೋ,1
Sarkaaragale. Jaathiyanna. Bithhane. Maadirodu. Aada. Kaarana. Huttinindalejaathicertifi. Thegeyabeku,0
ಸರ್ ಇವತ್ತು ಬೆಂಗಳೂರಲ್ಲಿ ಜಾತಿ.ಅಂತ ಇದೆ ಸರ್,0
Amar sir naavu modalu Indian e desadall jaathy bidabeku illadadare gallery here castlge convete aagibiduthare,0
ಕೆಡಿಗಾಲಕ್ಕೆ ನಾಯಿ ಮೊಟ್ಟೆ ಇತ್ತಂತೆ,0
Thank u sir.nim mahitige.sir to nimmahitikeli nanage to kannali niru bandu sir yakendre nanu interested married sir atte yavagalu  byytare thunba novagitade sir,0
ಒಳ್ಳೆಯ ಸವಾಲ್ ಹಾಕಿದ್ದಾರೆ ಬಸವನಗೌಡ ಪಾಟೀಲ್ ಯತ್ನಾಳಜಿ ಜೈ.,0
Pratap Simha avare first mahayuda agidu yavaga saru hope tago goskara camera munde yudda agidu date martidirala simha avare 1914/ 1919 ayo ayo yen sariyagi heltralapa,1
ಜಾತಿಯ ನಶೆ ಹತ್ತಿದವರೀಗೆ ಹೀಗೆಯೇ ಆಗಬೇಕು ಇಲ್ಲಂದರೆ ಈ ಜಾತಿ ವ್ಯವಸ್ಥೆಯು ಸರಿ ಹೋಗೋದಿಲ್ಲ,1
ನಿಮ್ಮ ಅಪ್ಪನಿಗ,1
Adke karnatakadalli e BJP yavru manege hogiddu,0
ಯತ್ನಾಳ್ ಬಿಜೆಪಿಗೆ ಸಿಎಂ ಆಗ್ಲೇ ಬೇಕು,0
"ನಾನು ಕೂಡ SC category ಗೆ ಸೇರಿರೋ  ವ್ಯಕ್ತಿ . ಇತ್ತೀಚೆಗೆ ನಾನು ಕೂಡ ಒಂದು ಹಳ್ಳಿಯಲ್ಲಿ ಬ್ರಾಂಚ್ ಪೋಸ್ಟ್ ಮಾಸ್ಟರ್ ಆಗಿ ಕೆಲ್ಸ ಮಾಡ್ತಾ ಇದ್ದೇನೆ .ನಾನ್ ಕೆಲ್ಸ ಮಾಡೋ ಪೋಸ್ಟ್ ಆಫೀಸ್ ಕೂಡ ದಲಿತ ಬೀದಿ ಅಲ್ಲೇ ಇದೆ ಜನ ಅವರ pension ತಕೊಳೋಕೆ ಬರ್ತಾರೆ ಬಾಗಿಲಲ್ಲೇ ನಿಂತು ದುಡ್ಡು ಕೇಳ್ತಾರೆ ಅಕಸ್ಮಾತ್ ಅವ್ರು ಕಚೇರಿ ಒಳಗೆ ಬಂದು ದುಡ್ಡು ತಗೊಂಡ್ರೆ ಸ್ನಾನ ಮಾಡ್ದೆ ಅವರು ಅವರ ಮನೆಗೆ ಹೋಗದಿಲ್ಲ ಹೊರಗೆ ನಿಂತು ಮೈಗೇ ನೀರು ಸುರಿದುಕೊಂಡು ನಂತರ ಮನೆ ಒಳಗೆ ಹೋಗ್ತಾರೆ ,.... ಆ ಆ ಎಂಥ ಜನ ಅಲ್ಲವೇ ನಾನೊಮ್ಮೆ ದುಡ್ಡು ಕೂಡ ನೀರಲ್ಲಿ ತೊಳಿತಿರ ಅನ್ಸುತ್ತೆ ಅಂತ ಕೇಳಿದ್ದೆ ಆದರೆ ಅವರದು ಬರೀಯ ನಗುವೇ ಉತ್ತರ...ವಿಪರ್ಯಾಸ ಅಂದ್ರೆ ದಲಿತ ನಾನು ಅಂತ ನಮ್ಮ ಬಗ್ಗೆ ನಾವೇ ಕೀಳರಿಮೆ ಇಟ್ಟು ಕೊಂಡಿರೋದು ಅನ್ಸುತ್ತೆ",1
ಹೊಟ್ಟೆ ತುಂಬಿದ ವ . ಜಾತಿ ಮೇಲು ಕೀಳು ಪಿತಾಮಹರೆ ಆರ್ ಎಸ್ ಎಸ್ ಬಿಜೆಪಿ .,1
"ಸಮಯ ಎಲ್ಲದಕ್ಕೂ ಉತ್ತರ ಕೊಡುತ್ತೆ. 

ಬ್ರದರ್",0
Jamir ninu ena bhacha😂,1
@girishrm3923 uneducated ನೀನು ಈ ತರ ಕೆಲಸಕ್ಕೆ ಬಾರದ ಆಕ್ಟ್‌ಗಳು ನಮ್ಮ ದೇಶದಲ್ಲಿ ಈಗಾಗಲೇ ಸಾಕಷ್ಟು ದುರುಪಯೋಗ ಆಗ್ತಾ ಇವೆ ಇದನ್ನು ಅರ್ಥ ಮಾಡಿಕೊ ಮೊದಲು ಈ ಅಟ್ರಾಸಿಟಿ ಆಕ್ಟ್ ಬಹಳ ದುರುಪಯೋಗ ಆಗಿದೆ ನಮ್ಮ ದೇಶದಲ್ಲಿ,1
Howdu .. sir ..mathe sir EGA heg agide andre nam society ond magu birth adhre ..a maguge birth certificate jothegene caste certificate madsthare nam Indian people.. e caste certificate ban adre almost education system nalli yav college nallu caste certificate kelodilla .. edru bagge nimma abipraya heli .. maribedi .. e comment nodi sir😅,0
ಪ್ರತಾಪ್ ಸಿಂಹ ಎಂಬ ಮಿಡ್ರಿ ದಲಿತರು ಮತ್ತು ಮುಸಲ್ಮಾನರ ನಡುವೆ ಬೆಂಕಿ ಹಚ್ಚುತ್ತಿದ್ದಾನೆ,1
Hats of u sir.Nimantavsrindadru e jati vyavaste tolsgali.,0
Mental kes,0
Cristian Muslim yellarallu jathi ide education nindalu thegeyalagthilla...,0
"Edu waqf alla, bevarshi samaste.",1
"Nivu helidde (Kilapat chaluvali) nija agiddare matte yake saviraaru swatantra horatdalli Satta Hindu gala jote Musli mara hesaru kooda Delhi India gate mele kettidare ...
haagiddare avarella andina jana-sangha party yavara?",1
ಸಾರ್ ಜಾತಿ ವ್ಯವಸ್ಥೆ ಬಗ್ಗೆ ಒಂದು dibet it ಕೊಳ್ಳಿ ಎಲ್ಲ ಜಾತಿಯ ಪ್ರಮುಖರು ಪಾಲ್ಗೊಳ್ಳಿ,0
E soolemakilge buddi annode elva antha...ithihasada bagge swalpanu knowledge ellala mare...ivrella nan rayakaru...avastene,1
Jai chakravathi ❤,0
"ಲೋ muttala ಸುಳೆಮಗನೆ. ಅಂಬೇಡ್ಕರ್ ಅವರನ್ನು ಎಲೆಕ್ಷನ್ ಅಲ್ಲಿ ಗೆಲ್ಲಿಸಿದ್ದು ಮುಸಲ್ಮಾನರು ಕಣೋ ಕೋಮುವಾದಿ ಸುಳೆಮಗನೇ. ಅಂಬೇಡ್ಕರ್ ಗೆದ್ದಂತ ಪ್ರಾಂತ್ಯನ ಬೇಕು ಅಂತ ಪೂರ್ವ ಪಾಕಿಸ್ತಾನಕ್ಕೆ ಸೇರಿಸಿದ್ದು ಬೇವರಸಿ ಪರದೇಶಿ ತಲಿ ಬ್ರಾಹ್ಮಣ ಗಾಂಧಿ ಕಣೋ bolimagane ಪೇಪರ್ ಸಿಂಹ.  ಅವರು ಹೇಳಿದ್ದು ಇಂಡಿಯಾದಿಂದ ಮುಸಲ್ಮಾನರನ್ನು ಓಡಿಸಿ ಅಂತ ಅಲ್ಲ. ಕಣೋ ಅವಿವೇಕಿ ತಿಮ್ಮ. ಅವರು ಹೇಳಿದ್ದೇ ದೇಶ ವಿಭಜನೆ ಮಾಡ್ಬೇಕು ಅನ್ನೋದಾದ್ರೆ ಕೊನೆಯ ಹಿಂದೂ ಪಾಕಿಸ್ತಾನದಿಂದ, ಕೊನೆಯ ಮುಸಲ್ಮಾನ ಇಂಡಿಯಾದಿಂದ ಹೋಗೋವರೆಗು ವಿಭಜನೆ ಬೇದ ಅಂತ ಹೇಳಿದ್ದು.. ಮತ್ತು ವಿಭಜನೆಯ ಸಮಯದಲ್ಲಿ ನಿರಾಶ್ರಿತರ ಸಂಖ್ಯೆ hechhagutte ಅದಕ್ಕೆ ಬೇಕಾದ ವ್ಯವಸ್ಥೆ ಮಾಡಿಕೊಳ್ಳಬೇಕು ಅಂತ ಹೇಳಿದ್ದು. ಅದನ್ನ ಬೇವಾರ್ಶೀ ಬ್ರಾಹ್ಮಣ ಗಾಂಧಿ ಅವರ ಮಾತಿಗೆ ಸೊಪ್ಪು ಹಾಕಿದ ಸರಿಯಾಗಿ ಅರ್ಥ ಮಾಡ್ಕೊಳ್ಳೋ ಮೂರ್ಖ...",1
@iliyas5354 sisya puncture haaki malko hogo,0
Super information sir. I want to more information videos. Thank you sir,0
"ಯಾಕೆ ಮಾಡಿದ್ದು ಅವರು ಮಾಡಿದ್ದು ಸರಿ ಇದೇ ಅಲ್ಲ ಈಕೆಗೆ? 
ಇವರೆ ಕಳಿಸಿ ಬಾಯೋತ್ಪಾದನೆ ಮಾಡಿಸಿ ಮತ್ತೆ ಇವರೇ ರಾಜೀನಾಮೆ ಕೇಳೋದು ಇವರಿಗೆ ಹೊಸದಲ್ಲಾ ಅಷ್ಟೇ",1
ಜೈ ಹಿಂದೂ ಜೈ ಸುಲಿಬೆಲೆ 🙏🙏🙏🙏,0
Sir modalu school nali jathi kelodu bidbeku rajakiya dali jathi hesaru helkondu rajakiya madodu biddbeku.. prathiyobbha jannanu nanu a jathi e jathi antha helkolodu bidbeku..,0
Chakravarti ಸೂಲಿಬೆಲೆ sir niu vakps babbe saryagi ಸಹಾವಿಸ್ತರ video madi plz ನಿಮ್ಮ ಹಾಗೆ ಇಂತಹ ವಿವರಣಾತ್ಮ vivarsne ಯಾರಿಗೂ barudilla sir please,0
"ಇದೆಲ್ಲಾ ಯಾಕೆ ಎಲ್ಲಿಯಾದರೂ ಕಲಿತು ನಿರುದ್ಯೋಗದ  ಮಕ್ಳು ಬಗ್ಗೆ ಒಮ್ಮೆ ಯಾದರೂ ಮಾತನಾಡಿ, ಬರೀ ಇವರು ಅವರನ್ನು ಬೈಯುವುದು ಅವರು ಇವರನ್ನು ಬೈಯುವುದು ಬರೀ ಇದನ್ನೇ ಕೇಳುವದಾಯಿತು, ಎಲ್ಲರೂ ತಮ್ಮ ತಮ್ಮ ಬ್ಯಾಳಿ ಬೇಯಿಸಿ ಕೊಂಡು  ಹೋಗುವುದು. ಯಾರು ತಪ್ಪು ಮಾಡುತ್ತಾರೆ ಅವರಿಗೆ ತಕ್ಕ ಶಿಕ್ಷೆಯನ್ನು ಅವಶ್ಯವಾಗಿ ಆ ದೇವರು ಕೊಟ್ಟೇ ಕೊಡುತ್ತಾನೆ, ಅಂದ ಮೇಲೆ  ಯಾಕೆ ಇದೆಲ್ಲ. ದಯವಿಟ್ಟು ಎಲ್ಲರೂ ತಮ್ಮ ತಮ್ಮ ಜೀವನದ ಬಗ್ಗೆ  ವಿಚಾರಿಸಿ, ಧನ್ಯವಾದಗಳು. ಜೈ ಹಿಂದ್ ಜೈ ಭಾರತ್...",0
Jai soolebele saar🙏🙏🙏,0
"ಬಿಹಾರ ಹಿಂದೂಗಳು ಅಪ್ಪನಿಗೆ ಹುಟ್ಟ ರಿಸಲ್ಟ್ ಕೊಟ್ಟಿದಾರೆ,",0
ಅಂಬೇಡ್ಕರ್ ಹೆಸರು ಮಿಸ್ ಯೂಸ್ ಮಾಡಬೆಡ ಗ್ರಾಮ ಷಿಂಹ.,1
ಕಚಡಾ debate,1
ಅರುಣ್ ಇನ್ನು ಮುಂದೆ ನಿಮ್ಮ ಪ್ರಶ್ನೆ ಅರ್ಥನೂ ಆದವರನ್ನ ಮಾತುಕತೆಗೆ ಯಾರಾದರೂ ಬಂದಿದ್ದರೆ ನೀವೇ ಎದ್ದು ಹೋಗಿ ಅದೇ ಕರೆಕ್ಟ್.. 😄😄 ಇವರೆಲ್ಲ ಬುದ್ಧಿವಂತರು😆😆 ಮಾತುಕತೆ ಅನ್ನೋದು ಗೊತ್ತಿಲ್ಲ ಅವರಿಗೆ ಗೊತ್ತಿರೋದೇ ಕತ್ತೆ ಒದ್ದಂತೆ ಮಧ್ಯೆ ಬಾಯಿ ಹಾಕಿ ಗಲಾಟೆ ಮಾಡೋದು ಸರ್ಕಾರಕ್ಕೆ ಬೈಯೋದು ಉರಿದುಕೊಳ್ಳೋದು ಗಲಾಟೆ ಮಾಡೋದು ಹಾಗೂ ಇನ್ನೊಬ್ಬರ ಮಾತನ್ನು ಕೇಳುವ ಬುದ್ದಿನೇ ಇಲ್ಲದಿರುವುದು 😅😅,0
Nin Appana Kai yalle nu Agalla 😂😂😂😂,0
ಯಾರ್ಯಾರೋ ಇತಿಹಾಸ ದಲ್ಲಿ ಬರೆದಿರೋ ಪುಸ್ತಕಗಳನ್ನು ಬದಿಗೆ ಇಟ್ಟು ರಾಯರನ್ನು ಸೇವನೆ ಮಾಡಿ ನಿಮ್ಮ ಜ್ಞಾನದಲ್ಲಿ ಇತಿಹಾಸ ಪುಟ. ಹಾಗೂ ಭವಿಷ್ಯ ಪುಟ  ತೆರೆಯುತ್ತದೆ,0
Ninge bere yenu kelas illva darma  ke  poor children brain wash madtiya. Film alli nodlilva ninna antha politics avarige people mettnalli badiydu .hagye ningu kuda,1
ista ella yelladri dalitarge cm madibidi tumba channagirutte yentira.. 😊,1
ಚುನಾವಣೆ ಹತ್ತಿರ ಬರುತ್ತಿದೆಯಲ್ಲ ಅದಕ್ಕೆ ಈ ನಾಟಕ.,0
"Thumba meaning ede sir,very very thanks",0
ಅಂಬೇಡ್ಕರ್ ಸಂವಿಧಾನ ದಲ್ಲಿ ಜಾತಿನೇ ಬೇಡ ಅಂತ ಮೂಲ ಸಂವಿಧಾನ ದಲ್ಲಿ ಬರ್ದಿದ್ರೆ ಈ ದೇಶ ಎಲ್ಲೊ ಹೋಗಿರ್ತಿತ್ತು,0
ಓ ಭ್ರಮೆ 😂😂😂😂​ @ManojKumar-qy5se ,0
Rajak. Nanavaduvaragahari. Solhimagan. Yoanubuguthi. Lenivugadabiduthiral,1
ವಿನಾಯಕ ಬಾಳಿಗ ಹತ್ಯೆ,1
ತುಂಬಾ ಅದ್ಭುತವಾದ ಮಾಹಿತಿಯನ್ನು ನೀಡಿದ್ದಿರಿ 100% ಸತ್ಯದಿಂದ ನಾವು ದೂರ ಉಳಿದುಬಿಟ್ಟಿದ್ದೇವೆ ಈ ಜಾತಿ ವ್ಯವಸ್ಥೆಯನ್ನು ತೊಲಗಿಸಿ ಮನುಷ್ಯರಾಗಬೇಕು ಮನುಷ್ಯತ್ವ ಉಳಿಯಬೇಕು ಮೊದಲು ರಾಜಕೀಯ ತೊಲಗಿಸಬೇಕು ಪ್ರಜಾಕೀಯ ಸ್ಥಾಪನೆ ಮಾಡಬೇಕು,0
"1500 ವರ್ಷ ಗಳ ಹಿದೈ ನಿನೇ ಹುಟಿಲ.,",0
ಇದ್ರಿಂದಾ ಲಕ್ಷ ಕೋಟಿ ಹಿಂದುಗಳು ಎಚ್ಚೆತುಕೊಳ್ಳ್ತಾರೆ. ನಿನ್ ತರಹ ಕಲಬೆರೆಕೆ ಹಿಂದುಗಳು ಈ ತರಹದ ಮಾತು ಆಡ್ಕೊಂಡು ಮನೆಯಲ್ಲಿ ಕೂತ್ಕೋತಾರೆ. ಮುಂದೇ ನಿನಗೆ ರಕ್ಷಣೆ ಬೇಕಾದಾಗ ಯಾವ ಹಿಂದುಗಳಿಗೂ ಕೂಡ ಸಹಾಯ ಕೇಳಬೇಡ. ನಿನ್ನ ಈ ಮಾತುಗಳನ್ನ ನಿನ್ನ ಮನೆಗೆ ಬಂದಾಗ ಅವರ ಎದುರು ಮಾತಾಡು ಆಗ ಅರ್ಥ ಆಗುತ್ತೆ.,0
"Sir yallarinu onde salary iddare, yalllru jaati bagge yochanne maaduvudila",0
ಧರ್ಮ ಅನ್ನೋ ಪದ ರಾಜಕೀಯಕ್ಕೆ ತಂದಿಲ್ಲ ಅಂದ್ರೆ ಬಿಜೆಪಿ ಗೆ ಒಂದು ಕ್ಷೇತ್ರ ಗೆಲ್ಲಲ್ಲ,0
 @themessaih9591  nim appa,1
"ಏನ್ರಪ್ಪ 5 ತಿಂಗಳು ಹಿಂದೆ ಕಮೆಂಟ್ ಮಾಡಿರೋರು ಬದುಕಿದ್ದೀರಾ ಯಾರಾದ್ರೂ ಏನ್ ಹೇಳ್ತೀರಾ ಈಗ ? 
ಹಗಲು ರಾತ್ರಿ ಎಲ್ಲದಕ್ಕೂ ಜಾತಿ ಧರ್ಮ ಕಾರಣ ಆಗೋಕೆ ಸಾಧ್ಯ ಇರಲ್ಲ ಸತ್ತಾಗ ಎಲ್ಲರು ಮಣ್ಣೇ ಅರ್ಥ ಮಾಡ್ಕೊಳಿ....",0
ಆಂಕರ್ ಬಿಜೆಪಿಯವರಿಗೆ ಉತ್ತರ ಕೋಡುವಾಗ ಪ್ರಶ್ನೆಯನ್ನು ಕೇಳುವುದಿಲ್ಲ,0
Thu prasne kelokke kalthkolliri first,0
ನಮ್ಮ ಗುಣಗಳನ್ನು ಮನುಷ್ಯರ ಜೊತೆ ಅಳೆಯುವುದಕ್ಕಾಗುವುದಿಲ್ಲ ದೇವರು ಮೆಚ್ಚುವಂತೆ ನಡೆದುಕೊಳ್ಳಬೇಕು 🙏,0
ನೀವು ಎಂಥ ಅವಕಾಶವಾದಿಗಳು ಎಂದು ನಿಮ್ಮ ಮಾತಿನಲ್ಲಿ ಅರ್ಥವಾಗುತ್ತದೆ,1
ಒಳ್ಳೆಯ ವಿಚಾರ ಅಮರ ಸರ್ ನಮಸ್ಕಾರಗಳು,0
ನೀವು ಮುನ್ನುಗಿ ನಿಮ್ಮ ಜೊತೆ ನಾವು ಇದ್ದೇವೆ,0
Lofar soolibele bewarsee komwaadi thhoo naachke aagbeku ninge Lofar komwaadi bhashana maadtaane,1
Le sulebele,1
Nenu helida hage enu ella nawella onde ninobba bere hoga manege,0
Adukke uttara illa bro may be nyaya kotta judge dalitha aagirbodhu,1
Ninu bai muchako,1
Ni Lafang  hadsimaga😂,1
ಈ ಸೂರಿ ಬಯಲಿಗೆ ಜನರ ಮಂಕ ಮಾಡುವುದೇ ಇವನ ಟಾರ್ಗೆಟ್,0
Thumba danyavadagalu amar sir,0
But Jai Bheem idiots sabara thikadalle serkothare. Simha means lion 💪,1
ನಮಗೆ ಸಂವಿದಾನದ ಕಾನೂನು ಬೇಡ ಅವರಿಗೆ ಬೇರೆ ಕಾನೂನಾದರೆ ನಮಗೂ ನಮಗೆ ಬೇಕಾದಹಾಗೆ ಕಾನೂನು ಮಾಡಿಕೊಳ್ತೀವಿ ದೇಶ ವಿಭಜನೆಯಾದರೂ ಹಿಂದೂಗಳಿಗೆ  ನೆಮ್ಮದಿಯಿಲ್ಲ ದೇಶ ಒಂದೇ ಆದರೆ ಕಾನೂನು ಒಂದೇ ಬರಬೇಕು ಇಲ್ಲವಾದರೆ ಕಾನೂನು ಬೇಡ ಸಂವಿದಾನವೂ ಬೇಡ,0
ಜೈ ಭೀಮ್,0
ಎಲ್ಲಾ ನಿಮ್ಮ ಪುಸ್ತಕದಲ್ಲಿ ಇರೋದೇ ಮೇಡಮ್ ...ನೀವು ನಮ್ಮನ್ನು ಮೂರ್ಖರನ್ನಾಗಿ ಮಾಡಬಹುದು ಅಷ್ಟೇ,1
NAYI MAMSA MARONIGAY YAK KARSTIRA ANDRALLA KYAKARSI NIMGAY UGIYOKAY,1
ಜನರನ್ನ ಉರಿದುಂಬಿಸಿ ಗುಡ್ ಜಾಬ್ ಸರ್ ❤️🙏,0
Yavanadru coment maadidra avarappanige huttirbeku,1
e nalayak bhavya akka pakkada mahileyarondige galate madtha iro karana illi kuda kirichuthiddale aste yaru yenu thilkobedi papa😂,1
 @Uday-o7p ಅ ಎರಡೂ ಪಕ್ಷಗಳಿಂದ ದೂರ ಉಳಿಯಬೇಕು.,0
iee deshavannu Nasha  maduva hantakke bandaru hindugalige echaravagalillave endu besaravaguthade,1
"ಕಾಡಿನ ಮರಗಳು ಕೊಡ್ಡಳಿಯನ್ನು ತಮ್ಮ ನಾಯಕನಾಗಿ ಆಯ್ಕೆ ಮಾಡಿದವು, ಏಕೆಂದರೆ ಅದರ handle ಮರದಾಗಿತ್ತು.",0
avru kodo buddi illa bolso buddi...avr Qur'an alli helidiyanthe anya dharmi yaru kafeeraru...avranna kolli antha....dalitharu sabru du unthavre gottilaa avrigella yavaga bagni guta idthare antha....,1
ನಿಮ್ಮೊಂದಿಗೆ ನಾವಿದ್ದೇವೆ ಚಕ್ರವರ್ತಿ ಸೂಲಿಬೆಲೆ ರವರೆ .,0
"ಕಲಿಯುಗದ ಸತ್ಯ ಹರೀಶ್ ಚಂದ್ರ ಜೈ ಚಕ್ರವರ್ತಿ ಸೂಲಿಬೆಲೆ ಅಣ್ಣ.
ಸತ್ಯಂ ಚಕ್ರವರ್ತಿ ಒಂದೇ ಗುರು.",0
ತುಂಬಾ ಒಳ್ಳೆ ವಿಷಯ ಹೇಳಿದ್ರಿ ಸರ್ ಹೌದು ನೀವು ಹೇಳಿದ ಹಾಗೆ ಜಾತಿ ಅನ್ನೋದು ನಿರ್ನಾಮ ಆಗಲೇ ಬೇಕು ಸರ್,0
"ನಿಜಾರಿ, ಈಗಲಾದರೂ ಜನರು ಚಿಂತನೆ ಮಾಡಬೇಕು, ನಮ್ಮ ಅಸ್ತಿತ್ವವನ್ನು ಉಳಿಸಿಕೊಳ್ಳುವುದು ಬಹಳ ಮುಖ್ಯ",0
ನೂರಕ್ಕೆ ನೂರು ಸತ್ಯ ಹೇಳ್ತಿರೋದು ಅಣ್ಣ-ತಾವು,0
I laik your speech sair 👍🙏🙏,0
Adam seeker urdu yarige baithane?,1
ವಕ್ಫ್ ಬೋರ್ಡ್ ಮಾಡಿದ್ದು ಮುಸ್ಲಿಂ ಕಾಂಗ್ರೇಸ್ ಶೋಕಿಲಾಲಾ ಚೌ ಚೌ ನೆಹರು 😂😂😂😂😂🤣🤣🤣🤣🤣🤣😀😀😀😀😀😀😀😀,0
"ಹಿಮ್ಮುಡಿ ಪುಲಿಕೇಶಿ 
ಅಖಂಡ ಭಾರತ ಹಿಂದೂ ಸಾಮ್ರಾಜ್",0
ಅಮಿತ ಶಾ  resign ಮಾಡಬೇಕು  ಇವರಿಗೆ  .ನಾವು  ಬಿಡಲ್ಲ,0
Waqf is his Dadi's land.,0
ಜಾತಿ ರಾಜಕರಣಿ ಮಾಡ್ತಿ ಯತ್ನಾಳ್ ನೀನು ಶಾಸಕ ಕೆ ನೀನು ಯೋಗ್ಯತೆ ಇಲ್ಲ ಮುಚ್ಕೊಂಡು ಕುಡು,1
ಜಾತಿ ವ್ಯವಸ್ತೆ ಹೋಗಲಾಡಿಸಲು ಪ್ರಮುಖ ಮಾರ್ಗ: ನಿಮ್ಮ ಮಕ್ಕಳನ್ನು ಶಾಲೆಗೆ ಸೇರಿಸುವಾಗ ಜಾತಿಯನ್ನು ಸೇರಿಸಬೇಡಿ ಬದಲಾಗಿ ಧರ್ಮದ (ಹಿಂದೂ) ಹೆಸರನ್ನು ಮಾತ್ರ ಸೇರಿಸಿ,0
"Sir, waqf board paravaagi notice kalsiro adhikaari and minister ge permanent dismiss and ban from election list.",0
Comment barlike comments barthila... Amar avre... Thank you so much for your efforts.. U and ur team... 🙏,0
Namma hindugallannu  niddeinda abbisalu dinalu laticharge madabeku sir😮,0
Bhavya alla begam avalu,1
Jai jameer..👍,0
Chulibele 😂 yavag nodidru bare hindu muslim anta madodu bjp bucket sulemaga 😅,1
ಮೊದಲು ಮಾತಾಡಲಿ ಕಲಿರಿ sir ಸರಿಯಾಗಿ  ಮಾತಾಡಲಿಕೆ ಬರಲ್ಲ ನಿಮಗೆ,1
Jai huliya yatnal,0
Not sir hajama ivna language nodi😂😂😂😂😂😂,1
Kanda kotru ___________nambardu,0
"ನಿಮ್ಮ ಮಾತು ಸತ್ಯ. ಈಗ ಮುಸ್ಲಿಮರ ಜನಸಂಖ್ಯೆ ನಿಯಂತ್ರಿಸುವ ಕಾನೂನು ತನ್ನಿ ,ಇಲ್ಲದಿದ್ದರೆ ಪುನ, ಈಗಿರುವ ಮುಸ್ಲಿಮರು ಮತ್ತೆ ಭಾಗ ಕೇಳುತ್ತಾರೆ.ಈಗಾಗಲೇ ಮುಸ್ಲಿಮರು ಭಾರತದಲ್ಲಿ 50 ಕೋಟಿ ಜನಸಂಖ್ಯೆ ಇದ್ದಾರೆ,ಪುನ ಭಾರತ ಮುಸ್ಲಿಮರಿಗೆ ಭಾಗ ಕೂಡಲೇ ಬೇಕು. ಭಾರತದ ಜನರು ಮತ್ತು ಭಾರತದ ಸರಕಾರ ಮೂರ್ಖರು.😢😢😢",0
Cast ism hogoke sarkara yavde Katina krama tagolthilla adakke cast ism hogthilla,0
"ನ್ಯಾಯ ಸತ್ತಿತ್ತು. ಈಗ
ಜೀವಂತವಾಗಿದೆ",0
ಈಗ ಆದ್ರೂ ಗೊತ್ತಾಗಬೇಕು ಅವರಿಗೆ ಅಟ್ರಾಸಿಟಿ ಅಂದ್ರೆ ಹೆಂಗೆ ಅಂತ ಜೈ ಭೀಮ್ 🙏,0
"ಏನೋ ಬಡಿದಾಟದ ವಾಸನೆ ಬರುತಿದೆ...
ಮುಂದೇನೂ ಕಾದಿದೆಯೋ..",0
ದೇಶ ಉದ್ಧಾರ ಮಾಡುವ ಮನೋಭಾವ ಇದ್ದರೂ ಬಿಟ್ಟಿ ಆಸೆಯ ಲ್ಲಿ ದೇಶ ಮುಳುಗಿಸುವವರಿಗೆ ಓಟು ಹಾಕುವವರ ಮತದಾನ ಮಾಡುವ ಹಕ್ಕು ರದ್ದುಪಡಿಸಿದ ರೆ !!!,0
ಇದು ಇದು ಮಾತಂದ್😊ರೆ ಆದ್ರ್ ಹಿಜ್ಡಾ ಹಿಂದೂ ಗಳೀಗೆ ಅರ್ಥ ಆಗೋಲ್ಲ,1
ನಮ್ಮ ಜನಕ್ಕೆ ಬುದ್ದಿ ಇಲ್ಲ.. ಗುಲಾಮ ರ ಗೆ 🤦🏻‍♂️🤦🏻‍♂️,1
"ಯಲ್ಲ ಬಿಡು.. 
ಏನು ಕಿತ್ತು  ಗುಡ್ಡೆ ಹಾಕಿದೀರ 
Corena ಬಿಟ್ರೆ ಸಬ್ರು ಅಂತ 
ತೋರ್ಸಿ ತೋರ್ಸಿ ಟೈಮ್ ಪಾಸ್
ಮಾಡಿ ದೇಶ ಮಾರೋದು  ಅಷ್ಟೇ ಕೆಲಸ . ಹೇಳು ಬುಲೆಟ್ ಟ್ರೈನ್ ಭಾಷನಾ 
ಜನಗಳಿಗೆ ಬೇಡ... ಯಲ್ಲ ಮಂಗಾ ಮಎ..",1
Yes sir really DNA holage hogidy jaati ano bhuta,0
Nippana Aarti le nayi,1
ಸರ್ಕಾರದಿಂದ ಜಾತಿ ಪ್ರಮಾಣ ಪತ್ರ ಕೇಳಿದೆ,0
 @vinayr7171  lo naanu adne heliddu.,0
Sir e deshadali jati ogala yavaga outer e parlays hagi mathe shruti hadaga,0
ಒಳ್ಳೆಯ ತೀರ್ಮಾನ ಬಂದಿದೆ. ಮನುಷ್ಯನನ್ನು ಕನಿಷ್ಟ ಜಾತಿ ಅಧಾರಿತವಾಗಿ ನಿರ್ಲಕ್ಷಿಸುವ ಮನಸುಗಳಿಗೆ ಪಾಠವಾಗಬೇಕು.,0
Gantalu cancer agide ninage mathu sariyagi bartha illa hospitalge hogi malagu handi😢,1
Tumbha ne olleya sandesha kottidira sir 🙏🔥,0
Modala maha yuddha😂🤦🙆,0
ಇಟಲಿ ಮುಸುರಿ ತೊಳೆಯುವ ಗುಲಾಮ್ ನಬಿ ಅಜಾದ್ 😂😂😂,1
Jyathitha rashtra anno hesralli aabru Indiana Islam rastra madtidare,1
Razak nai nai....,0
Hagadare hijab halal cut hindu muslim yaake,1
Innu khangress support madtireno managetta hindugala,1
Neem manta Baba kurroda,0
Avarigella tumba chennagi gottu namma hindugalalli oggattilla anta adakke yellaru  jathi bittu dharmakkagi oggattadare yellavu saadya ❤,1
"ಪುಂಗಿ ದಾಸ ಪುಂಗು ತಿದ್ದಾನೆ, ಪುಂಗ್ಲಿ, ಚಿನ್ನದ ರಸ್ತೆ, ಡಾಲರಿಗೆ 30ರೂಪಾಯಿ, ಅಸ್ಪಿಟಲ್ ಗೆ ಇಂಟರ್ನೆಟ್ ಕನೆಕ್ಟ್ ಇದೆಲ್ಲ ಈ ಪುಂಗಿದಾಸನ ಕಥೆಗಳು, ಈಗ ನೀವೆಲ್ಲ ಕೇಳುತಿವುದು ಪುಂಗಿದಾಸನ ಕತೆ,",1
❤👌 ಚಕ್ರವರ್ತಿ ಸೂಲಿಬೆಲೆಗೆ ಜೈ ಹಿಂದುಗಳ ಆಸ್ತಿ,0
"Muslims ge kelasa kodabedi. 
Don't deal with them,",1
"ಲೇ ಬಡ್ಡಿಮಕ್ಕಳಾ, ನಿನ್ನ ಬಾಂಧವರು ಕೆಟ್ಟ ಕೆಲಸ ಮಾಡಿದಾಗ ಎಷ್ಟು ಮುಸ್ಲಿಂ ಬುದ್ದಿಜೀವಿಗಳು ಖಂಡಿಸಿದಿರ?",1
ಕಳ್ಳ ನೀನು ಬ್ಲೂಜೆಪಿಯ ಏಜೆಂಟ್ ನೀನು.,1
ಹಾಗಿದ್ದ ಮೇಲೆ ನಿಮ್ಮ ಜಾತಿಗೆ  ಜಾತಿಗೆ ಸೇರಿಸಿ ಕೊಳ್ಳಿ.ಅದು ಸುಲಭವಲ್ಲ ಬೇರೆ ಧರ್ಮಗಳು ಎಲ್ಲರನ್ನೂ ಅಪ್ಪಿಕೊಳ್ಳುತ್ತವೆ ಕುಲ ಶ್ರೇಷ್ಠ ಎನ್ನುವರು ತಮ್ಮ ಜಾತಿಗೆ ಸೇರಿಸಿಕೊಳ್ಳುವುದಿಲ್ಲ.,0
ಹಿಂದುಗಳಲ್ಲಿ ಬ್ಯಾರಿಗೆ ಹುಟ್ಟಿದ ಹಿಂದುಗಳು ಸ್ವಲ್ಪ ಜನ ಇದ್ದಾರೆ ಅವರಿಗೆ ಬುದ್ಧಿ ಬರುವುದಿಲ್ಲ,1
"Modalu History sariyagi Odu 😂😂 Ulta palta heltiyalla , Yalla politics , vot goskare because upcoming election 2023 is coming that's why they are dividing us as a Hindu and Muslim 💯",1
Karnataka sarkara Taliban sarkara. Nachike agabeku Hindugalige. Nicha Cong ge vote hakkiddakke.,1
ಕರ್ನಾಟಕದ ಉದಾ ನಾಗಮಂಗಲ ಸರ್,0
"ಆಧ್ಯಾತ್ಮಿಕ ರಹಸ್ಯವನ್ನು ಭೇದಿಸಿದರೆ ಮಾತ್ರ ಜಾತಿಯ ಬಗ್ಗೆ ಹೆಚ್ಚಿನ ಮಾಹಿತಿ ಪಡೆಯಲು ಸಾಧ್ಯ. ಮಹಾ ಗೌಪತ್ಯೆಯಿದೆ ಇದರೊಳಗೆ, ಅದನ್ನು ಅರ್ಥೈಸಿಕೊಂಡಾಗ ಮಾತ್ರ ಜಾತಿ ಗೋಡೆಯನ್ನು ಸುಲಭವಾಗಿ ಕಳಚಲು ‌ಸಾಧ್ಯ.",0
 @ಪರಮಾತ್ಮ0001  Ninna Mane minda naane😂😂,1
There is no medicine 💉 for jealousy Communal Sangi Yatnal,1
ಜಾತಿವಾದ ಹೀಗಾಗಲು ಆಹಾರ ಪದ್ಧತಿಯೇ ಕಾರಣವೆಜ್ ಮತ್ತು ನಾನ್ ವೆಜ್,0
Duddu sigutte andare  yellavannu marethu biduttare .,0
Average student lawyer aadhaga,0
ರಾಜಕೀಯ ಗುರು,0
ಹೌದು ನೀವು ಈ ಬಗ್ಗೆ ವಿಡಿಯೋ ಮಾಡಿದ್ದು ನಿಜಕ್ಕೂ ಶ್ಲಾಘನೀಯ.. ಆದರೆ ಈ ಜಾತಿಯ ನಿರ್ನಾಮಕ್ಕೆ ಇರುವ ಒಂದೇ ಒಂದು ಉಪಾಯ ಎಂದರೆ ಎಲ್ಲಾ ಅಪ್ಲಿಕೇಶನ್ಗಳಲ್ಲು ಜಾತಿ ಕಾಲಂ ತೆಗೆದು ಹಾಕಬೇಕು.. ಭಾರತೀಯರು ಎಂಬ ಒಂದೇ ಕಾಲಂ ಸಾಕು..,0
Heng pingli😂😂😂 chakku mama😂😂😂😂,1
Super guru.,0
ಪರಿಹಾರದಲ್ಲಿ ಕೊಟ್ಟ ಉತ್ತರ ತುಂಬಾ ಉತ್ತಮವಾಗಿದೆ.,0
ನಾಯ್ಯ ಸತ್ತು ಹೋಗಿದೆ 😢😢😢😢😢😢😢😢😢,1
Good dession jai bheem yarnu bidbedi yalrugu shikshe aglebeku,0
ದಲಿತರ ಮೇಲೆ ದೌರ್ಜನ್ಯ ಕಣ್ಣ ಮುಂದೆಯೇ ನಡೆಯುತ್ತಿದ್ದರೂ ಸುಮ್ಮನಿದ್ದಾರೆ ಈ ಮಹಾನುಭಾವರು (RSS ಮುಖ್ಯಸ್ಥ ).?,1
"ನಾನು ಒಬ್ಬ ಶಿಕ್ಷಕ . ನನ್ನ ಮೂವತ್ತೊಂದು ವರ್ಷಗಳ ಸೇವಾವಧಿಯಲ್ಲಿ ಯಾರನ್ನೂ ಜಾತಿ, ಅಥವಾ ವರ್ಣಗಳ ಮೂಲಕ ಗುರುತಿಸಲಿಲ್ಲ. ನನಗೆ ಇದ್ದದ್ದು  ಒಂದು ವಿದ್ಯೆ ಕಲಿಯಬೇಕು ಎಂಬ ಹಸಿವು ಇರುವ ವಿದ್ಯಾರ್ಥಿಗಳು,  ಹಸಿವು ಇಲ್ಲದೆ ಇರುವ ವಿದ್ಯಾರ್ಥಿಗಳು. ವಿದ್ಯೆ ಕಲಿಯಲು  ನಮ್ಮ ಮನೆಗೆ ಬಂದ ವಿದ್ಯಾರ್ಥಿಗಳಿಗೆ ಯಾವುದೇ ಹಣ ತೆಗೆದುಕೊಳ್ಳದೆ ವಿದ್ಯೆ ಕಲಿಸಿದ್ದೇನೆ.",0
Yatnal. Sir. Nimma. Abhimani. Sanga. Kattu. Bekantha. Ase. Ide. Nange. Ninvu. Anumati. Kodi. Sir. Pls. Namma. Yadgiri jille. Alle. Namma. Samaja. Tumba. Hinde. Idivi. Nivu. Anumati. Kottre. Kanditavagi. Navu. Sanga. Madtivi. Sir. Yatnal. Abhi. Mani. Sanga. Antha. Sir. Pls. Give. Me. Sir. 🙏🙏🙏🙏🙏,0
Anna banda anna banda,0
ಕಚಡಾ ಗಳು ಕಾಂಗ್ರೆಸ್ ಕಚಡಾ ಗಳು ಕಾಂಗ್ರೆಸ್,1
"ನೀವು ಲಿಂಗಾಯತ ಅಲ್ಲ ,, ನೀವು ಒಬ್ಬ ಒಳ್ಳೆಯ ಮನಸಿರುವ ಮನುಷ್ಯ❤😊",0
❤❤❤ ಜೈ ಹಿಂದೂ ಹುಲಿಗಳೆ ❤❤❤,0
"ಈಗ ಜಾತಿ ಬೇಕಾಗಿರುವ ದು ಮೇಲ್ವರ್ಗದ ಜನರಿಗಾಗಿ ಅಲ್ಲ,  ಕೆಳ ವರ್ಗದವರು ಜಾತಿ ಬಿಡಲು ಸಿದ್ಧರಿಲ್ಲ.",0
ನಿಜವಾದ ಮಾತು ಹೇಳಿದಿರಿ.....🙏 ಸೂಪರ್ sir,0
"Neenu sooo....... Maga 
Neeu matrana hindu..
Siddu.  DK  hagu 126  congres MAL galu Hinduwalwa...
Hogi  sooo... maga bakwasi...",1
"Govu hatya heltiralla danada maamsa export maadora mele case haki oddu olage haakoke aagalwa, yaake kai bale odeyuttaveya...Ella avaru kooda sarkarada parvaagiddaranta bidteeraa...heli mp yavre..",1
 @naveensriram9866  ನೀನು ಮಾಡಿಲ್ವಾ. ನಿಮ್ಮಂತ ಮನಸ್ಥಿತಿ ಇರುವ ಜನ ಮೇಲ್ಜಾತಿ ಕೀಳುಜಾತಿ ಅಂತ ಸಾಯೋದು. ನಿಮ್ಮ ಪೌರುಷನ ದೇಶದಲ್ಲಿ ಆತಂಕ ಸೃಷ್ಟಿಶಿರೋ ಟೆರರಿಸ್ಟ್ ಮೇಲೆ ತೋರಿಸಿರಿ ಗಂಡಸ್ತನ ಇದರೆ.,1
Ninu helu tinnu sulimagane,1
"ಅವನೂ ಯತ್ನಾಳ್ ಸಿಎಂ ಹೇಳಕ್ಕೆ
 ಲಾಯಕಿಲ್ಲ ಅವನಿಗೆ ಮಾತಡಕ್ಕೆ ಬರಲ್ಲ ಅವನೂ ಒಬ್ಬ ದೇಶ ದ್ರೋಹಿ ಬಾಸಣ ಮಾಡುವನು 
ಮಾತು ಹೆತ್ತಿದರೆ ಮುಸ್ಲಿಂ ಅವರನ್ನ ಪಾಕಿಸ್ತಾನ್ ಕಳಸಬೇಕು ಅಂಥನೆ ನಾಯಿ 
ಭಾರತ ದೇಶ ದಲ್ಲಿ ಹುಟ್ಟಿದ್ದ ನಮಗೆ ನೀನು ಬುದ್ಧಿ ಕಲಸಕ್ಕೆ ಬರ ಬೇಡ 
ಯತ್ನಾಳ್ ನೀನು ಬೇಕಾದರೆ ಕಳ್ಳ ಪಾಕಿಸ್ತಾನ್ ಅವರ ಜೊತೆ ಸೇರಿ ಅಲ್ಲಿ ಸಿಎಂ ಆಗು",0
"201% ನಿಜ. ತಪ್ಪು ಮಾಡಿದ್ರೊ, ಅವರು ಮಾಡಿದ್ದೆ ಸರಿ ಅನ್ನುವ ಜನ ಅಪ್ಪ ಅವರು.",0
"ಇಷ್ಟೆಲ್ಲಾ ಕಥೆ ಹೇಳುವ ಬದಲು ಕುರಾನ್ ಅಲ್ಲಿ ಏನಿದೆ ಮುಸಲ್ಮಾನರಿಗೆ ಮದರಸ ದಲ್ಲಿ ಏನು ಹೇಳಿ ಕೊಡ್ತಾರೆ ಅನ್ನೋದು ಪೂರ್ಣವಾಗಿ ಜನರ ಮುಂದೆ ಇಡೀ... 
ಒಬ್ಬ international ex ಮುಸ್ಲಿ activist ಒಂದು ಮಾತು  ಹೇಳಿದ್ದ, quraan ಪೂರ್ತಿ ಓದಿ ಅರ್ಥ ಮಾಡಿಕೊಂಡವ ಒಂದು ಇಸ್ಲಾ ಬಿಡುತ್ತಾನೆ ಇಲ್ಲ ಉಗ್ರ ಆಗ್ತಾನೇ...",1
ರಾಹುಲ್ ಇವಳ keep,1
😭😭 yarindalu sadyavilla,0
"Evru helarnu otige agodhuke bandila, etavrondley desha egirodhi, first evena",0
Entha sullu helthiya   lovde,1
" @Uday-o7p  really helbeku Andre dalithru ambedkar avra helida margadali sagthare....but Muslims hang ala...constitution virodh sagthare...so adke yaru obbru bembal kodbardu avrgi...Muslims ge constitution kint ...avar dharam kurran sheriyath law follow madtare...Muslims .....adke Dr,br ambedkar avru avthe helidru Muslims ge",1
Digambara jainarannayake eledhu tharuththiri arun digambar arthagoththaidheya prajaprbuthvadha naalkane angavaadha maadhyamagalu holasu mathanaaduva badigeranna horahaki,0
"Sir neevu janagalige olley mahiti needuthiddeeri Adare teacher adavare heege jathi bagge avare gobbara neeru haku posane maduttiddare,,",1
"ಸರಿ, ಮಸ್ತ್ ಮಗಾ ಇಷ್ಟೆಲ್ಲಾ ಮಾತಾಡ್ತೀರಲ, ನಿಮಗೆ ಒಂದು ಟಾರ್ಗೆಟ್!
ಮನುಷ್ಯನ ಜಾತಿ ಒಂದೇ ಅಲ್ಲವಾ, ಜಾತಿ, ಧರ್ಮ/ಮತ ಯಾಕೆ?
ನೀವು ಬ್ಯಾಚುಲರ್ ಆಗಿದ್ದರೆ ಒಬ್ಬ ಮುಸ್ಲಿಮರನ್ನು ಮದುವೆಯಾಗಿ. ಅಕಸ್ಮಾತ್ already ಮದುವೆ  ಆಗಿದ್ದರೆ ನಿಮ್ಮ ತಂಗಿಯನ್ನು ಒಬ್ಬ ಮುಸಲ್ಮಾನರಿಗೆ ಮದುವೆ ಮಾಡಿ ಕೊಡ್ತೀರಾ?
ಮಾತಾಡುವುದು ಸುಲಭ, ಆಚರಣೆ ಕಷ್ಟ.",1
ನಿನ್ ಫೋನ್ ನಂಬರ್ ಕೊಡು ಮಾತಾಡ್ತೀನಿ ನಿನ್ನ ಜೊತೆ. ಯಾವೂರು ಅಡ್ದ್ರೆಸ್ಸು ಕೊಡು ಮಾತಾಡ್ತೀನಿ,1
Otte huriyethe suli belu nindoio,1
Hi brother nann prakara jati annodu tagedu haki yella vicharadallu misalati annu badavaru madyama vargadavaru shrimantharu anth madidre hege  brother,0
"ಭವ್ಯಾ ಅವರೇ, ರಿಸೈನ್ ಮಾಡಿದ್ದು ಕಾಂಗ್ರೆಸ್ guts ಇಲ್ಲದಿರುವವರು. ರಿಸೈನ್ ಮಾಡಿದರೆ ಸರಿ ಯಾರು ನಿಮ್ಮಪ್ಪ ಮಾಡೋದಾ????",1
Mahayudda allirali nivu 7varshadalli eanu sadane madiddira torisi bratacharada virudda antidda nivu ade brastacharada virudda matadida jagadisa sir mele kes hakilva ea bjp partiye brastachara party,1
Hesaru mundhe jaathi hesru haakolodu yaake? Vedeo maadi,0
Edakela mahatma anta karisikolo ghandine karanari .naturam godse punyatma ennu svalpa modale avan kelsa madidre ega e samasene bartidila,0
Wakap Allo adu  vahf  anta helo,0
ಬಹಳ ತಿಕುಡ್ದಿದ್ದೀರಾ ನೀವು ಅವರು  ನಿಮ್ಮತ್ರ ಬಂದು  ಹೇಳಿದ್ರ ನಿಮಗೆ ಯಲ್ಲ ಗುತ್ತಿದೆ ಸುಮ್ಮನೆ,1
ಪ್ರಮೋದ್ ಮುತಾಲಿಕ್ ಎಂಟ್ರಿ ಸೂಪರ್!!,0
Eng pungali pungidasa balaa bichhuyha idane,1
"ಬ್ರಿಟಿಷರು ಭಾರತದಲ್ಲಿ ಜಾತಿ ವ್ಯವಸ್ಥೆಯನ್ನು ಒಪ್ಪಲೇ ಇಲ್ಲ ಅವರು ಅದನ್ನು ಬೆಂಬಲಿಸಲು ಇಲ್ಲ, ಬ್ರಿಟಿಷರು ತಮ್ಮ ಅನುಕೂಲಕ್ಕೆ ರೈಲು ಮಾರ್ಗ ಇತ್ಯಾದಿಗಳನ್ನು ಮಾಡಿದರು ಹೊಸ ಮಾದರಿಯ ನಾಗರಿಕತೆ ಬೆಳೆಯಲು ದಾರಿ ಮಾಡಿಕೊಟ್ಟವರು ಬ್ರಿಟಿಷರು ಇಲ್ಲ ಅಂದರೆ ಭಾರತ ಯಾವ ಸ್ಥಿತಿಯಲ್ಲಿ ಇರುತ್ತಿತ್ತು ಅದನ್ನೇ ಕುವೆಂಪು ಅವರು ಬ್ರಿಟಿಷರು ಭಾರತಕ್ಕೆ ಬಾರದೆ ಇದ್ದರೆ ನಾನು ಕವಿಯ ಆಗುತ್ತಿರಲಿಲ್ಲ ಆರಾವರ ಮನೆಯಲ್ಲಿ ಸಗಣಿ ಬಾಚ ಬೇಕಿತ್ತು",0
Jai hindu leader Yatnal ❤️,0
Nija 😂,0
"Vrutthi yinda jathi, vrutthiyalli kedu baradirali antha jathi paraparya hiriyarinda kiriyarige, aadre eega ellaru bere bere vrutthi jathi vyavasthe artha illa, aadre kutumba vyavastheya(gothra) mele samskruthi ninthide adu nillo hagilla adrinda yarigu tondare aagalla... Shikshana, rajakeeya badalagabeku rajakeeya nadeyuttirode jathi hesaralli, badavaru jathige seemithavagilla ella jathiyallu iddare aadare meesalathi jathi hesaralli",0
ಇಂತಹ ವಿಷಯವನ್ನು ಚರ್ಚೆ ಮಾಡುತಿರ ಮಾದ್ಯಮಗಳಲ್ಲಿ ಮೊನ್ನೆ ಯಾಕೆ ಆ ವಿಷವನ್ನು ಚರ್ಚೆ ಮಾಡಲಿಲ್ಲ ಯಾವ ಎಂದರೆ ಜನವರಿ 26 ರಂದು  ರಾಯಚೂರು ಜಿಲ್ಲೆ ಯಲ್ಲಿ ನಡೆದ ಘಟನೆ ಬಗ್ಗೆ ಯಾಕೆ ಮಾದ್ಯಮದಲ್ಲಿ ಚರ್ಚೆ ಮಾಡಲಿಲ್ಲ ಥು ನಿಮ್ಮ ಇಂಥ ಜೀವನ ಬಾಳಬೇಕು....,0
Neen helodu nambodu heganna.     Helirodella Hale vishyagalu sullagive,0
Ambedkar yake Hindu darma bittu Buddhist adaru adannu helu.,0
Ok agadre samaana vaagi yelrigu jameenu anchi yakandre mannu nela bhumi yarappanu madilla,0
ಯಾಕೋ ಣ್ಣೆ ಚೀಪಕ್ಕಾ,1
" @drchetana8389  Le Already we are Buddhist, not hindu, Reservation ningu ide adanna nenapalli itko modlu.. Reservation andre enu anta modlu arta madko",1
Bg yathanala ನೇರವಾಗಿ ಜೋಡಿಸಿದ ವ್ಯಕ್ತಿ ಜೈ ಹಿಂದೂ ಹುಲಿಯ ಜೈ ಬಿಜೆಪಿಯ ಜೈ ಮೋದಿಜಿ ❤❤❤,0
ನಿಮಗೆ ಮಕ್ಕಳು....?,0
ಒಳ್ಳೆಯ ತೀರ್ಪು...,0
Bijapur nin appa du,0
🎉🎉🎉🎉.  Jathiya virudda nimmalliro manasthithi yannu. Ellaru belesikollali. 🎉🎉🎉🎉.   Nimage shubhavagali 🙏🙏🙏,0
ಒಂದ್ ಸಲ ಸಾಬ್ರ್ 40-50% ಜನಸಂಖ್ಯೆ ದಾಟಿದ ಮೇಲೆ ಅರ್ಥ ಆಗುತ್ತೆ ಏನು ಅಂತ. ನಿನ್ನ ಹಂತ ಕುರುಡ ಹಿಂದುಗಳ ಕಣ್ಣು ತೆರೆಯೋದಿಲ್ಲ ಬಿಡು. ಶಿವಾಜಿ ಮಹಾರಾಜರಂತವರು ಅವರ ಜೀವನ ಹಿಂದು ಗಳಿಗಾಗಿ ಹೋರಾಟ ಮಾಡಿದಕ್ಕೆ ಇವತ್ತು ನಿನ್ ಒಬ್ಬ ಹಿಂದೂ.. ಇಲ್ಲದ್ದರೆ ನೀನೊಬ್ಬ ಅಬ್ದುಲ್ ಫಿರೋಜ್ ಆಗ್ತಿದ್ದೆ.,0
ಯತ್ನಾಳ್ ನಿನ್ನ ಅಧಿಕಾರ 5 ವರ್ಷ ಅಷ್ಟೇ ಸ್ವಲ್ಪ ಮಾರಿಯದೆ ಕೊಟ್ಟು ಮಾತಾಡೋದು ಕಲ್ಕೊ ನೀನು ಒಬ್ಬ ಶಾಸಕ ಅನ್ನೋಕೆ ನಾಚಿಕೆ ಆಗುತ್ತೆ ನಿಂದು ಕುಟುಂಬ ಸಂಸ್ಕೃತಿ ಹಾಗೆ ಇದೇ ಏನೋ ಯತ್ನಾಳ ಹುಚ್ಚು 😢😢😢😢,1
ಬಾಂದವರ ಮಾತಾಡ ಬೇಡಿ ಅಲ್ಲಿ ಕೆಲವರಿಗೆ  ಬೇಜಾರ್ ಆಗುತ್ತೆ,0
ನೀವು ತುಂಬಾ ಸರಿಯಾಗಿ ಹೆಳೀದಿರಿ brother ನಾವೆಲ್ಲರೂ ಮನುಷ್ಯರು ಅಲ್ವಾ ಮನುಷ್ಯತ್ವವೇ ನಮ್ಮ ಧರ್ಮ 🙏🙏🙏❤️🎉 ಧನ್ಯವಾದಗಳು ಸರ್ good job 👍,0
ಸರಿಯಾಗಿ ಮತಾಡೋ 😂i,0
Abdul anna 🙏🙏ninu hijab haku,1
"​ @likhithgowda.r.h7608 ಕೋಮುವಾದಿ,ಡೋಂಗಿ ಸಿದ್ದ real kuruba ನಾ???😂 ಹಾಗಾದ್ರೆ..! ಮುಂದಿನ ಜನ್ಮದಲ್ಲಿ ಸಾಬರ ಮನೇಲಿ ಹುಟ್ಟ್ ತೀನಿ ಅಂತ ಯಾಕ್ ಹೇಳ್ದ???😊 ಸಾಬರಿಗಿಂತ ಕುರುಬರು ಕೀಳಾ???",1
RTC yalli Waqf endu namoodhisidha officials Sule makalige chappal nalli hodedhu Pakistan ge kaluhisi,1
Open minded ಆಗಿ ಹೇಳಬೇಕಂದ್ರೆ ಈಗಿನ ಸಮಾಜದ ವ್ಯವಸ್ಥೆಗೆ ಈಗಿನ ಬ್ರಾಹ್ಮಣ ಕ್ಷತ್ರಿಯರು ವೈಶ್ಯರು ಮತ್ತು ದಲಿತರ ತಪ್ಪಲ್ಲ  ಇದನೆಲ್ಲ ಬದಲಾವಣೆ ಮಾಡೋಣ ಅನ್ನೋದು ನಿಮ್ಮ ಭ್ರಮೆ ಅಷ್ಟೆ😮   ಈಗಿನ ಕಾಲಘಟ್ಟಕ್ಕೆ ಪ್ರಪಂಚ ನಾಶವಾಗಿ ಮರುಜನ್ಮ ಪಡೀಬೇಕು ಇಲ್ಲಾಂದ್ರೆ ಅಂಬೇಡ್ಕರ್ ತರ ಎಲ್ಲಾ ದಲಿತರು buddism ಗೆ convert ಆಗಿ ನಿಮ್ಮದೇ ಅದ ಸ್ವಂತ ಬದಲಾವಣೆ ಆದ್ರೆ  ಈಗಿನ ಸಮಾಜದ Casteism ಮುಗಿಯುತ್ತೆ ಇದು simple alva... ದಲಿತರಿಗೆ ಇದಕ್ಕಿಂತ ಒಳ್ಳೆ ಉಪದೇಶ ಮತ್ತೊಂದಿಲ್ಲ,0
Ley laude original caste helo chandala,1
Moorkha Razak avre Dharma Productions nadibekadre Education Important 🛂🆗,1
Le tika mucchu yatnal,1
ಇವನೊಬ್ಬ ಹುಚ್ಚಾ ಯತ್ನಾಳ ಬರೀ ಜಾತಿ ಜಾತಿ ಜಾತಿ ಹಿಂದೂ ಮುಸ್ಲಿಂ ಹಿಂದೂ ಮುಸ್ಲಿಂ ಹಿಂದೂ ಮುಸ್ಲಿಂ  ದೇಶದಲ್ಲಿ  ಸಾಮರಸ್ಯ ಹಾಳಾಗುತ್ತೆ ಇಂಥಾ  ಬೊ...... ನಾ....... ದ ಥೂ.,1
"Sullemaklla 🐕‍🦺🐕‍🦺🐕‍🦺🐕‍🦺
Clear  agi hellru  hindu hudgiyar tara muslim hudgiar yede nodi jollu sursbeku anta 
Bjp sulemaklla niu darma kagi hennmakllan
Bereyavar jote ge malgso nanmakllu",1
 @Lazy_Guy_Me  neen kuda chaddi muchkole haadri gitthi Sule magane nin antavara dinda samaja keelttogidhe,1
ನೂರಕ್ಕೆ ನೂರರಷ್ಟು ಸತ್ಯವಾದ ಮಾತು,0
Yatnal soole nan maga....ivange sanvidhana gottilla...,1
ನ್ಯಾಯ ಸರಿಯಲ್ಲ ನ್ಯಾಯಾಧೀಶರು ಕೊಟ್ಟ ತೀರ್ಪು ಸರಿ ಇಲ್ಲ😢,0
ಅಂತರ ಜ್ಯಾತಿ ಮದುವೆ ಆದಷ್ಟು ಜಾಸ್ತಿ ಆಗ್ಬೇಕು ಇದಕ್ಕೆ ಮೂಲ ಪರಿಹಾರ..,0
"ಸತ್ಯ ನಿಮ್ಮ ಮಾತು ಇವರ ಯೋಗ್ಯತೆ ಏನೆಂದು ಬಾಲ ಬಿಚ್ಚಿದ್ಧಾರೆ, ದೇಶದಲ್ಲಿ ಇವರನ್ನು ದೇಶದಿಂದ ಓಡಿಸಬೇಕು. ಎಚ್ಚರ ಎಚ್ಚರ ಹಿಂದ್ ಗಳೇ, ಎದ್ದೇಳಿ ಇವರನ್ನು ದೇಶದಿಂದ ಓಡಿಸಬೇಕು.",0
Abdula razak huchcha,1
ತುಂಬಾ ಚೆನ್ನಾಗಿ ಚರ್ಚೆ ನಡೆಯಿತು.,0
"Ninna ajji pinda, eegagale dismiss agiddiya  shame",1
ಹಂದಿಗಳನ್ನು ಆ ಜಾಗಕೆ ಬಿಡಿ ಫಕ್ ಬೋರ್ಡ್ ನೀವು ತಗೋ ಅಂತ ಕೊಟ್ರು ತಗೋಳಲ್ಲ,1
ಜಾತಿ. ಮಾಡಿ. ನಮ್ಮತ. ಸಣ. ಜಾತಿ. ತೊಳಿತೀರಲ್. ನಿಮನ್ನ. ಯದರ. ಹೊಡಿಬೇಕು,1
ಈಗ ಸಿದ್ದರಾಮಯ್ಯ ಬ್ರಿಟಿಷರನ್ನು ಮೀರಿಸಿ ಸಾವಿರಾರು ಜಾತಿಗಳನ್ನು ಹೊಸದಾಗಿ ಸೃಷ್ಟಿಸಿ ದಾಖಲೆ ನಿರ್ಮಿಸಲು ಹೊರಟಿದ್ದಾರೆ,1
Hindu Muslim na bere madbeku anno nimma yochane nimna yavatthu uddara madalla jai hind 🇮🇳,0
Hindugalu sahishnugalu agrodrinda neeninnu Bharathadalle badukirodu namardha gaandu suwwar... muslimara rithi varthiside ninnanthora gathi yenuntha alochisiddiya jihadi pundane... Kalaya Thasmai Namaha🔥,0
Ninu modalu jatiyonda varage bha,1
Patil tegibekeno🤔,0
"ನಾನು ಹಿಂದೂ ಚಲವಾದಿ ನನ್ನ ಮನೆಯಲ್ಲಿ ದಿನನಿತ್ತ್ಯಾ ಶ್ರೀ ರಾಮ 💐💐👏🏻👏🏻 ನ ಪೂಜಾಯ ನಡಿಯುತ್ತೆ, ಅಪ್ಪ ಆಂಜನೇಯ ಅಂಜನಾದ್ರಿ ಸ್ವಾಮಿ ಈ ಕಾಂಗ್ರೆಸ್ ಸರ್ಕಾರ ಯಾವತ್ತು ಬರ್ಬಾರ್ದು ಜೈ ಭೀಮ್ ಜೈ ಶ್ರೀ ರಾಮ್ 💐💐👏🏻👏🏻",0
ಸೈಟ್ ಕಳ್ಳ ಲೂಟಿ ರಾಮಯ್ಯ ನ ಸರಕಾರ ಇರುವವರೆಗೂ ಈ ಮತಾಂಧ ಜಿಹಾದಿಗಳ ಆಟ ನಡೆಯುತ್ತೆ ನಡೆಯುತ್ತಾ ಇರುತ್ತೆ.ಮತಾಂಧ ಜಿಹಾದಿ ಪರ ಸರಕಾರ ವನ್ ಆಯ್ಕೆ ಮಾಡಿ ತಂದ ಹಿಂದುಗಲೇ ಅನುಭವಿಸಿ ಸಾಯಿರಿ😢,1
ಜೈ B R P ❤,0
Jaati paidavar bro Yavatmal jaati vidhva video,0
"varna ella vishyadallu ide.
 fir expml:- computer nallu jati ide
                    CPU- brahamana
                     anti virus- kshyatirya
                    moniters and  softwares- vaishya
                     key board and mouse - kshudra

ond file copy paste madbek andre e computer anoo samajhandalli elllla jati inda matra sadhya yavdu doddadalla yavdu sannadalla",0
ತಮ್ಮ ತಮ್ಮ ಉದ್ದಾರಕ್ಕೆ ಮಾಡಿಕೊಂಡಿರುವ ಜಾತಿ (ಜಾತಿ ಬೌಂಡರಿಯಲಿ ಇದ್ದರೆ ) ಜಾತಿ ಬಿಟ್ಟು ಬದುಕು ಯೋಗ್ಯತೆ ಇಲ್ಲ,0
ನೀವು ಹೋರಾಟ ನಿಲ್ಲಿಸಲೇ ಬೇಡಿ.ಹೋರಾಡುತ್ತಲೇ ಇರಿ.,0
"Jameer    appa,   thatha,   muthatha    ellaruu      dodda   mobili      namaz    madthidranthe      a    morinu     wakf     danthe     dalikora    sulemagne",1
ಹರ ಹರ ಮಹಾದೇವ.,0
ಹಿಂದೂ ಅಂಥ ಬರೋದದ್ರೆ ಹಿಂದೂ ಧರ್ಮದಲ್ಲಿ ಮೊದಲಿಗೆ ಒಗ್ಗಟಿಲ್ಲ ಮತ್ತೆ  ಮೇಲು ಜಾತಿ ಕೀಳು ಜಾತಿ ಎಂಬ ಬೇಧ ಭಾವ ಜಾಸ್ತಿ ಇದೆ ಹಿಂದೂ ಧರ್ಮದಲ್ಲಿ ಅನ್ಯ ಧರ್ಮದವರಿಗೆ ಇಷ್ಟು ಸಾಕಲ್ವಾ ನಮ್ಮ ವೀಕ್ನೆಸ್ ಅಲ್ವಾ ಇದು ಮೊದಲು ಮಾನವನಾಗು ಆಮೇಲೆ ಜಾತಿ ಇರ್ಬೇಕು ಮನೆಗೆ ಮಾತ್ರ ಹುರಿಗೆ ಮಾತ್ರ ದೇಶ ಅಂಥ ಬಂದಾಗ ಜಾತಿ ನ ಮರಿಬೇಕು ಧರ್ಮ ನ ಮೇಲೆ ಯತೀದಿಬೇಕು ಅಲ್ವ ತಪ್ಪೋ ಸರಿನೊ ಒಟ್ನಲ್ಲಿ ಜಾತಿ ಅನ್ನೋದರಿಂದ ರಾಜಕಾರಣಕ್ಕೆ ಬಾರಿ ಲಾಭ ಇದೆ ಅಷ್ಟೆ ಇನ್ನು ದೇಶ,0
Jai Modhiji 🙏Jai Chakravarty.ji👍,0
"Dari tapistha illa, book hogi nodappa.",0
"ರೆಸೆರ್ವಶನ್ ಜಾತಿಉಳಿಸೋದಕ್ಕ ಜಾತಿಅಳಿಸೋದಕ್ಕ. ರಾಜಕೀಯಕ್ಕಾಗಿ ರಾಜಕಾರಣಿ ಗಳು ಜಾತಿ ಉಳಿಸುತ್ತಿದ್ದಾರೆ ಬಹುತೇಕ ಈಗ ಯಾರಿಗೂ ಜಾತಿ ಬೇಕಾಗಿಲ್ಲ. ನೀವು ಉಲ್ಲೇಖಿಸಿದ ವಿಚಾರಗಳು ತುಂಬಾ ಶ್ಲಾಘಣಿವಾದವು ಗಳು. ಜನರು ಜಾತಿ ಪದ ಬಳಸದಹಾಗೆ ವ್ಯವಹಾರ ಗಳು ನಡೆಯಬೇಕು ಆರ್ಥಿಕ ಗಣತಿ ನಡೆದು ಅದರಂತೆ ದುರ್ಬಲ ವರ್ಗಕ್ಕೆ ಸರ್ಕಾರ ನೆರವು ನೀಡಬೇಕು. ಮೊದಲು ಸರ್ಕಾರ ಜಾತಿ ಪದವನ್ನು ವ್ಯವಹಾರ ದಿಂದಲೇ ಕೈಬಿಡಬೇಕು. ಸಮಾಜ ಸುಧಾರಿಸಿ ಕೊಳ್ಳುತ್ತಿದೆ ಆದರೆ ಸರ್ಕಾರ ಗಳು ಬಿಡುತ್ತಿಲ್ಲ. ಸಮಾಜ ಸುಧಾರಣೆ ಕಾನೂನು ಗಳು ಸಾಕಷ್ಟು ಇವೆ, ಜಾತಿ ನಿಂದನೆ ಕಾನೂನು ಅಸ್ಪೃಶ್ಯತೆ ಕಾನೂನು, ದೇವಾಲಯ ಪ್ರವೇಶ ಕಾನೂನು ಇತ್ಯಾದಿ ಸಾಕಷ್ಟು ಕಾನೂನುಗಳಿವೆ ಅನುಷ್ಠಾನ ದಲ್ಲೂ ಇವೆ. ಉಲ್ಲಂಘನೆ ಶಿಕ್ಷೆ ಗಳು ಇವೆ.ಈಗ ಸಮಾಜ ದಲ್ಲಿ ಅರಿವು ಇದೆ ಈ ಎಲ್ಲ ವೂ ಸದ್ಬಳಕೆ ಆಗಬೇಕು. ಯಾರು ಯಾವುದೇ ಜಾತಿ ಇರಲಿ ಮೊದಲು ಎಲ್ಲರೂ ಎಲ್ಲರನ್ನು ಗೌರವಿಸಬೇಕು. ದೇಶಪ್ರೇಮಿಗಳಾಗಬೇಕು 🙏",0
ಜೈ ಪ್ರತಾಪ ಸಿಂಹ ಸೂಪರ್,0
"Mukha muchuvike  jaasti aaadare 
Bhavishyakke apaya",0
Avarathra uthea illa,0
"Basically I don't like bjp nor congress. Mostly am a neutral person
But this time the activities of congress is really detrimental to our own Danathana Dharma. Theyvare trying to finish off us only for votes.",0
Annda bhaktaragbedi e anpad rajakaranigal matukeli,1
Jai yathnal sir jaihind,0
 @shaikusman536  ಲೋ ಉಗ್ರ ನಿಮಗೆ ರಿಸರ್ವೇಶನ್ ಗೆ ಮಾತ್ರ ಅಂಬೇಡ್ಕರ್ ಸಂವಿಧಾನ ಬೇಕು ಹಿಜಾಬ್ ಗೆ ಮಾತ್ರ ಷರಿಯಾ ಬೇಕಾ..?,1
Sabur sata nu adlasuke agala,0
ಸುಳ್ಳೇ makla siki,1
ಮೈಸೂರು ಬೈಕ್ ರೈಲು ಬಿಡುವುದು ಯಾವಾಗ ನಿಲ್ಲುವುದು,0
Dhum bekale,0
ಸುಲಿ ಬೇಲಿ ನೀನು ಮುಸ್ಲಿಂ ಹೇಲು ತಿನ್ನು ನಾಯಿ ಮಗನೆ ಹಿಂದೂ ಮುಸ್ಲಿಂ ಕ್ರೈಸ್ತ ರೆಲ್ಲರಿಗೊಂಡೆ ಭಾರತ ಮಂದಿರ ನಾಯಿಗಳ,1
"🤬bosadi magana only BRP,🚩",1
ಎಲ್ಲ ಜಾತೀಯ ಮನುಷ್ಯರ ಮನುಸ್ಸುಗಳಲ್ಲಿ ಪರಿವರ್ತನೆ & ಆಚರಣೆ. ಮತ್ತೆ ಅಂತರ್ಜಾತಿ ಪದ್ಧತಿಯಿಂದ ಮಾತ್ರ ಜಾತಿ ನಿರ್ಮೂಲನೆ & ಸರ್ಕಾರಗಳು ಕಾಳಜಿ ತೋರಿದರೆ ತಡೆಗಟ್ಟಬಹುದು......ಆಗ ನಿಜವಾಗಿ ಜೈ ಹಿಂದ್ ಎಂಬ ಪದಕ್ಕೆ ಅರ್ಥ ಬರುತ್ತದೆ.......,0
ಹಿಂದೂ 🐅🐅🐅🐅ಹುಲಿ ಬಸವರಾಜ್ ಯತ್ನಾಳ್ 👍👍👍👍,0
Le pratap ನಾಯಿ bolimagane,1
ಜಾತಿ ವ್ಯವಸ್ಥೆ ಭಾರತದಲ್ಲಿದೆ. ಇದು ಹಿಂದೂಗಳಿಗೆ ಸೇರಿದ್ದು. ಆದರೆ ಪಂಚಮರಿಗೆ ಸೇರಿದ್ದಲ್ಲ. ಪಂಚಮರು ಅಂಬೇಡ್ಕರ್ ಮಾಡಿದಂತೆ ಮಾಡಲಿ. ಜಾತಿಯನ್ನು ನೀಗಿಸಲು ಯಾರಿಂದಲೂ ಸಾಧ್ಯವಿಲ್ಲ. ಇದರ ಬಗ್ಗೆ ಬಹಳ ದೊಡ್ಡ ದೊಡ್ಡ ಮಾತನಾಡಲು ಇಚ್ಛಿಸುತ್ತಾರೆ.,0
Hindu rashtra agutte kano abdul razzaq wait madu,1
​ @pramodshetty8611 converted khangress kaaryakarta ansutte,1
ಚಕ್ರವರ್ತಿ ಪುಂಗ್ಲೀ ಫ್ಯಾನ್ಸ್ ....like ಮಾಡಿ,1
ಬಾರತದ ಜನರು ಯಾವತು ಉದ್ದಾರ ಆಗೋದಿಲ್ಲ ಇದು ಅಂತೂ ಪಕ್ಕ ಈ ತರಾ ಜಾತಿ ಬೆದಾ ಇರುವರೆಗೂ 😂,0
Jai Zameer Ahmed jai Congress jai siddaramayya,0
Partion of India ಪುಸ್ತಕ ನಾನು ಓದಿದ್ದಿನಿ ನೀನು ಹೇಳಿದ ಹಾಗೆ ಅದರಲ್ಲಿ ಉಲ್ಲೇವಾಗಿರುವ ದಿಲ್ಲ ಭಾರತ ಮತ್ತು ಪಾಕಿಸ್ತಾನ ಎರಡು ಭಾಗವಾಗುವ ದರಿಂದ ದಲಿತರಿಗೆ ಮತ್ತು ಇಲ್ಲಿ ಉಳೆಯುವ ಮುಸ್ಲಿಮ್ ಮತ್ತು Pakistan ನಲ್ಲಿ ನೇಳೆಯುವ ಹಿಂದೂಗಳು ಎದ್ರಿಸಬೇಕದ ಸಮಸ್ಯೆಗಳು ಇವೆ,0
"ಹೌದು ಸರ್ ಮೊದಲು ತೊಲಗಬೇಕು.ಆಗಲೇ ದೇಶ ಉದ್ದಾರವಾಗುವುದು,",0
ಜಿಲ್ಲಾಧಿಕಾರಿಯಂತಹ ಅಧಿಕಾರಯುತ ಸ್ಥಳಗಳಲ್ಲಿ ಸಾಬರನ್ನು ನೇಮಿಸಿದರ ಫಲ.,0
"ಸರ್, ಮಹಾತ್ಮ ಗಾಂಧೀಜಿ ಅವರು ಕೋಮುವಾದಿ ಅಲ್ಲಧಿದ್ರೆ,, ಯಾಕೆ ಕೊಂದ್ರಿ????",1
ಇಂತಹ ಕಚಡಾ ದ್ವೇಷ ಭಾಷಣ ಮಾಡೋ ಭಯೋತ್ಪಾದಕನಿಗೆ ಸರ್ಕಾರದ ಶ್ರೀರಕ್ಷೆ ಇರುದರಿಂದಲೇ ಈಮಟ್ಟಿಗೆ ಬೆಳೆದಿರೋದ್ ... ಇವನಿಂದ ಬಿಜೆಪಿ ಗಿಂತ ಕಾಂಗ್ರೆಸ್ ಪಕ್ಷಕ್ಕೇನೆ ಜಾಸ್ತಿ ಲಾಭ ಅದಕ್ಕೆ ಇವನನ್ನು ಸುಮ್ಮನೆ ಬಿಟ್ಟಿರೋದ್,0
Dharma nu ond bhagane Alve ??,0
"ಬೆಳೆಯುವ ಸಿರಿ ಮೊಳಕೆಯಲ್ಲಿ ಅಂದಹಾಗೆ, ಜಾತಿ ಎಂಬ ಪದವನ್ನು ಮೊದಲು ಶಾಲೆಗಳಿಂದ ತೆಗಿಬೇಕು ಹಾಗ ಮಾತ್ರ ಮುಂಬರುವ ಪಿಳಿಗೆ ಜಾತಿ ಸಮಸ್ಯೆಯಿಂದ ಮುಕ್ತರಾಗಲು ಅವಕಾಶವಿದೆ.",0
"Ley, NIV nivu yengana madkali dalithra sahavasakke ambedkar vishyakke barbardu ushar.
Nin bayige yekda haka...",1
Yawa barawnege erale all manawaru mathra.kanderuthewe yawa hetre kle kolegtukaraga bede🎉,0
Jai chakravarty anna,0
Sir Caste anndu Caste ism.  Rss. Na anga anga galu kana kana  dalu rss  person na every blood They treat Depend upon castisim,1
ಅಗತ್ಯಬಿದ್ದರೆ ಅಲ್ಲ. ಅಗತ್ಯವಾಗಿ.,0
​ @Agsgxhk ಹುಚ್ಚರಿಗೆ ಹುಟ್ಟಿ ಇನೂ ಬುದ್ಧಿ ಮಾಂಧ್ಯರಾದವರು ಮಾತ್ರ ಯತ್ನಾಳನ್ನು ಕಷ್ಟ ಪಡುತ್ತಾರೆ ಒ,0
Sulebele is a roll call master and stop giving too much hype on his statements and he is 420,1
ಎಣ್ಣೆ ಯತ್ನಾಳ ನೀನು ಸಾಹಿತ್ಯ ಮಗನೆ,1
Heng pungli,1
Siddaeamayya sayovaregu sari ogalla sir avara maganige savu banttu ade thara siddanige savu bandre devarige abhisheka madstini pramiss god pramiss madse madstini abhiseka,1
Chinnada. Raste. Ellappa. Chakravarthy..,0
ಅವನ ವಂಶ ಅಭಿವೃದ್ಧಿಯಲ್ಲಿ ಮಾಡುತ್ತಿದ್ದ ಕೆಟ್ಟ ಕೆಲಸಗಳನ್ನು ವಹಿಸಿಕೊಂಡು ಅವನ ಮೂಗಿನ ನೇರಕ್ಕೆ ಮಾತನಾಡುವವನು ಜ್ಞಾನ ಕರುಣೆಯ ಒಳ್ಳೆತನ ಇಲ್ಲದೆ ಇರುವವನು ಇಂಥವರಿಂದ ಜಾತಿ ಹುಟ್ಟುತ್ತದೆ ಈ ಪ್ರಪಂಚದಲ್ಲಿ ಜಾತಿಯೇ ಇಲ್ಲ ಸರ್ ಶ್ರೀಕೃಷ್ಣರೇ ಹೇಳಿದ್ದಾರೆ 🙏🙏🙏🙏🙏,0
Dalitru muttalru bidi.😂😂😂... Ambedkar samvidhana yellide adrallirodella Nehru madiro thiddupadi samvidhana 😂😂 Congress gulaamru.....,1
ಆಂಕರ್ ನಿನ್ನ ಅಮ್ಮನ ತುಲ್ಲು ಸೂಳೆಮಗನೇ,1
Kattari yaarige bhandavare,0
ಜೈ ಭೀಮ್ ಒಳ್ಳೆ ತೀರ್ಪು,0
Nine monne thandididu nimaa kesari saalu hijabu ge yasto varsada hithiasa ne idhe,0
ನೀನ್ ಮಗಳು ಯಾರ್ ಜೊತೆ ಮಲಗ್ತಾಲ್ ನೋಡೋ,1
ಭವ್ಯಾ ಗೆ ನಾಚಿಕೆ ಆಗಬೇಕು... ಥೂ ನಿನ್ನ ಯೋಗ್ಯತೆಗೆ,1
Neenu soole maga,1
ಜಾತಿ ಸರ್ಟಿಫಿಕೇಟ್ ಕೊಡುವುದನ್ನು ರದ್ದು ಮಾಡಲಿ.ಸರಕಾರಿ ಸೇವೆಗೆ ಮಾರ್ಕ್ಸ ಪರಿಗಣಿಸಲಿ.ರಿಸರ್ವೆಷನ್ ತೆಗೆಯಿರಿ.,0
yatnal nijavagalu Mentle aagiddane,1
🙏🔥🔥🔥🔥🔥🔥🔥🔥🔥🔥🔥🔥🔥🙏🔥🔥🔥🔥🔥🔥🔥🔥🔥ಜೈ ಶ್ರೀರಾಮ್,0
nanu baratiya anta heli certificek beku hege tagolodu heli,0
ಜಾತಿ ಪದ್ಧತಿಯಿಂದ ಹಿಂದೂ ಧರ್ಮ ಬಲವಾಗುತ್ತಲ್ಲ. Ex:ಇಸ್ಲಾಂ ವಾಕ್ಫ್ ಬೋರ್ಡ್,0
Jati hesaralli anyaya aguva karanakke janaru congress ge vote haktare. Elliya tanaka caste system eratto.. alliya varege congress ge vote haktare janaru. Modiji avaru jati vyavaste konegolisabeku. Avaga matra ella hindu galu ondagalu sadya.,1
"ಏನು ಮಾತನಾಡುತ್ತೀರಿ ಅರುಣ್ ಬಡಿಗೇರ್ ‌ಅವರೇ.ಈ ರೀತಿ ಕೇಳಲು ನಾಚಿಕೆ ಇಲ್ಲವೇ?, ಹೆಣ್ಣು ಮಕ್ಕಳು ‌ಮಾನ ಮುಚ್ಚಿಕೊಂಡು ಬಂದರೆ ಅದನ್ನು ವಿರೋಧಿಸುವುದು ಸರಿಯಲ್ಲ.ಹೆಣ್ಣುಮಕ್ಕಳ ಮುಖ ನೋಡಿ ಪಾಠ ಮಾಡಿದರೆ ಸಾಕು.ದಿಗಂಬರರು ಸನ್ಯಾಸಿಗಳು .ಅದೂ ನಿಮಗೆ ಗೊತ್ತಿಲ್ಲವೇ? ಒಂದು ಧರ್ಮದ ಪಕ್ಷಪಾತ ಧೋರಣೆ ಮಾಧ್ಯಮಗಳಿಗೆ ಶೋಭೆ ತರುವುದಿಲ್ಲ",1
"ಅಂದು ಮೋಹನ ಭಾಗವತ ಅವರು ಜಾತಿ ವ್ಯವಸ್ಥೆ ವಿರೋದಿಸಿ ಹೇಳಿಕೆ ಕೊಟ್ಟಿದ್ದರು,ಆದರೆ ಇತ್ತೀಚಿಗೆ ಆರ್ ಎಸ್ ಎಸ್ ಮುಖವಾಣಿ ಪತ್ರಿಕೆಯಲ್ಲಿ ಜಾತಿವ್ಯವಸ್ಥೆಯ ಕಾರಣ ಹಿಂದೂ ಸಮಾಜ ಬಲಿಷ್ಠವಾಗಿದೆ ಎಂದು ಜಾತಿ ವ್ಯವಸ್ಥೆಯನ್ನು ಸಮರ್ಥನೆ ಮಾಡಿಕೊಂಡಿದ್ದಾರೆ, ಆರ್ ಎಸ್ ಎಸ್ ಗುಪ್ತ ಕಾರ್ಯಸೂಚಿ ಹೊಂದಿರುತ್ತದೆ ಎಂದು ಅನುಮಾನ ಉಂಟಾಗುತ್ತದೆ",0
Muslim avna durbuddi bidthana?,1
ಬ್ರಾಹ್ಮಣ ಅಲ್ಲದವರನ್ನು RSS ದ  ಮುಖ್ಯಸ್ಥರನ್ನಾಗಿಸಿ...,1
Nataka raja,0
ಬಡಿಗೇರ sir ಈ ಅಬ್ದುಲ್ ರಜೆ ಹಾಕ್ ಅಂತಹವರಿಗೆ ಸಮಾಜ ಸುಧಾರಣೆ ಆಗಬೇಕು ದೇಶ ಉದ್ಧಾರ ಆಗಬೇಕು ಅನ್ನೋ  ಒಳ್ಳೆ ಉದ್ದೇಶ ಇಲ್ಲ.  ಘಸ್ನಿ ಓವೈಸಿ  ಅನುಕರಣೆ ಮಾಡುವ ಇಂತಹವರಿಂದ ಇನ್ನೇನು ತಾನೆ ನಿರೀಕ್ಷೆ ಮಾಡಲು ಸಾಧ್ಯ?  So ಇಂತಹವರ ಕರೆದು debate ಮಾಡೋದು ನಿಲ್ಲಿಸಿ...,1
"😌🙏🏼 ಅಮರ್ ಪ್ರಸಾದ್, ಹೆಸರಿಗೆ ತಕ್ಕಂತೆ ಮಸ್ತ ಮಗಾ 👌🏼🤷🏼‍♂️. ಸಂಚಿಕೆ ಸೂಪರ್, ದಾಸರು ಎಂದೋ ಹೇಳಿದ್ದಾರೆ, ಕುಲ ಕುಲ ಎಂದು ಹೊಡೆದಾಡದಿರಿ ನಿಮ್ಮ ಕುಲದ ನೆಲೆಯಾನೇನಾದರೂ ಬಲ್ಲಿರಾ. ಅದು ಯಿಂದಿಗೂ ಸತ್ಯ. ದೇಶದ ಯಿಂದಿನ ಇ ಪರಿಸ್ಥಿತಿಗೆ ಜಾತಿ ಮೇಲು ಕೀಳು ಕಾರಣ. ಇದಕ್ಕೆ ಕೊನೆ ಎಂಬುದು ಇದೆಯಾ ????? 🤷🏼‍♂️🤦🏼‍♂️🤦🏼‍♂️🤦🏼‍♂️",0
"ಸಾವಿರಾರು ಜಾತಿ, ಒಳ ಜಾತಿ, ಒಳ ಪಂಗಡಗಳು, ಸಾವಿರಾರು ದೇವರು, ಮೇಲು ಜಾತಿ, ಕೀಳು ಜಾತಿ, veg - non veg etc .. ನಮ್ಮಲ್ಲಿ ಒಗ್ಗಟ್ಟು ಅಸಾಧ್ಯ. ಒಂದೇ ಜಾತಿ, ಒಬ್ಬನೇ ದೇವರು ಆಗ ಮಾತ್ರ ಹಿಂದೂಗಳೆಲ್ಲಾ ಒಂದು. 😞",0
Lo Lo bogalbeda sumne ithihaas gottilla ninge ambedkar ge avamaan mado kachada maklu nivu,1
"Olle nirdhara, thank u ee ನ್ಯಾಯಕ್ಕಾಗಿ ...
.",0
ಜಾತಿ ಧರ್ಮದ ಬಗ್ಗೆ ಚೆನ್ನಾಗಿ ಹೇಳಿದ್ದೀರ,0
"ಭಾರತದಲ್ಲಿ ಜಾತೀಯತೆ  ಹೋಗಲಾಡಿಸಲು ಸಾಮಾಜಿಕವಾಗಿ, ಆರ್ಥಿಕವಾಗಿ ಎಲ್ಲಾ ಜಾತಿಯವರು ಸಮಾನತೆ ಹೊಂದಿರಬೇಕು ಅಂತರ್ಜಾತಿ ವಿವಾಹಕ್ಕೆ ಹೆಚ್ಚು ಒತ್ತು ಕೊಡಬೇಕು ಅದರಲ್ಲೂ ಬ್ರಾಹ್ಮಣ ಜಾತಿಯವರು ದಲಿತಜಾತಿಯವರು ಹೆಚ್ಚು ಹೆಚ್ಚಾಗಿ ವಿವಾಹ  ಮಾಡಿಕೊಳ್ಳಬೇಕು.  ಆಹಾರ ಪದ್ಧತಿಯಲ್ಲಿ ಹೊಂದಾಣಿಕೆ ಇರಬೇಕು",0
nim hayn yar jote makotar  gat ila suli magne,1
Tappige shikshe agide...,0
Rss ಮಾತಾಡೋದು  ಒಂದು  ಹೇಳೋದೇ  ಇನ್ನೊಂದು. ಇಮಾತು  b L santhosh ಬಾಯಲ್ಲಿ  ಬರೋದಿಲ್ಲ.  ಮೋದಿಗೆ  ಕಳಂಕ ಬರೋದು  rss ನಿಂದನೆ.  Rss ge ಇನೊಂದು  ಹೆಸರೇ  ಕೋಮವಾ ಧಿ.  ಇವತ್ತಲ್ಲ  ನಾಳೆ  ಇದು  ಬ್ಯಾನ್ ಆಗಬೇಕು,1
E 420 sanvidaanada Dalli enoo heldaroo nadeyuttade  idu avariggagiye  ಮಾಡಿದ ಸಂವಿದಾನ  ಅವರಿಗೆ ಶಿಕ್ಷೆ ಯಂತೂ ಇಲ್ಲಾ ಸಂಕಷ್ಟ ಸಂಕಷ್ಟ heluvudaste   ಎಲ್ಲಾ ಬ್ರಸ್ತರೂ araamagiddare,1
"ಹಿಂದೂ ನಾವೆಲ್ಲ ಒಂದು 
ದಲಿತರು ದೇವಸ್ಥಾನ ಪ್ರವೇಶಿಸಿದರೆ ಬಿಳುತ್ತೆ ಕಲ್ಲು 😆😆😆😆",1
Nam ambedkar sahabrige raichur alli aa judge madidnalla nyaya kodisidreyno nav yalla strike madidvalla ondu news channels alli torsilla idey yeno nim sarkara gandu sarkara,1
Kela jathiyavaru matra ketta matu adtare antha bhavisabedi meljathi antha kareyalpaduvavaru adkintha kettadgi mathanaduttaare.  Adaruu avarige poojya Stana siguttade,0
Paapa illi avaru heluvudaralli ondu pramanikate.ondu tappu kalpane.,0
Manu smruti ge Hanna Chappelligu sama illa .ambedkar jai,1
ಆರ್ ಎಸ್ ಎಸ್ ಯಾವುದೇ ಜಾತಿವಾದಿ ಸಂಘಟನೆಯಲ್ಲ ಅದೊಂದು ಹಿಂದುಗಳನ್ನು ಒಂದುಗೂಡಿಸಿದ  ಸಂಘಟನೆ,0
ಈಗಿನ ಕಾಲಕ್ಕೆ ತಕ್ಕಂತೆ ಜಾತಿ ಪದ್ಧತಿಯನ್ನು ಮರೆಯಲು ಸಾದ್ಯವಿಲ್ಲ. ಯಾಕೆಂದರೆ ಅಂತರ್ಜಾತಿಯ ವಿವಾಹಗಲಿಗೆ ಪ್ರೋತ್ಸಹ ಕೊಡುವುದಿಲ್ಲ ಯಾಕೆಂದರೆ ಜಾತಿಯೂ ಒಂದು ದೊಡ್ಡ ರೋಗದ ರೂಪದಲ್ಲಿ ಅರಲಿಕೊಂಡಿದೆ ಹಾಗಾಗೀ ಅ ರೋಗವನ್ನು ವಾಸಿಮದುವ ಡಾಕ್ಟರ್ಸ್ ಈ ಭೂಮಿಗೆ ಬರಬೇಕು.ಅವರು ಯಾರೆಂದರೆ ಅಂತರ್ಜಾತಿಯ ಮದುವೆ ಮಾಡಿ ಕೊಂಡಿರುವ ದಂಪತಿಗಳಿಗೆ ಹುಟ್ಟುವ ಮಕ್ಕಳೇ ಈ ರೋಗವನ್ನು ವಾಸಿಮಾಡುವ ತಜ್ಞರು.ಯಾಕೆಂದರೆ ಅವರು ಜಾತಿ ಇಲ್ಲದ ಮಕ್ಕಳು ಅಪ್ಪಟ ಮನುಷ್ಯರು ಆಗಿರುತ್ತಾರೆ.ಅಂತಹ ಜನಸಂಖ್ಯೆ ನಮ್ಮ ಭಾರತದಲ್ಲಿ ಯಾವಾಗ ಹೇಚಾಗುತ್ತೋ ಆವಾಗ ಜತಿಯರೋಗ ತೊಲಗುತ್ತದೆ. 🙏ಧನ್ಯವಾದ🙏🙏 ಜೈ ಭಾರತ ಸಂವಿಧಾನ🙏 ಜೆಮ್ಸ್💎ಮುನಿ👍 ಗಡಿಗವಾರಹಳ್ಳಿ ಚಿಂತಾಮಣಿ /ತಾ/ಚಿಕ್ಕಬಳ್ಳಾಪುರ /ಜಿ/,0
Ninn samarthya yeno thagdu gubaal,1
"Jathi vyavasthe posisisuvaru,hindu dharma nasha madthare.",1
ಯಾಕೋ ನೀನು ಮುಂಜಿ ಮಾಡಿಸ್ಕೊಂಡಿದೀಯ 😂😂😂,1
"Nehru kantri naayi....
Avninda ne yee Dina namge",1
"ಇವನು ಈಗ ಹೇಳ್ತಾನೆ ಅಷ್ಟೇ, ದಲಿತರ ಮೇಲೆ ಏನೂ ಅನುಕಂಪ, ದಯೆ, ಕರುಣೆ ಎಳ್ಳಷ್ಟೂ ಇಲ್ಲ.",1
ಜೈ ಬಸನಗೌಡ ಪಾಟೀಲ್ ಯತ್ನಾಳ್,0
Jatiya bagga savisravgai tilsirudka dhnnvdauglu,0
Muslim ge huttidu ninu,0
ಇಸ್ಲಾಂ ಜಗತ್ತಿಗೆ ಮಾರಕ....ಎಲ್ಲಿಯವರೆಗೆ ಇಸ್ಲಾಂ ಈ ಜಗತ್ತಿನಲ್ಲಿ ಇರುತ್ತದೆಯೋ ಅಲ್ಲಿಯವರೆಗೆ ಭಯೋತ್ಪಾದನೆ ಜೀವಂತ ಇರುತ್ತದೆ.. ಎಲ್ಲಾ ಮುಸ್ಲಿಮರು ಭಯೋತ್ಪಾದಕರಲ್ಲ ಆದರೆ ಭಯೋತ್ಪಾದಕರೆಲ್ಲರೂ  ಮುಸ್ಲಿಮರೆ....,1
Yen Shata satya horaga barta ide neevella janagoskara illa bucket channel idu,1
ಧರ್ಮ ಮುಖ್ಯ ಅಂದ್ರೆ ಯಾಕಇಲೀಯಿದಿಯಹೊಗೊಬೇರೆ.ಧೇಶಕೆ.ಲೋಪರ್,1
Ninnappa pakistanadava agirbeku,1
Nijavada hindu huli yatnal avarige abhinandanegalu,0
ಹಿಂದೂ ಧರ್ಮದಲ್ಲಿ ಮೊದಲು ಜಾತಿಯನ್ನು ಹೊಗಲಾಡಿಸಿ,0
ನಿನ್ನ ಪ್ರಾಯ ಎಷ್ಟು,0
​ @SwiftService-m4t ಅಯ್ಯೋ ಇವನಿಗೆ ತುಂಬಾ ಉರೀತಿದೆ ಊರಕೊಂಡು ಊರಕೊಂಡು ಸ್ಮೈಲ್ ಮಾಡ್ತಾ ಕಾಮೆಂಟ್ ಮಾಡ್ತಿದ್ದಾನೆ ಇವನಿಗೆ ಬರ್ನಾಲ್ ಕೊಡಿ 😂😂😂,1
"ನಿಮ್ಮಂತಹ ದಿಟ್ಟ ,ಸತ್ಯ ಪತ್ರಕರ್ತರಿಗೆ ವಾಸ್ತವದಲ್ಲಿ ಬೆಲೆ ಇಲ್ಲ ದಲಿತರ ಪರ ನೊಂದವರ ಪರ ಮಾತನಾಡಿದ್ರೆ ನಿಮ್ಮನ್ನ ಒಂದು ವರ್ಗಕ್ಕೆ ಸೇರಿಸುವ ಜನರು ಈ ದೇಶದಲ್ಲಿ ಇದ್ದಾರೆ ಅಂತವರ ಬಗ್ಗೆ ಚಿಂತಿಸದೆ ನಿಮ್ಮದೇ ಆದ ಪತ್ರಿಕಾ ಧರ್ಮವನ್ನ ಎತ್ತಿ ಹಿಡಿಯಿರಿ ಧನ್ಯವಾದಗಳು",0
Sulle makle gudusilige benki hatchidaga avar mane avrigu yeshtu pain agirute 😡😡😡...judge sir did crct job🙏🙏🙏🙏🙏,1
ಅವರಿಗೂ ಶಿಕ್ಷೆ ಆಗ್ಬೇಕು. ವೋಟಿಗಾಗಿ ಸರ್ಕಾರಗಳು ಸುಮ್ನೆ ಇವೆ.,0
ಸುಳಿ ಸೂಳೆಮಾಗ   ಪೂರ್ತಿ ಬೀಜಪುರ ವಕ್ಫ್ ಹಸ್ತಿ ಲೇ    ನೀನು ಸಾವಿಗೆ ಹತಿರ ಆಗಿದಿಯ,1
Namge mutra madalu gate beke saryada wutara nede saru 😂,1
Dalithara mele halle madiddakke shikshe kottidare sumne alla vg,1
"ನಿಜಾ ಸಾರ್ ನಮ್ಮ ದೇಶದ ಎಲ್ಲಾ ವಿದ್ಯಾವಂತ ಜನರು ಜಾತಿ ವ್ಯವಸ್ಥೆ ಆಚರಣೆ ಮಾಡೋದರಲ್ಲಿ ಮುಂಚೂಣಿಯಲ್ಲಿ ಇದ್ದಾರೆ ಸಾರ್ ಇನ್ನು ನಮ್ಮೂರಿನಲ್ಲಿ ದೇವಸ್ಥಾನಕ್ಕೆ ಪ್ರವೇಶ ಇಲ್ಲ , ದಲಿತರು ಮುಂದೆ ಬಂದರೆ ಹೋಗಿ ಸ್ನಾನ ಮಾಡುವ ಬ್ರಹ್ಮಣರು",0
Ninntha kachada lofer ge pk ge kalsabeku,1
As usual Chakravarthy railbale,0
Super super sir🙏🙏🙏🙏🙏🙏🙏👏👏👏👏👏👏👍👍👍👍👍👍👍💪💪💪💪🙏🙏🙏🙏,0
ನೀವು ಹೇಳುವುದೇಲ್ಲವೂ ಸರಿ... ಈಗ ಯಾರು ಜಾತಿ ಪಾದ್ಧತಿ ಮುಂದರಿಸಿರುವುದು.. ಈಗ ಸ್ ಸಿ /ಸ್ ಸಿ ಕೆಲಸ ಸಿಕ್ಕಿದವರು ಬೆಣ್ಣೆ ತುಪ್ಪ ತಿನ್ನುವವರು ಯಾರು.. ಇದನೆಲ್ಲಾ ಸರಿ ಪಡಿಸಿ ಎಲ್ಲಾ ಹಿಂದುಗಳನ್ನು ಒಗ್ಗೂಡಿಸಿ 🙏🏻.... ನಿಮ್ಮ ಮಗಳನ್ನು ಕೊಡುತ್ತೀರಾ? ನೀವು ಮೊದಲು ಮಾತಿನಿಂದ ಮೊದಲು ಕಾರ್ಯದಲ್ಲಿ ತೋರಿಸಿ... ಈಗ ಎಷ್ಟೊಂದು ಬದಲಾವಣೆ ಆಗಿದ್ದನ್ನು ತಿಳಿಯಿರಿ.. ಒಳ್ಳೆಯ ಮಾತಿನಿಂದ ಸುಧಾರಿಸಲು ಪ್ರಯತ್ನಿಸಿ 🙏🏻,1
"nayi soole....
 ninge mathadoke bere vishya ilva ????",1
ಜಾತಿ ವ್ಯವಸ್ಥೆ ನಸೀಸಬೇಕು,0
ಜಾತಿ ಪದ್ಧತಿ ತೊಲಗಬೇಕು 🎉,0
 @nagarajhhnagarajh1246  ಜಮೀರ್ ಅವರಿಗೂ ಇಲ್ಲಿ ಬಂದು ನಿಲ್ಲುವ ಪರಿಸ್ಥಿತಿ ಏನು ಬಂದಿಲ್ಲ ಅಲ್ವಾ ಚಿನ್ನಾ....,0
Bere yaaroo iruvudilla.Muslim parents who are affiliated to Muslims.😮😮😮,0
Yako magne,0
ಏ ಬಸನಗೌಡ ನೀ ಬಂದು ದಮ್ಮಿದ್ರೆ ಝಮೀರ್ ಎದ್ರು ನಿಲ್ಲು,0
Lowda news channel eddu,1
ಶ್ರೀ ಚಂದ್ರಶೇಖರ್,0
"ಮಜಾವಾದಿ, ಕೋಮುವಾದಿ, ಡೊಂಗಿ ಸಿದ್ದo ಗೆ ಪ್ರಯೋಜನ ಇದ್ಯಾ????😂😂😂",1
Jai shree Ram 🚩idu Hindustan. Namma hindu samskruthi follow madbeku. Nimigalige astu idre Pakistan ge hogi. Tc kotti kalsi ivrnella sumne newsense create madkondu.jai Hindustan 🚩,1
"Vote ಗೋಸ್ಕರ ಯಲ್ಲ ಹಿಂದುಗಳು ವಂದೇ ಅಂತೀಯ, ನಾವು ನಿಮ್ಮ ಯಲ್ಲ ದೇವ ದೇವತೆಗೆ ಪೂಜೆ ಮಾಡ್ತೀವಿ, ನೀನು ನಮ್ಮ ಮೇರಿಯಮ್ಮ ಸುಂಕ್ಲಮ್ಮ ದೇವಿಯ ಫೋಟೋ ಇಟ್ಟು ನಿಮ್ಮ ಮನೆಯಲ್ಲಿ ಪೂಜೆ ಮಾಡ್ತೀಯಾ?",0
"ಪ್ರತಾಪ್ ಸಿಂಹ ಅವರೇ ಸರಿಯಾಗ್ ಉಗಿದ್ದಿದ್ದೀರಾ  ಮುಸ್ಲಿಮರಿಗೆ, ಹಿಂದುಗಳ ತಾಳ್ಮೆಯನ್ನು ಪರೀಕ್ಷೆ ಮಾಡ್ತಾ ಇದ್ದಾರೆ, ಹಿಂದುಗಳ ಸಹನೆ  ಕಟ್ಟೆ ಹೊಡೆದು ನಿಂತರೆ,  ಮುಸ್ಲಿಮರು ಪಾಕಿಸ್ತಾನಕ್ಕೆ ಹೋಗ ಬೇಕಾಗುತ್ತದೆ.",1
Idu news Yella kade yechchra huttisutte,0
ನಮ್ಮ ಧರ್ಮದಲ್ಲಿ ಒಬ್ಬ ಸ್ವಾಮಿ ವಿವೇಕಾನಂದನನ್ನು ಕಳೆದುಕೊಂಡಿದ್ದೀವಿ ಅಂದುಕೊಂಡಿದ್ವಿ ಆದ್ರೆ ಈ ಕಾಲಕ್ಕೂ ಕೂಡ ಒಬ್ಬ ಸ್ವಾಮಿ ವಿವೇಕಾನಂದ ಹುಟ್ಟಿದ್ದಾನೆ ಎನ್ನುವುದಕ್ಕೆ ಶ್ರೀಯುತ ಚಕ್ರವರ್ತಿ ಸೂಲಿಬೆಲೆ ಸಾರ್ ಸ್ವಾಮಿ ವಿವೇಕಾನಂದರಂತ ನಾಯಕತ್ವವನ್ನು ಈ ಧರ್ಮಕ್ಕಾಗಿ ಒತ್ತುಕೊಂಡಿದ್ದರೆ ಎನ್ನುವುದರಿಂದ ತಪ್ಪೇನಿಲ್ಲ ಯಾವನೋ ದೇಶದ್ರೋಹಿಗಳು ಚಕ್ರವರ್ತಿ ಸೂಲಿಬೆಲೆ ಸಾರ್ ಅಂದ್ರೆ ಆಗುವುದಿಲ್ಲ ಅಂತವರು ಧರ್ಮದಲ್ಲಿ ಇದ್ದುಕೊಂಡು ದೇಶದ್ರೋಹ ಮಾಡುವವರು ಒಂದಿಷ್ಟು ಜನ ಮುಸ್ಲಿಮರು ಕಿಚನ್ ನವರಿಗೆ ಆಗುವುದಿಲ್ಲ ಯಾಕಂದ್ರೆ ಹಿಂದುಗಳಿಗೆ ಶಕ್ತಿ ತುಂಬುತರಲ್ಲ ಅದಕ್ಕೋಸ್ಕರನೇ ನಮ್ಮ ದೀನ ದಲಿತರೇ ಎಚ್ಚೆತ್ತುಕೊಳ್ಳಿ ಈ ಕಾಂಗ್ರೆಸ್ ನವರು ನಮ್ಮ ದಲಿತರನ್ನು ಕೋಟಿಯಾಗಿ ಯೂಸ್ ಮಾಡಿಕೊಳ್ಳೋಕೆ ಬಣ್ಣದ ಮಾತುಗಳನ್ನು ಹಾಡುತ್ತಾರೆ ಆದ್ರೆ ನಮ್ಮ ದಲಿತರಿಗೆ ಚೂರಾಗೋದು ಕಾಂಗ್ರೆಸ್ ಅನ್ನೋದು ಮಾತ್ರ ತಿಳುಕೊಳ್ಳಿರಿ ಜೈ ಭೀಮ್ ಜೈ ಶ್ರೀ ರಾಮ್ ಜೈ ಮೋದಿಜಿ. ಮಲ್ಲಯ್ಯ ಮಾದಿಗ ಹಿಂದೂ,0
ಹೆಂಗ್ ಪುಂಗ್ಲಿ ತುಕಾಲಿ ಭಾಷಣ,1
Santhi kadaduodu noevu musalmanaralla nievu komuvada helidarene nimage votu siguodu ade nimma darma eie desha yarppana swatthalla pakistanige beakadare nievu hogi,1
Thumba chennagi thilisi heliddiri jathiya bagge 👌👍🙏Thumba Thanks Nimage 😊,0
ದಲಿತರ ಮನೆ ಸುಟ್ಟಗ ಅವರು ಇದೇ ತರ ಕಣ್ಣೀರು ಹಾಕಿರುತ್ತಾರೆ 😢 The power of atrocity jai bheem,1
Nin sabru du undkond irthiya?,1
Luti Ravi  100% shudda waqf baggey heltirudu tappu yean gottilla waqf baggey iwaney gey,0
ಜಾತಿ ನಮ್ಮ ದೇಶದ ಧರ್ಮ. ಇದು ಎಲ್ಲರಿಗೂ ಬೇಕು. ಯಾರಿಗೆ ಜಾತಿ ಬೇಡ ಅಂತರೋ ಅವರು ಜಾತಿಯನ್ನು ಈ ಕ್ಷಣದಲ್ಲಿ ಬಿಟ್ಟುಬಿಟ್ಟರೆ ಈ ಕ್ಷಣದಲ್ಲೇ ಜಾತಿ ಇರೋದಿಲ್ಲ.,0
"33,ಕೋಟಿ ದೈವ ಗಳು ಸೃಷ್ಟಿಸಿದ ಈ ಮನುವಾದಿಗಳು ನಿಜಕ್ಕೂ ಜೈಲಿನೊಳಗೆ ಹಾಕಬೇಕು ಎಂಬ ವಿನಂತಿ,",0
Yaawa sawidana dalli nimma dewaru Ambedkar ru barediddare school college ge baroga ijaab aaki barbekanta??? Hindu pablicity iddare beem ji yu sef irbaud tamma..ee dongi sawwidaan secular desh anta only Hindu bouddh ko heluwa desha da muslimaru yaake only Islam desha kke saport kodutaare aalochisi nodu ok...,1
ಮುಸಲ್ಮಾನರನ್ನು ಈ ದೇಶ ಬಿಟ್ಟು ಓಡಿಸಬೇಕು,0
Bogali nai dog,1
ಭವ್ಯ ಗೃಹಲಕ್ಷಮಿ ದುಡ್ಡು ಬಂದಿದೆ ಅದಕ್ಕೆ ಅವರು ಅಷ್ಟೊಂದು ಕಾಂಗ್ರೆಸ್ ಬಗ್ಗೆ ಮಾತಾಡ್ತಾ ಇದಾಳ್ಳೆ,0
Sulibele lofar nannamaga,1
ದೊಡ್ಡ ವೆಸ್ಟ್ ನನ್ ಮಗ ಸುಳ್ಳು ಸುಲೇಬೇಳೆ 😂,1
ಆದರೆ ನಮ್ಮ ಹಿಂದೂಗಳ ಆಸ್ತಿ ವಖ್ಫ್ ಬೋರ್ಡ್ ಗೆ ಹೋದರೆ ಇದೆ ಮಾತು ಹೇಳಬೇಕ....,0
ಲುಚ್ಛಸೂಳೆಮಗ ಗ್ರಾಮಷಿಂಹ ಬರಿ ಜಾತಿ ಜಾತಿ ಜಾತಿ... ರಾಜ್ಯದ ಅಬಿವೃದ್ದಿ ಬಗ್ಗೆ ಮೋದಿ ಹತ್ರ ಏನಾದ್ರು ಮಾತಾಡಿದನಾ ನಮ್ಮ ಬರಬೇಕಾಗಿರೋ ಟ್ಯಾಕ್ಸ್ GST ಅಮೌಂಟ್ ಕೇಳಿದಾನ್ ನಾಲಾಯಕ್ ಬರಿ ಬೆಂಕಿ ಹಚ್ಹೋಕೆ ಬರ್ತಾನೆ ಇವನಿಗೆ ವೋಟ್ ಹಾಕೋ ಜನರ ತಲೇಲಿ ಎಷ್ಟು ಸಗಣಿ ತುಂಬಿದಿಯೋ.,1
Pakistan ke voddi vodsi,1
ವಖ್ಫ್ ಎಂದರೆ ಜನರು ಮಸೀದಿಗಳಿಗೆ ದಾನ ನೀಡಿದ ಜಾಗ. ಈ ಸಂಘ ಪರಿವಾರದ ಬಲಿಪಶು ನಾಯಿ ಭಯೋತ್ಪಾದಕನನ್ನು ಗಲ್ಲಿಗೇರಿಸಿ,1
Yavan ri e abdull rajak Constitution goththilla jai bhim,0
Jai BJP,0
ಜಮೀರ್ ನನ್ ಮಗನೇ ಬಾರೋ ತಾಕತ್ ಇದ್ದರೆ ಬಂದು ಯತ್ನಾಳ್ ಎದುರು ನಿಲ್ಲು,0
ನಿಮ್ ಹೆಸರು ಮುಂದೆ ಪ್ರಸಾದ್ ಯಾಕೆ ಸರ್,0
Handi nima devaru  kanu British 👢 nakida Brahminru gulama,1
"ನೀನು ನೀನು ಇಂತ ಭಾಷಣಗಳನ್ನು ಮಾಡಿ ಮಾಡಿ ಕಾಂಗ್ರೆಸ್ 135 ಸೀಟ್ ಬಂದಿರೋದು,, ಯಾವುದಾದರೂ ಒಳ್ಳೆ ಯ ಅಭಿವೃದ್ಧಿಗೆ ಬೇಕಾದ ಸಲಹೆಗಳನ್ನು ಉದಾಹರಣೆಯನ್ನು ಕೊಡು ಅದನ್ನು ಬಿಟ್ಟು ಆಗಿ ಹೋಗಿರುವಾಗ ಘಟನೆಗಳನ್ನು ಹೇಳಿಕೊಂಡು ತಿರುಗುವ ನಿನ್ನಂತ ಮುಟ್ಟಾಳ ನಿಗೆ ಏನು ಹೇಳೋದು ನಿನ್ನ ಭಾಷಣ ತುಂಬಾ ಕೀಳು ಮಟ್ಟದ ಆಗಿದೆ",1
ನಮ್ಮ ದೇಶಕ್ಕೆ ವಿದೇಶದಿಂದ ಆಗಮಿಸಿದ ಆರ್ಯರು ಇನ್ನು ನಮ್ಮ ದೇಶದಲ್ಲಿ ಇದರ ಸರ್,0
ಸರ್ ನೀವು ಹೇಳಿದು ಎಲ್ಲರೂ ಸರಿಯಾಗಿ ತಿಳಿದುಕೊಳ್ಳಲು ಇದುವೇ ಒಂದು ಉತ್ತಮವಾದ ವಿಡಿಯೋವಾಗಿದೆ ಭಾರತ ದೇಶ ಉದ್ದಾರ ಆಗೋದಿಲ್ಲ ಯಾಕೆಂದರೇ ಜಾತಿ ವ್ಯವಸ್ಥೆ ಈ ಜಾತಿ ವ್ಯವಸ್ಥೆ ಹೋಗಬೇಕು   ಅಂತರಜಾತಿ ಮದುವೆಯಾಗಬೇಕು ಅವಾಗ ಈ ದೇಶದ ಉದ್ದಾರ ಆಗೋದು ಅಲ್ಲಿಯ ತನಕ ರಾಜಕೀಯ ನಾಯಕರು ಇತರೆ ಮನುಷ್ಯರು ತಮ್ಮ ಉದ್ಧಾರಕ್ಕೆ ಜನರಲ್ಲಿ ಜಾತಿ ವ್ಯವಸ್ಥೆ ತಂದು ಆಟ ಆಡುತ್ತಿದ್ದಾರೆ ಎಚೆತ್ತು ಕೊಳ್ಳಿ ಮಿತ್ರರೇ ಅಮರ್ ಸರ್ ನಿಮ್ಮಗೂ ಧನ್ಯವಾದಗಳು ಸರ್❤❤,0
Bail sikkiddu anyaya,1
First world war 2014 hege sir,0
Pratap na desha bitu odisiii,1
Sariyagi kottedari jathi jathi anta saythira nan makllu nanu gowda ne,1
ಲೇ ಪ್ರತಾಪ್ ಟಿಪ್ಪು ಸುಲ್ತಾನ್ ಈ ದೇಶದ ಪರವಾಗಿ ಬ್ರಿಟಿಷ್ ವಿರುದ್ಧ ಹೊರಡುವಾಗ ಇಲ್ಲಿರುವ ಎಷ್ಟೋ ಹಿಂದೂ ರಾಜರು ಬ್ರಿಟಿಷ್ ಗೆ  ಸಪೋರ್ಟ್ ಮಾಡಿದರಲ್ಲ ಇದಕ್ಕೆ ಎನ್ನು ಹೇಳ್ತಿಯಪ್ಪ  ನಿನ್ನಗ್ಯಾರು ಪ್ರತಪ್ ಸಿಂಹ ಹೆಸರು ಇಟ್ಟರೋ ಗೊತ್ತಿಲ್ಲ ನಿನಗೆ ನಾಯಿ ಅಂತ ಕರಿಬೇಕು,0
Satya meva jayate satya kke jaya vagalide satyada paksha dalliye sri man narayena vasa jai sanatan ( yella sanatani vandagiri),0
ನಿಮ್ಮ ಬಿಜೆಪಿ ಪ್ರಧಾನಿ ಅಭ್ಯರ್ಥಿಯಾಗಿ ಒಬ್ಬ ದಲಿತ ನಾಯಕರುಗಳಿಗೆ ಕೋಡಿ ನೋಡೋಣ,0
Sir nimage davaru ole buddi sir niuu first beef export stop madii plsssss now,1
ಸರ್ ನಿಜಕ್ಕೂ ತುಂಬಾ ಸವಾಲಿನ 100ಕೇ 100    ನಿಮ್ಮ ಮಾತು ನಿಜವಾದ ಹಿಂದೂ ಕೇಳಿಸಿಕೊಳ್ಳಬೇಕು🙏🙏,1
ತುಂಬ ತುಂಬ  ಧನ್ಯವಾದಗಳು ಸರ್,0
Nanu nirgunakara anu bavi jai barat idu nammalli mathra sad🎉hiya.,0
ನಿನಗೆ ಕರ್ನಾಟಕ ಬೇಜಾರ್ ಆದ್ರೆ ಮೊದ್ಲು ಕರ್ನಾಟಕ ಬಿಟ್ಟು ಹೋಗಿ 😂,1
"ಛೇ, ಛೇ ಇದು ದೇಶ ಪ್ರೇಮಿಗಳ ಸ್ನೇಹಿತರಿಗೇ ತಿಳಿಯದಂತಲ್ಲ.",0
ಗಾಂಡು ನನ್ನ ಮಗನೆ,1
First both yallarigu support madodu nee kali gubal,1
ದಲಿತರನ್ನು ಎಲ್ಲಾ ಮೂಲಗಳಲ್ಲಿ ಯೂ ಹಿಂದೆ ತಲ್ಲುತ್ತಾ ಬಂದಿದ್ದಾರೆ.,1
"ನಿಜ ..ಭಾರತೀಯರೆಲ್ಲರೂ ಸ್ವಾತಂತ್ರ್ಯ ಕ್ಕಾಗಿ ಹೋರಾಡುತ್ತಿದ್ದರೆ ಭಾರತ ದಲ್ಲಿದ್ದ  ತುರಕರೆಲ್ಲರೂ     ಟರ್ಕಿ ದೇಶದ ಖಲೀಫನಿಗಾಗಿ ಖಿಲಾಫತ್ ಚಳವಳಿ ಮಾಡಿ ಕೊಂಡಿದ್ದರು....
ತಾಯಿ ನಾಡಿನ ಮೇಲಿನ ನಿಷ್ಠೆ ಗಿಂತ ಇಸ್ಲಾಂ ಪ್ರೀತಿ ದೊಡ್ಡದು ಈ ಮುಸ್ಲಿಂ ರಿಗೆ ..
 ಹೈದರಾಲಿ ಹಾಗೂ ಟಿಪ್ಪು ಕೂಡ ಬ್ರಿಟೀಷ್ ರಂತೆ ಪರಕೀಯ ದಾಳಿ ಕೋರರೇ..",1
ನಾಲಾಯಕ್ ಶಬ್ದ ಯಾರೂ ಬಲೂಸುತ್ತಾರೆ? ಮೂರ್ಖರು ಮಾತ್ರ.,1
ಬೆಳ್ತಂಗಡಿ ಯಲ್ಲಿ ಮೆಹೇಶ್ ಅಣ್ಣ ಕಾಯುತ್ತಿದ್ದಾರೆ,0
Nimage sastang Namaskaragalu Brother.,0
ಅಮರ್ ಸರ್ ನಿಮ್ಮ ಕನಸು ನನಸು ಅಗಲಿ ಸರ್ ಜೈ ಬೀಮ್,0
10th exam bareyodu onde amele UPSC exam bareyodu onde anta helida hage aytu shafi saadi avaru......kole madiddu bere bamb hakodu bere....adrallu devara hesaralli kollodu bere,1
ಮೊದ್ಲು ಸುರು ಮಾಡಿದ್ದು ನೀವು ನೀನು ಒಬ್ಬ ಕುಡುಕ tikka ಮುಚ್ಚಕುಂಡ್ ಇರು ಮೊದ್ಲು ಜಾತಿ ಜಾತಿ ಅನ್ನೋದು ಬಿಡು ಬಾಯಿ ಇದೆ ಅಂತ ಏನೆಲ್ಲಾ ಮಾತಾಡಕ್ಕೆ ಹೋಗಬೇಡ,1
ನಿನಗೆ ಹಿಂದೂ ಮುಸ್ಲಿಂ ದ್ವೇಷ ಹುಟ್ಟಿಸೋದು ಬಿಟ್ಟು ಬೇರೆ ವಿಷಯ ನೆ ಇಲ್ವಾ ಬೆಲೆ ಏರಿಕೆ ಬಗ್ಗೆ ಯಾಕೆ ಮಾತಾಡು ದಿಲ್ಲ,1
ಬೇರೆಯವರ ಅಪ್ಪನ ಆಸ್ತಿಯ ನ್ನು ನಮ್ಮಪ್ಪನ ಆಸ್ತಿ ಎಂದು ಹೇಳುತ್ತಿರುವ ಸೊಳೆ ಬೆಳೆ.,0
Taliban ge support madidda ah rezak bolimagan nim channel ge karsbedi ranganna nim name halagute,1
Jai yatnal huli,0
ಕಾಲಿ ಮಾತು ಬಿಡಿ ಕೋರ್ಟ್ ಎನ್ ಹೇಳುತ್ತೆ ಕೇಳಿ sir ಸುಮ್ನೆ ಮಾತು ಬೇಡ ಸಮಸ್ತ್ರ ಬೇಕಾ ಬೇಡ ಅಂತ,0
ಮಾಧ್ಯಮ ರಂಗಕ್ಕೆ ಮಾದರಿಯಾಗಿದ್ದಿರಿ. ನಿಮ್ಮಂತಹವರು ಈ ದೇಶದ ಭವಿಷ್ಯ.,0
Budjet bage matadi idenri idu  badavaru kasta dali sayta idare   keloru yaru illa,0
ಲೇ ಹಾದರಗಿತ್ತೀ ಮಗ ನೀನು ಗೆದ್ದ ಎತ್ತಿನ ಬಾಲ ಹಿಡೀ ಯುವ ಮಗ ನೀನು,0
"ದೇಶದಿಂದ ಹೊರಗ ಹೋಗಬೇಕು ಅಂತ 
ಸುಲೇಬೇಲೆ ಅವರೆ ನಿಮ್ಮ ಅಪ್ಪನ ತುಣ್ಣೀ ಗೆ ಹುಟ್ಟಿದ್ರ atleast ಒಬ್ರುನಾದರು Kalsu ನೋಡೋಣ",1
Neenu avrige na 😂 nin antha Shikandi galinda sule makla hindigala paristhithi hing aagide,1
Ondu babri maseede dwamsaa madidda tappige laksanthara babri maseede katvastu jagna bitkottidivalla waqf annuvantha daridra kanunanna thandu e daridra congress sarkara e rete yochane madudre a babiri masede age bitbitidru agithu ansodilaave laksanthara ekare jagana yavaga vapas kithkotera suli beleyavare,1
"😢😮Adakke mahanubhavaru heliddu,tata bye bye khatam anta.😮😢",0
ಒಹೋ ಮಹಾಪ್ರಭು.. ಎಂಥಾ ವಿಷ್ಯ ಹೆಲ್ಬಿಟ್ರಿ.. ಅಯ್ಯೊ goobe that's understood..,1
"ಒಬ್ಬಬ್ಬಾ ಹಿಂದೂ ಅಂತ ಯಾಕೆ ಹೇಳ್ತೀರಿ ಅಮಾಯಕರ ಬಡ ಹಿಂದೂ ಮಕ್ಕಳ ಜೀವ ಜೀವನ ವನ್ನು ಯಾಕೆ ಹಾಳು ಮಾಡುತ್ತೀರಾ ನೀವು ಒಬ್ಬರೆ ಹೋಗಿ ಹೋರಾಟ ಮಾಡಿ , ನೀವು ಸಿಂಹ ಅಲ್ಲವೇ ,",0
ಮನುಷ್ಯ ಜಾತಿಗೆ ಇರೋ ಬೆಲೆ ಯಾವ ಜಾತಿಗೂ ಇಲ್ಲ ಮನುಷ್ಯ ಜಾತಿ ಒಂದೇ ಶ್ರೇಷ್ಠ,0
ಹೌದು ನೀನು ಹೇಳುವುದು ಕರೆಕ್ಟ್ ಪೆಟ್ರೋಲ್ ಬಾಂಬ್ ಕಲ್ಲು ಹೋಗಿಯೋದು  ಅವರ್ನ ಎನ್ಕೌಂಟರ್  ಮಾಡಬೇಕು ಮತ್ತು ಮುಸ್ಲಿಂ ಬಗ್ಗೆ ಬೈತಾರ್ಲಾ ಅದೇ ತ** ಮುಕುಳಿ ತುನ್ನಿ ಇವು ಯಾವುವು ಅವರು ಅಮ್ಮಂದಿರಿಗೆ  ಇರುವುದಿಲ್ಲ ಇವರನ್ನು ಎನ್ಕೌಂಟು ಮಾಡ್ರಿ   ಇನ್ನ ಕೆಲವೊಂದು ರಾಜಕಾರಣಿ ಒಳಗ ಆಧಾರ್ ಟಿಪ್ಪುಂದು ಹೆಲ್ತ್ ತಿಂದ ಭಾಷಣ ಮಾಡೋದು ಚಪ್ಪಲಿ   ಹೇಲ್ ಹಚ್ಚಿ ಹೊಡಿಯಬೇಕು   ಯಾಕೆ ಗಂಡಸ್ತನಲ್ಲೇನು ಅಂಬೇಡ್ಕರ್ ಅವರಿಗೆ ಎಷ್ಟೊಂದ ಅನ್ಯಾಯ  ಮಾಡಿದ್ದಾರೆ ಸಂಗೊಳ್ಳಿ ರಾಯಣ್ಣ ಹಿಡಿದು ಕೊಟ್ರಲ್ಲ ಕಿತ್ತೂರಾಣಿ ಚೆನ್ನಮ್ಮ ಇನೋ ಅನೇಕ  ಮಹಾನ್ ವ್ಯಕ್ತಿಗಳಾದರು ಅವರ ಬಗ್ಗೆ ಭಾಷಣ ಯಾಕ್ ಮಾಡುವುದಿಲ್ಲ ನೀವು  ಇವರ ಬಗ್ಗೆ ಭಾಷಣ ಮಾಡಿದ್ರು ನಿಮಗೆ ವೋಟಿಂಗ್  ಬೀಳಂಗಿಲ್ಲ ಅದಕ್ಕೆ ಹಿಂದೂ ಮುಸ್ಲಿಂ ಜಗಳ  ಹಚ್ಚಿಬಿಡುವುದು,1
Yallaru nidaanavagi maathadi. Ige kugadodrinda yenagitte yochanemadi. 👍🏻,0
"ಕಾಂಗ್ರೆಸ್ ಜನರೇ ಈಗಲಾದರೂ ಬದಲಾಗಿ ನಾವು ಹಿಂದೂಗಳು, ನಮ್ಮ ದೇಶ ಉಳಿಸಲು ನಮ್ಮ ಸಂಸ್ಕೃತಿ ಬೆಳೆಸಲು.",0
 @sudhira26488  ಇಂತವು ಓವೈಸಿಯಂಥವರಿಗೆ ವಿಶ್ವಮನವರಾಗಿ  ಎಂದು ಉಪದೇಶಿಸುವುದಿಲ್ಲ. ದೇಶ ಭಕ್ತರಿಗೆ ಮಾತ್ರ ಉಪದೇಶಿಸುತ್ತವೆ.,0
🔥🔥🔥👌👌👌super amar sir namma desadalli ondejati erabeku adu manusya jati,0
ಬರೆ ಕೆಲಸಗಾರ ಮಾತಾಡಬಾರದು ಮಾತಿನಂಗು ಹೋಗಬೇಕು,0
ಒಹೋ ಮಹಾಪ್ರಭು.. ಎಂಥಾ ವಿಷ್ಯ ಹೆಲ್ಬಿಟ್ರಿ.. ಅಯ್ಯೊ goobe that's understood..,1
ಸೂಲಿಮಗನೇ ಸೂಲಿಬೆಲೆ,1
ಜನಗಳ ತಲೆಯಲ್ಲಿ ಬರೀ ಕೋಮು ಗಲಭೆ ಸೃಷ್ಟಿಸೋದೆ ನಿಮ್ಮ ಬ್ಲೂಜೆಪಿಯ ಪ್ರಧಾನ ಕಾರ್ಯ 😂😂😂😂😂😂😅😅😂😂😅,1
Politics change agbeku sir,0
ವಕ್ಫ್ ಬೋರ್ಡ್ ಅನ್ನೋ ಪೀಡೆ ಇರಬಾರದು,1
ISISI SDPI PFI CFI ಅಲ್ ಖೈದಾ ಇಂಡಿಯನ್ ಮುಜಾಹಿದ್ದೀನ್ ಸೂಳೆ ಮಕ್ಕಳಿಗೆ ಉರಿ ಯಾಕೆ,1
ಭವ್ಯ ಅವರಗೆ ಮುಸ್ಲಿಂ ಭಯೋತ್ಪಾದಕ ಲಲಿಪಾಪ್ ಇಷ್ಟ ಅನ್ಸುತ್ತೆ,1
Brother edu first government kegibeku school nalle kellutare nin caste yavdu anta alli kellilla Andre edu 70% cut agtad,0
Home minister alla ava luccha nan maga ava,1
ಏನ್ ಹೇಳಿದ್ರು ನಮ್ ಹಿಂದೂಗಳೂ ಬುದ್ಧಿ ಕಲಿಯಲ್ಲ,0
ಮೂಲ ದರೋಡೆ ಕೊರರೇ ಮುಸ್ಲಿಂಮರು ಎಲ್ಲಿಂದಲೋ ಬಂದು ಲೂಟಿಮಾಡುಕೊಂಡು ಈಗಲೂ ಲೂಟಿಮಾಡುತ್ತಿರುವವರು ಎಲ್ಲಾ ಅನೈತಿಕಚಟುವಟಿಕೆಗಳಲ್ಲಿ ಈಗಲೂಮುಂಣಿ ಯಲ್ಲಿರುವವರು,1
ಹಳ್ಳಳ್ಳಿಲ್ಲೋ ಹಿಂದು ಗ್ರೂಪ್ ಮಾಡಬೇಕು ಸರ್,0
ಮೊದಲು ನಾವು ಸರ್ಕಾರದ 'ಶಾಲೆಯ ದಾಖಲೆಗಳಲ್ಲಿ ಮಕ್ಕಳ ಜಾತಿಯನ್ನು ನಮೂದಿಸಬಾರದೆಂದು ನನ ಅಭಿ ಪ್ರಾಯ,0
ಸರಿಯಾದ ಮಾತು,0
Ayyappa male hakondu school GE barthare adanna stop madi muchkondu,1
ದೇಶಕ್ಕೆ ಅದ್ಭುತ ಕೊಡುಗೆ ನೀಡುತ್ತಾ ಇದ್ದೀರ ಧನ್ಯವಾದಗಳು ಅಮರ್ ಅವರೆ,0
"Sulibe ki ninna oorina Green belt na tegsu...soolibele oorina akka pakka nannaa hunuman dwajaa🎉aarau...
Bogale bashana na modi ge heli implement mado Tukai...",0
"ಮೊದಲ ಸರಿಯಾಗಿ ಇತಿಹಾಸ ತೆಗೆದುಕೊಳ್ಳಿ ಮೊದಲ ಜಾಗತಿಕ ಯುದ್ಧ ನಡೆದಿದ್ದು ಅಥವಾ ಜಾಗತಿಕ ಸಮರ ಜರಗಿದ್ದು 1914 ರಿಂದ 1918 ವರೆಗೆ .
          ತದನಂತರ 1919 ರಲ್ಲಿ ಈ ಯುದ್ಧ ನಾಂದಿ ಹಾಡಲು ವರ್ಸೆಲ್ಸ್ ಒಪ್ಪಂದ ಏರ್ಪಟ್ಟಿತ್ತು. ಇದು ಸಹ ವಿಫಲ ಹೊಂದಿದಾಗ 1920 ರಲ್ಲಿ ರಾಷ್ಟ್ರಗಳ ಸಂಘ ಸ್ಥಾಪಿಸಲಾಗಿತ್ತು. ಈ ಸಂಘದ ಅಪಾರದರ್ಶಕತೆ ಕಂಡುಬಂದಿದ್ದರಿಂದ ಇದು ಸಹ ಅಸಫಲ ಗೊಂಡಿತ್ತು.
             ಮತ್ತೆ ವಿಶ್ವದಲ್ಲಿ ಎರಡನೆಯ ಜಾಗತಿಕ ಸಮರ1939 ರಿಂದ 1945 ವರೆಗೆ ನಡೆದಿತ್ತು ಇವೆರಡು ಜಗತ್ತಿಕ ಯುದ್ಧಗಳಿಂದ ವಿಶ್ವದಲ್ಲಿ ಅಶಾಂತಿಯ ವಾತಾವರಣ ಸೃಷ್ಟಿಯಾಗಿತ್ತು.
            ಸಮಾಜದಲ್ಲಿ ಶಾಂತಿ ಹಾಗೂ ಸುವ್ಯವಸ್ಥೆ ಕಾಪಾಡಲು1945 ರಲ್ಲಿ ವಿಶ್ವಸಂಸ್ಥೆಯು ಜನ್ಮತಾಳಿತು.",0
ಸರ್ ನಮಸ್ತೆ ನಾವು ಜಾತಿ ಬೇಡ ಅಂತ ಹೇಳಿ ಬಿಟ್ರೂನೂ ಸಹ ಸರ್ಕಾರ ಜಾತಿನೇ ಬಿಡೋದಿಲ್ಲ ಸರ್ ಈ ಜಾತಿ ಯಾವಾಗ ನಿರ್ನಾಮ ಆಗುತ್ತೋ ಆಗ ನಮ್ಮ ದೇಶ ಉದ್ಧಾರ ಆಗಲು ಖಂಡಿತ ಆಗುತ್ತದೆ ಸರ್ ನೀವೇ ತಿಳಿಸುವಂತಹ ಎಲ್ಲಾ ಮಾಹಿತಿಗಳು ನಮಗೆ ತುಂಬಾ ಸ್ಪೂರ್ತಿದಾಯಕವಾಗಿರುತ್ತದೆ ನಿಮಗೆ ಧನ್ಯವಾದಗಳು ಸರ್,0
ಗಾಂಡು ನೀನೂ,1
"🙏Sir 
ನಮ್ಮ ದೇಶದ (ರಾಜ್ಯದ ) ದೊಡ್ಡ ಸಮಸ್ಯೆ ಬಗ್ಗೆ ಇಷ್ಟು ವಿವರಣೆ ನೀಡಿದಕ್ಕೆ, ನಿಮ್ಮ ಈ ವಿಡಿಯೋದಿಂದ ಪ್ರಜ್ಞಾವಂತ ಜನಗಳು ಈ ದರಿದ್ರ ವ್ಯವಸ್ಥೆ ವಿರುದ್ಧ ದ್ವನಿ ಎತ್ತಲಿ.
ಈ ದರಿದ್ರ ವ್ಯವಸ್ಥೆ ಇಷ್ಟು ದೊಡ್ಡ ಮಟ್ಟಕ್ಕೆ ಬೆಳೆಯಲು ನಮ್ಮಯವರಲ್ಲೇ ಇರುವ  ಅಂದ ಭಕ್ತಿ ಮತ್ತು ಸಾಮಾಜಿಕ ನ್ಯಾಯಾಕಾಗಿ ಸಂಘಟನೆ ಇಲ್ಲದಿರುವುದು.
ಕಚಡಾ ರಾಜಕಾರಣಿಗಳಿಂದ ಹಾಗೂ so called ಕೆಲ ಸಂಘಟನೆಗಳಿಂದ ಈ ವ್ಯವಸ್ಥೆ ಇಷ್ಟು ದೊಡ್ಡ ಮಟ್ಟದಲ್ಲಿ ಬೆಳೆಯೋದಕ್ಕೆ ಕಾರಣ.",1
"ಇಲ್ಲಿ ಧಾರ್ಮಿಕ ಮುಖಂಡನಿಗೆ ಸರಿಯಾಗಿ ಮಾತಾಡೋಕೆ ಬರ್ತಿಲ್ಲ ,ಇನ್ನು ಇವನು ಅವರ ಧರ್ಮದವರಿಗೆ ಹೇಗೆ ಒಳ್ಳೆ ಮಾರ್ಗದರ್ಶನ ಕೊಡ್ತಾನೆ🤦‍♀️...",0
Yes niv heliddu nija jai bheem,0
Sulemaga anchor is komuvadi,1
🙏🙏🙏🙏🙏 ಅಭಿನಂದನೆಗಳು ಸಾರ್,0
ವರದಿ ಬಹಳ ಚನ್ನಾಗಿದೆ..ಆದರೆ ಈ ವಿಷಯಕ್ಕೆ ಆರೆಸ್ಸೆಸ್ ಸಂಘಟನೆಯನ್ನ ಟ್ಯಾಗ್ ಮಾಡಿದ್ದೂ ಕೂಡಾ ರಾಜಕೀಯ ಹಿತಾಸಕ್ತಿ ಅನ್ನಸ್ತಿದೆ..ಸಂಪೂರ್ಣ ವರದಿ ಬಹಳ ಚನ್ನಾಗಿದೆ‌..ಥ್ಯಾಂಕ್ಯೂ,0
Jai shree raam 🚩🚩,0
ಕಾಂಗ್ರೆಸ್ ಯಾವಾಗಿದ್ರು ಭಯೋತ್ಪದಕರ ಪರ,1
News channel nive Ella halu madodu e samajana,0
Soli ಬೇಳೆಯವರೆ illlyatanka  ಒಬ್ಬ ಬ್ರಸ್ತನಿಗೆ ಶಿಕ್ಷೆ ಅಡದಿದ್ದರೆ ಹೇಲಿ  ವಾಡ್ vivad nadeyuttadekonege bail  namma ಕಣ್ಣವರೆಸುಳೆ adu ನಡೆಯುವುದು  ವಕೀಲರ ಹೊಟ್ಟೆ ತುಂಬಲು ಅಷ್ಟೇ,1
"Manuspurthi sutu akithiru,ariuaru imported from Iran irak.brahsmsnaru Aryans drsvidaru navu adhivasigalu navu originally Indians",0
ತೋರ್ಸತ್ತಾರೆ ತಡ್ಕೂ ಭವ್ಯ,0
"ಸಮವಸ್ತ್ರ ಪದದ ಅರ್ಥ ಗೂತ್ತಿಲ್ಲಾ ತುರ್ಕರಿಗೇ....🤣😂😁
ಹಿಂದೂಸ್ಥಾನವನ್ನೂ ಪಾಕಿಸ್ತಾನ ಮಾಡುವ ಮೂದಲೂ ತುರ್ಕರನ್ನೂ ಹಿಂದೂಸ್ಥಾನದಿಂದಾ ಓಡಿಸಬೇಕು ಅಂದಾಗ ಮಾತ್ರ ದೇಶ ಉಳಿಯಲೂಸಾದ್ಯಾ.......
ಜೈ ಹಿಂದ್ ಜೈ ಶ್ರೀರಾಮ್🚩🕉️📿📿🕉️🚩🚩🕉️📿📿📿🚩",1
ಹೇಳುವುದನ್ನು. ನೇರವಾಗಿ  ಹೇಳು ಕಚಡಾ ನನ್ ಮಗನೆ .,1
 @Agsgxhk  yatnala sahebar  chappli Kelgin Dhool sama illa iavan,1
ಜೈ ಶ್ರೀರಾಮ್ ❤ ಜೈ ಹಿಂದೂ ರಾಷ್ಟ್ರ ❤,0
Next ..Congess ge buddi kalisthini,1
ಜಾತಿ ವ್ಯವಸ್ಥೆಯಲ್ಲಿನ ನೋವುಗಳ ಬಗ್ಗೆ ಕೆಳ ಜಾತಿಯವ ಮಾತಾನಾಡುವುದಕಿಂತ ಮೇಲ್ ಜಾತಿಯವ ಅರಿವು ಮೂಡಿಸಬೇಕು ಸರ್...... ಸರ್  ಆದ್ರೆ ಜಾತಿ ಪದ್ದತಿಯನ್ನ ಬದಲಾಯಿಸಲು ಯಾರೊಬ್ಬರಿಗೂ ರೈಟ್ಸ್ ಇಲ್ವಾ.....?,0
Beharichna ritiya gatane hindugalu ottagi chennagi odetuva karykrama nadeyabeku.,1
ಬಿಜೆಪಿಗರ  ಮೀಟರ್ ಎಲ್ಲರಿಗೂ ಗೊತ್ತು ಕೋರ್ಟ್ ಗೆ ಹೋಗಿ ಸ್ಟೇ ತರೋದು 😅😅😅😅,1
ಈ ದೇಶ ನಿನ್ನ ಅಪ್ಪನಧಲ್ಲ ಸೂಳಿ,0
Thika muchi hogo,1
Sir  nimma  maathugalu  super   jaathi padhathy   hoogalla,0
Super super 👍 sir very good,0
Haudu Eliyaa annu 😂😂😂,0
Manasmruthina antha granthana ban madbeku.... Yaru odbardu,1
ಜಾತಿ ಮೂರ್ಖ ರ ಒಂದು ಸ್ವಾರ್ಥ.,0
Muslim ge huttidu ninu,0
Barthiya Savidana Baredavru Hagey Heludilla Edu NimmaVakhya E Deshada Mahapurash Anntha Kanunu Odhidavrigey Gotthu Ennu Daliathru Matthu Muslimara Nadovey Samjavannu Odibedi Barathda Dalitharu Egha Sampurna Vidhyvanthru Hagu Vimarshakaru Avaru Mula Bharthiyary Edhu Manavrikey Madikolli Edhkella Jai Bhim Aspada Kodudilla Annyada Virudha Horadodey Modhla Guri .,0
Ay yatnal nenagege  dam edra chamaraja nagar bandu nellu,0
mutton shop abdullla 😂,1
Jaya sikkide🎉🎉🎉🎉🎉,0
"B r p, ಭೀಮ ರಾಮ್ ಪಕ್ಷ",0
Hentha maathu saar  ❤,0
Congress  hindhugalge. Artha Aghuwa. Samayakke yella. Mugidu hogothy,1
"Jothege nim Amman hu karkondu hogo , sariyagi Maadi kalstahre",1
"Budda,  basavanna ellaruu jaati paddati nirmulane gaagi horaadidru ,😮😮😮😮aadre munde bowdda  ,lingaayata  jaathi galuu huttikondavuu 😂😂😂😂 heege ennu mundeyu edu hechhagutte horathu kadime aagalla 😮😮😮😮😮nam deshaa yaava kaaranakku badalaagalla 😮😮😮😮😮 edu vaastava sathya 😮😮😮😮😮😮😮",0
Nina kelasla hellu Hindu nijaj bevrashi murkca  jagalabed,1
E bachala baayi na mla heng maadidro.. 🤦🏻‍♂️ public alli enu maathadbeku gothilla.. adakke e boli maganige minister kodtha illa..,1
Super 👌👌.duschatagalinda mukthi hondi uttama nadavalike galinda mathu shikshanadinda navu uddara aagthivi.,0
Beedhi nayi ...VIJAYPURA..dalli yenu improve maadiddane .adu helu first,1
MULLA GALA BULLA ALLADSO BITTI BERE YENU BARTADAY NAYI GALA,1
ಸಮಾನ ಮನಸ್ಕರು ಅಂತರ್ಜಾತಿ ವಿವಾಹ ಆಗಬೇಕು,0
😂😂😂😂😂😂ಶಕುನಿ ಗೆ ಹುಟ್ಟಿದ rss... Muslim ಹೆಸರು ಹೇಳುಕೊಂಡು ಮೋದಿ ಅನ್ನುವ ಒಬ್ಬ ಅವಿದ್ಯಾವಂತ ಪ್ರಧಾನಿ 😂😂😂😂😂😂201 ಲಕ್ಷ ಕೋಟಿ ಸಾಲ ದೇಶದ ಮೇಲೆ ಶಕುನಿ ಗೆ ಹುಟ್ಟಿರೋರು ಯಿಂದ,1
E bosadi makkalanna Pakistan ge kalasi if you all are true indians,1
India alli casteism ero vargu nan india number one agalu sadya villa 💯😧😧,0
ಕಾಂಗ್ರೆಸ್ ಬರೆದಿರೊದು ಅಷ್ಟೇ ಅಂತ ಅಂಬೇಡ್ಕರ್ ನ ಚುನಾವಣೆಯಲ್ಲಿ ಸೋಲಿಸಿದ ಕಾಂಗ್ರೆಸ್ ಮಾಡಿರೊ ಕಿತಾಪತಿ....,1
ಜೈ ಶ್ರೀ ರಾಮ್ 🕉️🕉️🕉️🚩🚩🚩🔥🔥🔥,0
"ಯಾವುದೇ ಧರ್ಮದಲ್ಲೇ ಆದರೂ ಅದರ ಆಚರಣೆ,
ಆ ಪರಮಾತ್ಮನ ಸಾಕ್ಷಾತ್ಕಾರಕ್ಕೇ ಹೊರತೂ,ಯಾವುದೇ ರೀತಿಯ ದ್ವೇಷ,ಅಸೂಯೆ,ಹಿಂಸೆ ಅಥವಾ ಗಲಭೆಗಳಿಗಲ್ಲಾ.
        ವಾಸ್ತವ ಪರಮ ಸತ್ಯವಾದ ಅಂಶ ವೆಂದರೆ ""ದೇವರೊಬ್ಬ ನಾಮ ಹಲವು ,ಸಬ್ ಕಾ ಮಾಲಿಕ್ ಏಕ್ ಹೈ,"". ಆದರೇ, ಸಾರ್ವಜನಿಕವಾಗಿ ವಿದ್ಯಾ ಸಂಸ್ಥೆ ಗಳಲ್ಲಿ ಈ ಎಲ್ಲರೂ ಒಂದೇ ಎಂಬ ಭಾವನೆ ಬರಲಿ ಎಂಬ ಉದ್ದೇಶಕ್ಕೆ ಎಂದೂ ಯಾರೂ ಧಕ್ಕೆಯಾಗದಂತೆ  
ನಡೆಯದೇ ವರ್ತಿಸಬೇಕು",0
Edu media avarinda estond halagiruvadu,0
"ಪ್ರತಾಪ್ ರವರೆ ಯುದ್ದ್ ಇಸವಿ ಗೊತ್ತಿಲ್ಲ ನಿನಗೆ, 🤭ಅಂಬೇಡ್ಕರ್ ಬಗ್ಗೆ ಮಾತಾಡೋ ಯೋಗ್ಯತೆ ಇಲ್ಲ ನಿನಗೆ, ನೀನು ಒಬ್ಬ ರಾಜಕಾರಣಿ 😂😂.",1
"ಗುಜರಾತ್ ಹಂದಿ ನರೇಂದ್ರ ಮೋದಿ ಕರ್ನಾಟಕ ರಾಜ್ಯಕ್ಕೆ ಸರಿಯಾಗಿ ಅನುದಾನ ಕೊಟ್ಟಿಲ್ಲ ಈ ಗುಜರಾತ್ ಹಂದಿ ಗುಲಾಮ ಕರ್ನಾಟಕ ದ್ರೋಹಿ ಸೂಲಿಬೆಲೆ ಚಕ್ರವರ್ತಿ ಧಿಕ್ಕಾರ ನಿನಗೆ 
ಶಿವಾನಂದ ಮಾಳಣ್ಣವರ ಬೆಳಗಾವಿ ನಗರ",1
ಜೈ ಭೀಮ ಹೇಳಲು ನೀನು ನಾಲಾಯಕ. ದಲಿತರ ಬಗ್ಗೆ ಮಾತ ನಾಡುವಾಗ ನಾಲಿಗೆ ಮೇಲೆ ಹಿಡಿತವಿರಲಿ.,1
"Ye pratapa Ghandhi baghe mathnadva yogyatye ningilla
Yakandre ghandi yannu kondava ninn guru ne",1
ಎಲ್ಲಿಂದ ಬಂದ್ರೂ ಇವರೆಲ್ಲಾ ನಾವು ಹುಟ್ಟಿ ಬೆಳದಿದ್ದು ಬಾರತ,0
ಮುಸ್ಲಿಂ ಅಂದ್ರೆ ತಾಲಿಬಾನ್ ಅವರಿಗೆ ಎಲ್ಲಿ ಗೊತ್ತು ಸಂವಿಧಾನ,1
Ella hindugalu seri bjp ge support maadidre ulkotare illandre hinge agatte,0
Shllenamkal  Government,1
ಭಾರತ ಏನು ನಿಮ್ಮಪ್ಪಂದು ಅಲ್ಲ,0
evn huchh nan en no nim appan tale bevarsi,1
Manasige novagide family members Bagge judge yochane maadbekittu😂,0
"ನಮ್ಮ ಕರ್ನಾಟಕದ ಯೋಗಿ ಆದಿತ್ಯನಾಥ್ .

ನಮ್ಮ  ಯತ್ನಾಳರು ❤👍👍💪💪💪🙏🙏🙏🚩🔥🚩🔥🚩🔥🚩🔥🚩🔥🚩🔥🚩🔥🚩🔥",0
Neeve sari❤💪🚩🚩🚩,0
Hindugalu siddharamaya antha ketta vekthina poshane madodu thappu hindugalige dhroha maduva siddharamaya nige hindugalu virodha madabeku,1
Enguru Muslims irode 23% india dalli  enadtare hindu galu thrgibide engatte anno yochne nu illde matte matte jagala thegittiddare,1
Yalli nin mukli li nugga beka ok ok inta uneducated chotiya galanna support mado nimmanta hijada sulemakllige dodda salute,1
ಜೈ ಶ್ರೀ ರಾಮ್,0
Seerpakdu ninu sooli bele,1
nathannu keli sir Ella andre navu tale  tettu heluvudu onade Tumba taleketre nanu alla navu hehuvudu onde nim !!!!!!!!!!!!!!!!!!!!!!!!!!!!!!!!!!!!!!!!! /////////////////,1
Uchaffa sulemaga,1
ವಾದಿ ಪ್ರತಿವಾದಿ ಬೇಕು ಇಲ್ಲ ಅಂದ್ರೆ ತೀರ್ಪು ಕೊಡಕ್ಕಾಗಲ್ಲ,0
 @K_CHAKRAVARTHY_B.R   ನೀನು ಯಾವ ‌ದೇಶ,0
ಇದು ಕಜಡ ತೀರ್ಪು,1
"ನಿಮ್  ಬಿಜೆಪಿ ಅಲ್ಲಿ ಎಸ್ಟ್ ಜನ SC,ST ನಾಯಕರು ಇದ್ದರೆ ಅದ್ದನ್ನು ಮೊದಲು ಹೇಳು ಹಿಂದೂ ಇಲಿ😂😂😂",1
Narendra Modi ji 🚩🦁 zindabad,0
"ಜಾತಿ ವ್ಯವಸ್ಥೆ ಎಲ್ಲಿವರೆಗೂ ಭಾರತದಲ್ಲಿ ಇರುತ್ತೋ ಅಲ್ಲಿಯವರೆಗೂ ಭಾರತ ಉದ್ಧಾರ ಆಗುವುದಿಲ್ಲ,  ನಮ್ಮ ಊರಿನಲ್ಲಿ ನಮ್ಮನ್ನು ದೇವಸ್ಥಾನಕ್ಕೆ ಬಿಡುವುದಿಲ್ಲ ನಾವು ದಲಿತರು ಎಂಬ ಕಾರಣಕ್ಕೆ  ಇದು ಇವಾಗ್ಲೂ ಜೀವಂತವಾಗಿದೆ ಇಂಥ ವ್ಯವಸ್ಥೆ ಮೊದಲು ತೊಲಗಬೇಕು",0
"Rss ಮೂಲ ದವರೇ  ಜಾತಿ ಹುಟ್ಟುಹಾಕಿ ಬೆಳೆಸಿದ್ದು, ಈಗ್ಲೂ ಅವರೇ ಚಾಲ್ತಿ ಯಲ್ಲಿ ಇರುವ ಹಾಗೇ  ಯಲ್ಲಾ ಸರ್ಕಾರದಲ್ಲೂ  ಕೈಹಾಕಿ  ಪೊಸಿಸುತ್ತಿದ್ದಾರೆ.",1
​ @rajeshgowda8668 ninagididre ennu nalku Mane galige benki edu antideno,1
Bhadagi sule maha kumvadi,1
"Ivana bhashana  na right annovaru neevu indians alla, namma desh ada kanu nanna arithavaralla komuvadigalu",1
Hindu galu vaggataga beku ella andre enu madak agall jathi anno beda bhav bida beku jai shree ram 🚩,0
Sir jati India jati adoration s.c e Janaranu devaru jivana kodalila navu baduki erabaradu eindia dalliance yaru manuscript edare eeli sir edu namma karma,0
Nemantaa vaktigalu savira laxha hutbeku sar jati hodd odso key,0
Gandhijiyavarannu kondaddu yaru? 😡😡,0
ಮೊದಲು ನಮ್ಮ ಹಿಂದೂಗಳು ಜಾತಿ ಮತ್ತು ಪಕ್ಷ ಬೆದ ಮರೆತು ನಾವೆಲ್ಲ ಹಿಂದೂಗಳು ಎಂದು ಮೊದಲು ಅರ್ಥ ಮಾಡಿಕೊಳ್ಳಬೇಕು ಮತ್ತು ಈ ಕಾಂಗ್ರೆಸ್ ಸರ್ಕಾರ ಹಾವು ಇದಂಗೆ ಇದಕ್ಕೆ ಹಾಲು ಕೊಟ್ಟರು ಅದು ವಿಷ ಕಕ್ಕತ್ತದೆ ಹದೇತರ ಈ ಕಾಂಗ್ರೆಸ್ ಕೂಡ. ಇನ್ನು ಮುಂದೆ ಯಾದರು ಮತ ಚಲಾಯಿಸುವ ಮೊದಲು ಯೋಚಿಸಿ. ಕಾಂಗ್ರೆಸ್ ಪಕ್ಷ ಹಿಂದೂ ವಿರೋಧಿ ಪಕ್ಷ ಅಂತ. ಇನ್ನು ಏನೇ ಆದರೂ ಕನಸಿನಲ್ಲೂ ಈ ಕಾಂಗ್ರೆಸ್ ಅನ್ನುವ sabara ತುರುಕರ ಪಕ್ಷಕ್ಕೆ ಮತ ಹಾಕಬಾರದು please 🙏,1
Kj Halli dj Halli Hubli li police station ige kallu ogdavrige idu anvaya agudila Alva Anna kevala hindugalig maatra anvaya Alva anna,1
Nimage prati dina Muslims du nekklilla Andre tindiddu jeerna agalla Alva?,1
😂😂😂😂😂😂ಚಕ್ರವರ್ತಿ ಯವರೇ ಇನ್ನು ಮುಟಳ ಹಿಂದೂ ಗಳು ಇದ್ದಾರೆ,1
ಅಲ್ಲಾಹು ಅಕ್ಬರ್. ವಕಫ್ ಆಸ್ತಿಯನ್ನು ನಿಮ್ಮಿಂದ ಏನೂ ಮಾಡಕ್ಕಾಗಲ್ಲ. ವೋಟಿಗಾಗಿ ನಿಮ್ಮ ನಾಟಕ. ಹಿಂದೂ ಮುಸ್ಲಿಂ ಒಂದಾಗಿ ನಿಮ್ಮ ನಾಟಕವನ್ನು ನಿಲ್ಲಿಸ್ತಾರೆ.,0
"ಈ ಮೂರ್ಖ ಇನ್ಯಾವುದೋ ದಾರಿ ತಪ್ಪಿಸಲಿಕ್ಕೆ ಈ ಬೊಗಳೆ ಬಿಟ್ಟಿದ್ದಾನೆ 
ವರ್ಣಾಶ್ರಮ ಸೃಷ್ಟಿಕರ್ತರು ಈ ಆರ್ಯ ವೈದಿಕರು",1
ನಾವೆಲ್ಲರೂ ನಿಮ್ಮ ಬೆಂಗಲಕ್ಕೆ ನಿಂತ್ಯವಿ ಅಣ್ಣ,0
Heng pung lee,0
Arun  ravare  all are equal   ellarannu  endhe  rithi  nodi ondhe  rithi nodi,0
lo maha jnyani itihasa wanna reconstruction madbedu boli magne sansad nagi development mado komuwadi galabe beda,1
Hindugalali first obruna obru bittu kododu bidri...nimmanthorindane desha halu.... Islam avru obruna obru bittu kodalla... nandrallli yak nim thara irthare.....,0
"❤❤ ಚಕ್ರವರ್ತಿ ಅಣ್ಣ ❤❤❤
ಕಚಡಾ ಗಳು ಈ ಕಾಂಗ್ರೆಸ್ ಗುಲಾಮರು 😂😂😂",1
 @pramodshetty8611  paigamber mohammed soolege hutiro soolemaga,1
"@Chakravarti Sulibele ಸರ್, ಸರಿಯಾಗಿ ಹೇಳಿದ್ದೀರಿ. ಕಾಂಗ್ರೆಸ್ ಪರ ಎಂದರೆ ದೇಶ ವಿರೋಧಿ ಎಂದರ್ಥ. ಕರ್ನಾಟಕದಲ್ಲಿ ಯೋಗಿ ಅಂಥವರು ಬರಬೇಕು. ಆಗಲೇ ಇಲ್ಲಿ ಪರಿಸ್ಥಿತಿ ಸರಿ ಹೋಗೋದು.",0
Sullamatu  e mattu  kelluella,1
Nimma ಮಾತು ಸತ್ಯ ಸರ್ .ಕೆಲವೊಬ್ಬರಿಗೆ ಅರ್ಥ ಆಗ್ತಿಲ್ಲ.,0
Congress hellatimbanayidawa,0
ತುಂಬಾ ಅದ್ಭುತವಾಗಿ ಯೂ ಅರ್ಥಗರ್ಭಿತವಾಗಿ  ಮಾತನಾಡಿದ್ದೀರಿ ಧನ್ಯವಾದಗಳು.,0
"ಧನ್ಯವಾದ ಗಳು ತಮ್ಮ ಈ ಸತ್ಯ ಸಂದೇಶ ಜನಕ್ಕೆ ತಿಳಿಸುವ ಸಲುವಾಗಿ,",0
"ಚೆನ್ನಾಗಿ ಹೇಳಿದ್ದೀರಿ ಅಮರ್
ಆದರೆ ನಾಳೆ ನಮ್ಮ ಮನೆಗೆ ಜಾತಿ ಗಣತೆಗೆ ಬಂದಾಗ ನಾವು ಏನೆಂದು ಬರೆಯಿಸಬೇಕು ಎನ್ನುವುದು ತಿಳಿಯದಾಗಿದೆ
ಅಥವಾ ನೀವು ಏನೆಂದು ಬರೆಸುತ್ತೀರಿ ಎಂದು ಹೇಳಿದರೆ ನಾವು ಕೂಡ ಆಲೋಚನೆ ಮಾಡ್ತೀವಿ",0
Razak urkonda,0
"ಎಡಾ RSS ಸ್ಸೇ
 ಮುಸ್ಲಿಮರ ವಸ್ತ್ರ  ನಿಮಗೆ  ಸಮಸ್ಯೆ
 ಮುಸ್ಲಿಮರ ಆಹಾರ ನಿಮಗೆ ಸಮಸ್ಯೆ
ಮುಸ್ಲಿಮರ ಮದ್ರಸ ನಿಮಗೆ ಸಮಸ್ಯೆ
ಮುಸ್ಲಿಂ ಹೆಣ್ಮಕ್ಕಳ ಹಿಜಾಬ್ ನಿಮಗೆ ಸಮಸ್ಯೆ
ಮುಸ್ಲಿಮರ ಅಝಾನ್ ನಿಮಗೆ ಸಮಸ್ಯೆ
 ಮುಸ್ಲಿಮರ ಮಸೀದಿ ನಮಾಝ್ ಪವಿತ್ರ ಗ್ರಂಥ ನಿಮಗೆ ಸಮಸ್ಯೆ 
ಮುಸ್ಲಿಮರ ಗಡ್ಡ ಟೋಪಿ ನಿಮಗೆ ಸಮಸ್ಯೆ
ಮುಸ್ಲಿಮರ ಹಬ್ಬ ಆಚರಣೆಗಳು
ನಿಮಗೆ ಸಮಸ್ಯೆಯಾಗಿದೆ 
ಇದರಲ್ಲಿ ಒಂದು ಕೂಡಾ ನಿಮಗಲ್ಲದೆ ಬೇರೆ ಯಾರಿಗೂ ಸಮಸ್ಯೆಯಾಗಿಲ್ಲ  ಯಾವುದೇ ಅಡಚಣೆ ಕೂಡಾ ಉಂಟಾಗಿಲ್ಲ
  ಮುಸ್ಲಿಮರು ನಿಂತರೂ ನಿಮಗೆ ಸಮಸ್ಯೆ ಕುಳಿತರೂ  ನಿಮಗೆ ಸಮಸ್ಯೆ 
  ಎಡಾ RSS ಸ್ಸೇ
ನೀವು ಎಷ್ಟೇ ಸಮಸ್ಯೆ ಉಂಟು ಮಾಡಿದರೂ ಅದನ್ನು ಮೆಟ್ಟಿ ನಿಂತು ಎದುರಿಸುವ ತಾಕತ್ತು ಮುಸ್ಲಿಮರಿಗಿದೆ 
   ನೀವು ಕಾರುವ ವಿಷ ನಿಮ್ಮನ್ನೇ ಬಲಿ ತೆಗೆಯುತ್ತದೆ ವಿನಹ ಮುಸ್ಲಿಮರಿಗೆ ಎಳ್ಳಿನಷ್ಟೂ ಹಾನಿ ಆಗಲ್ಲ 
   ನಿಮ್ಮಲ್ಲಿ ಅಧಿಕಾರವಿದೆ ನೀವು ಮಾಡಿದ್ದೇ ಆಟ  ಓಡಿದ್ದೇ ಓಟ ಅಂದು ಕೊಂಡಿದ್ದರೆ ಅದು ನಿಮ್ಮ ಭ್ರಮೆ  
ನೀವು ಎಷ್ಟೇ ಲಾಗ ಹಾಕಿದರೂ
 ಮುಸ್ಲಿಮರಿಗೆ ಸಮಸ್ಯೆಯ ಮೇಲೆ ಸಮಸ್ಯೆ ಕೊಟ್ಟರೂ ಕಿಂಚಿತ್ತೂ ವಿಚಲಿತರಾಗಲ್ಲ
   ಏಕೆಂದರೆ ಮುಸ್ಲಿಮರು ಏಕ ದೇವ ವಿಶ್ವಾಸ ಹೊಂದಿದವರು 
    ಮುಸ್ಲಿಮರು ಈ ಲೋಕಕ್ಕೆ ಬಂದಿದ್ದೇ ಪ್ರವಾಸಿ ಜೀವನ ಮಾಡಲು ಹೊರತು ನಿಮ್ಮ ಹಾಗೆ ಶಾಶ್ವತವಾಗಿರುವಂತಹ ಭ್ರಮೆ ಹೊತ್ತು ಕೊಂಡು ಬಂದಿಲ್ಲ
   ಮುಸ್ಲಿಮರಿಗೆ ಪರಲೋಕ ಶಾಶ್ವತವಾದ ಲೋಕವಾಗಿದೆ 
 ಈ ಲೋಕದಲ್ಲಿ ಸದ್ಗುಣಗಳ ಬೀಜ ಬಿತ್ತಿ ಪರಲೋಕದಲ್ಲಿ ಅದರ ಲಾಭ ಪಡೆಯುತ್ತಾರೆ 
   ಮುಸ್ಲಿಮರಿಗೆ ಈ ಲೋಕ ನರಕವಾದರೆ ನಿಮಗೆ ಈ ಲೋಕ ಸ್ವರ್ಗವಾಗಿದೆ 
        ಎಡಾ RSS ಸ್ಸೇ
ನಿಮ್ಮ ಲಂಗು ಲಗಾಮಿಲ್ಲದ ಹಾರಾಟ ಚೀರಾಟ  ಗೊಣಗಾಟ ಎಲ್ಲವನ್ನೂ ನಿಲ್ಲಿಸಲು ಆ ಭಗವಂತನಿಗೆ ಬೇಕಾದ ಸಮಯ ಕೇವಲ ಒಂದು ನಿಮಿಷ 
   ನಿಮಗಿಂತಲೂ ಮುಂಚೆ ಅದೆಂತಹ ಘಟಾನುಘಟಿಗಳು ಇಸ್ಲಾಮನ್ನೂ ಮುಸ್ಲಿಮರನ್ನೂ ನಾಶ ಮಾಡಲು ಬಂದಂತಹ ಅಬೂಜಾಹಿಲ್ ಬೀದಿ ಹೆಣವಾದ
 ನಾನೇ ದೇವ ಎಂದು ಪ್ರಜೆಗಳನ್ನು ಚಿತ್ರ ಹಿಂಸೆ ಮಾಡಿದ ಫಿರ್-ಔನ್ ಏನಾದ ? 
 ಈಗಲೂ ನಿಮ್ಮಂತಹವರಿಗೆ  ಬುದ್ದಿ ಬರಲು ಈಜಿಪ್ಟ್ ಮ್ಯೂಸಿಯಂನಲ್ಲಿ ಜೀವಚ್ಛವಾಗಿ ಮಲಗಿದ್ದಾನೆ
   ಇನ್ನು ನೀವು ಯಾವ ಲೆಕ್ಕ ?
 ಇನ್ನೂ  ಹಾರಾಡ ಬೇಕು.  ದೇಹದಲ್ಲಿ ಶಕ್ತಿ ಇರುವಷ್ಟು ದಿನ ಹಾರಾಡ  ಬೇಕು
ಅಫ್ಘಾನಿಸ್ತಾನವನ್ನು ಉಗ್ರರ ದೇಶ ಭಯೋತ್ಪಾದಕರ ದೇಶ ಭಾರತದ ಮುಸ್ಲಿಮರನ್ನು ಅಫ್ಘಾನಿಸ್ತಾನದ ಉಗ್ರರಿಗೆ ಹೋಲಿಕೆ ಮಾಡಿ ಅವಮಾನ ಮಾಡಿದಾಗಲೂ ಇಲ್ಲಿನ ಮುಸ್ಲಿಮರು ಒಂದು ಮಾತೂ ಆಡದೆ  ಅವಮಾನವನ್ನು ನುಂಗಿ ಕೊಂಡರು 
ಆದರೆ ಈಗ ಅದೇ ಭಯೋತ್ಪಾದಕರ ದೇಶ ಅಫ್ಘಾನಿಸ್ತಾನಕ್ಕೆ ನಿಮ್ಮಪ್ಪ ಮೋದಿ  200 ಕೋಟಿ ರೂಪಾಯಿ ಫ್ರೀಯಾಗಿ ಕೊಟ್ರಲ್ಲಾ  ಯಾರಪ್ಪನ ಹಣ ಅದು ?
ಅದೂ ಭಯೋತ್ಪಾದಕರ ದೇಶಕ್ಕೆ  ಈಗ ನಿಮಗೇನೂ ಅನ್ನಿಸಲ್ವಾ ?
   ಥೂ ನಿಮ್ ಜನ್ಮಕ್ಕೆ 
ರಾಜ್ಯದಲ್ಲೂ ಕೇಂದ್ರದಲ್ಲೂ ಅಧಿಕಾರಕ್ಕೆ ಬಂದು ಇಷ್ಟು ವರ್ಷಗಳಾಯ್ತು  ತಾಕತ್ತಿದ್ದರೆ  ಅಭಿವೃದ್ಧಿ ಹೆಸರಲ್ಲಿ ಮತ ಕೇಳಿ ಮತ್ತೆ ಅಧಿಕಾರಕ್ಕೆ ಬನ್ನಿ
ಅದು ಬಿಟ್ಟು  ದೇಶದ ಖಜಾನೆಯನ್ನೆಲ್ಲಾ ದೋಚಿ ದೇಶದ ಜನರನ್ನು ಬೇಕಾ ಬಿಟ್ಟಿ  ಹಿಂಸಿಸಿ ಬೆಲೆ ಏರಿಕೆ ಮಾಡಿಸಿ ಹಸಿವಿನಿಂದ ಕೊಂದು ಹಾಕಿ ಅದರ ನೆನಪನ್ನು ಮಾಸಿ ಹಾಕಲು ಬೇಕಾಗಿ ಹಿಂದೂ ಮುಸ್ಲಿಮರ ಮಧ್ಯೆ ವಿಷ ಬೀಜ ಬಿತ್ತಿ  ಮತ್ತೆ ಅಧಿಕಾರಕ್ಕೇರುವ ಕನಸು ಕಾಣುವ
      ಹಿಜ್ಡಾ RSS ಸ್ಸೇ
ನಿಮ್ಮ ನಾಶ ಆದಷ್ಟು ಬೇಗನೇ ಆಗಲಿದೆ
     ದಲಿತರೇ ಶೂದ್ರರೇ ಒಕ್ಕಲಿಗರೇ ಪೂಜಾರಿಗಳೇ  ಈ ಮನುವಾದಿಗಳು ಇಂದು ಮುಸ್ಲಿಮರನ್ನು ನಾಳೆ ನಿಮ್ಮನ್ನೂ  ನಾಶ ಮಾಡ್ತಾರೆ  
ಮನುವಾದಿಗಳ ಮಕ್ಕಳನ್ನು ವಿದೇಶದಲ್ಲಿ ಓದಿಸಿ ಡಾಕ್ಟರ್ಸ್ ಗಳು ಇಂಜಿನಿಯರ್ಸ್ ಗಳನ್ನಾಗಿ ಮಾಡ್ತಾ ಇದ್ದಾರೆ
 ಆದರೆ ನಿಮ್ಮ ಮಕ್ಕಳಿಗೆ ಕೇಸರಿ ಶಾಲು ಹಾಕಿಸಿ ಗಲಾಟೆ ಮಾಡಲು ಕಳಿಸಿ ಜೈಲು ಕೋರ್ಟ್ ಪೋಲೀಸ್ ಠಾಣೆ ಎಂದು ಅಲೆದಾಡಿಸಿ ಕೊನೆಗೆ ರೌಡಿ ಶೀಟ್ ದಾಖಲಿಸಿ ನಿಮ್ಮ ಮಕ್ಕಳ ಜೀವನವನ್ನೇ ಹಾಳು ಮಾಡುತ್ತಾರೆ 
  ಒಂದೈದು ನಿಮಿಷ ಯೋಚಿಸಿ 
ಇವರ ಕುತಂತ್ರಕ್ಕೆ ಬಲಿಯಾಗ ಬೇಡಿ 🙏🙏🙏🙏🙏🙏",1
Bavya ninna appa ninna amma totaly ninna kutumba ge terror attack agidre ninge gottaytha ettu ninondu bharatha maatheya magalagi terror s na samarthane madkothya andre  nin yogyathe artha agutte bidu,1
"ಮನುಷ್ಯ ಜಾತಿ ಒಂದೇ 
ಜಾತಿ ಜಾತಿ, ವಿಷ ಬೀಜ ಬಿತ್ತಿದ್ದೆ ಈ ರಾಜಕೀಯ ನಾಯಕರು...",0
"🌹🇮🇳🔱🌹good news sir ಜೈ ಶ್ರೀ ರಾಮ ,ಜೈ ಬಿಜೆಪಿ ಜೈ ಅಶ್ವಿನಿ ಉಪಾಧ್ಯ ಜಿ,  ಹಿಡಿ  ನಮ್ಮ ಕರ್ನಾಟಕದಲ್ಲಿ ಮುಸ್ಲಿಂ ಕಾಂಗ್ರೆಸ್ ಬಾಂಗ್ಲಾದೇಶ ಭ್ರಷ್ಟಾಚಾರ ಬಗ್ಗೆ ವಿರುದ್ಧ 1951NRC citizen act ಮಾಡಿರಿ ಸರ್, ಇದು ಮಾಡಿಲ್ಲ ಅಂದ್ರೆ ಹಿಡಿ ಕರ್ನಾಟಕ ಪಾಕಿಸ್ತಾನ ಮಾಡುತ್ತಾರೆ,",0
ಎಲ್ಲಿಯವರೆಗೆ ಕೆಲ ಅಯೋಗ್ಯರು ಮತ್ತು ದೇಶ ವಿರೋಧಿ ಹಿಂದೂಗಳು ಇರುತ್ತಾರೋ ಅಲ್ಲಿವರೆಗೂ ನಮ್ಮ ದೇಶವನ್ನು ಉದ್ದಾರ ಮಾಡಲು ಸ್ವತಃ ಕೃಷ್ಣ ಪರಮಾತ್ಮ ಬಂದರೂ ಸಾಧ್ಯವಿಲ್ಲ...... ನಮ್ಮಲ್ಲಿನ ಕೆಲ ಹಿಂದೂಗಳೂ ನಮ್ಮ ಜಾತಿಯ ಮುಖಮಂತ್ರಿ ನಮ್ಮ ಪಕ್ಷದ ಮುಖ್ಯಮಂತ್ರಿ ಅವನು ಎಷ್ಟು ಬೇಕಾದರೂ ಲೂಟಿ ಮಾಡಲಿ ಅನ್ನುವುದನ್ನು ಮರೆತು ಮೊದಲು ದೇಶದ ಬಗ್ಗೆ ಯೋಚಿಸಬೇಕು.,1
ಜೈ ಭೀಮ್ ನೋ ಶ್ರೀ ರಾಮ್,0
Hucchar jothe namagenu  kelsa,0
Muslim gandugalu,1
Jai sulibele chakrabartjy❤🎉,0
ಸರ್ ಇದು ಬಾಸ್ ನಾನು ಮಿಂದು ಗಳಿಗೆ ಮುಟ್ಟಬೇಕು ಅಲ್ಲಿವರೆಗೆ ನೀವು ಎಲ್ಲಾ ರಾಜ್ಯದಲ್ಲಿ ಎಲ್ಲಾ ಜಿಲ್ಲಾ ಆಡಳಿತ ಕಚೇರಿ ಮತ್ತು ತಾಲೂಕು ಕಚೇರಿಯಲ್ಲಿ ನೀವು ಭಾಷಣ ಮಾಡಿ ನಮ್ಮ ಜನಗಳಿಗೂ ತಿಳಿಸಿ ವರ್ಕ್ ಬಗ್ಗೆ ಮಾಹಿತಿಯನ್ನು ತಿಳಿಸಿರಿ ಇದು ಯಾರಿಗೂ ಗೊತ್ತಿಲ್ಲ ತಿಳಿಸಿರಿ,0
Nivu Islam dharmadalli serbidri  swarga sigutte vandu allha ge prathane madbeku saviraru devaru anta kallige marakke havinige monkey ge aane ge ilige  yallarige pooje madadu biiti Islam rilijion ge serbedri sumne amvas puneem ge vandu vandu habba adu yalla devva allha dinda door madi narkkige hogli  anta madadu manushyna tha dushman iblis benki dinda huttiradu  nanu yen ford marakke agalla Islam vodi modle amele yuchane madri,1
"ಈಗಿನ  ಭಾರತದಲ್ಲಿರುವ ಎಲ್ಲಾ ಮುಸ್ಲಿಮರೂ ನುಸುಳುಕೋರರಿಂದ ಭಯೋತ್ಪಾದನೆಗೆ ಹೆದರಿ ಮತಾಂತರಗೊಂಡ ನಮ್ಮ ಹಿಂದುಗಳೇ ಆಗಿದ್ದಾರೆ.ಇದು ಜಗತ್ತಿಗೆ ತಿಳಿದ ಸತ್ಯವಾಗಿದೆ.

   ಪುರುಷ ಪ್ರಾಧಾನ್ಯತೆಯ ಪ್ರತಿಪಾದಕ ವಿಕೃತ ನುಸುಳುಕೋರರು ಯಾವಾಗಲೂ‌ ಮಹಿಳೆಯರನ್ನು ತಮ್ಮ ಲೈಂಗಿಕ ಚಟದ ವಸ್ತುವಾಗಿ ಪರಿಗಣಿಸುತ್ತಿದ್ದರು.ಸತ್ತ ಮೇಲೆ ಸ್ವರ್ಗದಲ್ಲಿ ಮುಟ್ಟೆ ಇಲ್ಲದ ಮಹಿಳೆಯರು ಸಿಗುತ್ತಾರೆಂದು ಮುಗ್ದ ಜನರನ್ನುಉತ್ತೇಜಿಸಿ, ಭಯೋತ್ಪಾದಕರನ್ನಾಗಿ ಮಾಡುತ್ತಿದ್ದರು.

     ಶರೀರವೇ ಇಲ್ಲದ ಮೇಲೆ ಯಾವ‌ ಸ್ವರ್ಗ‌, ಯಾವ ನರಕವನ್ನು ಅನುಭವಿಸಲಾಗುತ್ತದೆ.ಯಾರದೋ‌ ದುಡ್ಡು,ಭೂಮಿ;ನುಸುಳುಕೋರರು ಭಾರತಕ್ಕೆ ನುಸುಳಿ; ಉಂಡು,ಕೊಂಡು,ಹಾಳು ಮಾಡಿ,ಮುಗ್ದ ಜನರನ್ನು ಮತಾಂತರ ಮಾಡಿ ಅವರ ಪಾಪದ ಹೊರೆಯನ್ನು ದೊಡ್ಡದು ಮಾಡಿಕ್ಕೊಂಡು ಮಣ್ಣಲ್ಲಿ ಮಣ್ಣಾಗಿ ಹೋಗಿದ್ದಾರೆ.

    ಇನ್ನಾದರೂ ಏಳುನೂರು  ವರುಷಗಳ ತಲೆಮಾರಿನ ಹಿಂದಿನ್ನಿಂದಲೂ ಮತಾಂತರ‌ಗೊಂಡಿರುವ  ನಮ್ಮ ಹಿಂದುಗಳಾದವರು ಎಚ್ಚೆತ್ತುಕ್ಕೊಳ್ಳಬೇಕಾಗಿದೆ.

    ಭಾರತಕ್ಕಿಂತ ಸುರಕ್ಷಿತ ದೇಶ ಈ ಭೂಮಿಯಲ್ಲಿ ಬೇರೆ ಎಲ್ಲೂ ಇಲ್ಲವೆಂದು ಅರಿತು ಅವರವರ ಮನೆಯಲ್ಲಿ ಅವರವರಿಗೆ ಇಷ್ಟಬಂದ  ಆಚರಣೆಗಳನ್ನು ಹೆಣ್ಣುಮಕ್ಕಳು ಆಚರಿಸಿಕ್ಕೊಂಡು ನುಸುಳುಕೋರರ ಪುರುಷ ಪ್ರಧಾನ ನೀತಿಯನ್ನು ತಿರಸ್ಕರಿಸಿ, ಸಂತೋಷದಿಂದ ತಮ್ಮ ಜನ್ಮ ಸಿದ್ದ ಹಕ್ಕುಗಳನ್ನು ಅನುಭವಿಸಿಕ್ಕೊಂಡು ಜ್ಞಾನಿಗಳಾಗಿ ಎಲ್ಲರೊಡನೆ ಹೊಂದಿಕ್ಕೊಂಡು ಬದುಕಲು ಕಲಿಯಬೇಕಾಗಿದೆ.

     ನುಸುಳುಕೋರರ ಹಿಂಸೆಯಿಂದ ಮುಸ್ಲಿಮರಾಗಿ ಮತಾಂತರಗೊಂಡಿರುವ ಹಿಂದುಗಳಿಗೆ ಈಗ  ಪ್ರಪಂಚದ ಯಾವ ಮುಸ್ಲಿಂ ದೇಶಗಳು  ಆಶ್ರಯ ನೀಡುತ್ತಾರೆ ಎಂಬ ವಾಸ್ತವಿಕ ಸತ್ಯವನ್ನು ಅರಿತು,ಸರಳ ಸಜ್ಜನಿಕೆಯ ಭಾರತಮಾತೆಯ ಸುಪುತ್ರ ದಿವಂಗತ  ರಾಷ್ಟ್ರಪತಿಗಳಾದ ಅಬ್ದುಲ್ಲ್ ಕಲಂರಂತೆ ಪ್ರಪಂಚವೇ ಮೆಚ್ಚುವಂತೆ ಯೋಗ್ಯರಾಗಿ ಬದುಕಬೇಕು, ಬಾಳಬೇಕು.

    ಮನುಷ್ಯನ ಬದುಕು ಮುನ್ನೂರ ಇಪ್ಪತ್ತೆಂಟು ಸೆಕೆಂಡುಗಳು ಮಾತ್ರ ಎಂಬ ಸತ್ಯವನ್ನು ಅರಿಯಬೇಕಾಗಿದೆ.

   ನುಸುಳುಕೋರರೂ ಎಲ್ಲರಂತೆ ಮುಖದಲ್ಲಿರುವ ಬಾಯಿಯ ಮೂಲಕವೇ ಆಹಾರವನ್ನು  ತಿನ್ನಬೇಕಾಗಿದೆ ಹಾಗೂ ಪಾನೀಯಗಳನ್ನು ಕುಡಿಯಬೇಕಾಗಿದೆ ಮೂಗಿನ್ನಿಂದ ಉಸಿರಾಡಬೇಕಾಗಿದೆ ಎಂಬ‌‌ ಸತ್ಯದ ಅರಿವನ್ನು ಹೊಂದಬೇಕಾಗಿದೆ.
  
    "" ಮಾನವ ನಿರ್ಮಿತ ಎಲ್ಲಾ ಧರ್ಮ""ಗಳನ್ನು ಅನುಸರಿಸುತ್ತಿರುವ ಪ್ರತಿಯೊಬ್ಬರೂ,  ಬರುವಾಗ ಮತ್ತು ಹೋಗುವಾಗ ಒಂಟಿ ಹಾಗೂ ಬರಿಗೈ.

      ನಮ್ಮೊಡನೆ ಕೋಟಿ ಕ್ಷಣಗಳಿದ್ದ ಶರೀರವನ್ನೂ ಮಣ್ಣಿಗೂ,ಬೆಂಕಿಗೂ,ನೀರಿಗೂ ಅರ್ಪಿಸಿ ಹೋಗುತ್ತೇವೆಂಬುದನ್ನು ಮರೆಯಬಾರದು.

       ""ಸಬ್ ಕಾ ಮಾಲೀಕ್ ಏಕ್ ಹೈ.""
   ""ಪರಿವರ್ತನೆಯೇ ಪರಮಾತ್ಮನ      ಜಗದ ನಿಯಮವಾಗಿದೆ.""
        ""ಸತ್ಯ ಮೇವ ಜಯತೇ.""

   ಈಗಲಾದರೂ  ಪ್ರತಿಯೊಬ್ಬರೂ‌‌ ತತ್ವಜ್ಣಾನಿ,ಪದ್ಮಶ್ರೀ ‌ಎಸ್.ಎಲ್ ಭೈರಪ್ಪನವರ ""ಆವರಣ"" ಕಾದಂಬರಿಯನ್ನು ತಪ್ಪದೇ‌ ಓದಿದರೆ ‌ನುಸುಳುಕೋರರ ಘನ‌ ಸಾಧನೆ‌,ಹಾಗೂ ಅವರು ಮಾನವ ಕುಲಕ್ಕೆ ಮಾಡಿದ ಉಪಕಾರವೇನ್ನೆಂಬುದ್ದನ್ನು ಪುರಾವೆಗಳ ಸಹಿತ ಅರಿತುಕ್ಕೊಳ್ಳ ಬಹುದು.",1
Nan yakda harami,0
ರಿಪೋರ್ಟ್ ಸಾರ್ ಸೂಪರ್‌ ನೀವು  ಪಾಯಿಂಟ್ ಇಂದ ಮಾತಾಡುತ್ತಿರಿ ಸಾರ್ ಹಸಿರು ಬಣ್ಣ ನಮ್ಮ ಬಾವುಟದಲ್ಲಿ ಇದೆ ಎನ್ನುವ ಅದ್ಭುತ ಸಾರ್,0
Aadhare nivu ambedkar samvidhanane oppodhulvalla,1
Le nine hogu nalayak,1
"Very nice presentation 👏👏.. Ambedkar ಅಂತ ಒಬ್ಬ ವ್ಯಕ್ತಿ ಭಾರತದಲ್ಲಿ ಹುಟ್ಟದೆ ಹೋಗಿದ್ದರೆ, ದಲಿತರ ಸ್ಥಿತಿ ಊಹೆಗೂ ನಿಲುಕದ್ದಗಿರುತ್ತಿತ್ತು 🙏",0
Dhigambar Bethel aagi hogodu gandasaru sir hengasaralla.,0
ನನ್ನ ಭಾರತ ಧರ್ಮಾ ಜಾತಿಗಳಿಗಿಂತ ದೊಡ್ಡದು. ನಮಗೆ ಕೋಮುವಾದ ಬೇಡ ಉಗ್ರವಾದ ಬೇಡ. ಶಾಂತಿಯ ತೋಟ ಬೇಕು. ನೆಮ್ಮದಿಯ ಜೀವನ ಬೇಕು.,1
"ಮೌಲ್ವಿಗಳನ್ನು ಕೂಂಬಿಂಗ್ ಮಾಡಬೇಕು.ಪ್ರತಿಯೊಬ್ಬ ಮೌಲ್ವಿಯವರನ್ನೂ  ಅವರ ಹಿನ್ನಲೆ ಡೀಟೈಲಾಗಿ ಪರಿಶೀಲನೆ ಮಾಡಬೇಕು.ಉಗ್ರರನ್ನು ವಿಚಾರಿಸದೆ ಶಾಂತವಾಗಿರುವವರನ್ನು ವಿಚಾರಿಸಬೇಕಂತೆ, ಈ ಭವ್ಯ ಬಾಯಿಗೆ ಬಂದಂತೆ ಬಡ್ಕೋಳ್ಳುತ್ತೆ.ಕಾಂಗ್ರೆಸ್ ಅವರು ಹೇಳಿದಾಗೆ ಕೇಳಿ,ಅವರ ಉಗ್ರತ್ವವನ್ನು ಹೆಚ್ಚಿಸಿ ,ನರಸತ್ತವರನ್ನು ಆಳಲು ಬಿಟ್ಟಂತೆ ಆಯಿತು.ಉಗ್ರರನ್ನು ಜೈಲಿನಲ್ಲಿ ಹತ್ತಾರುವರ್ಷ ರಾಜಾತಿಥ್ಯ ಮಾಡಿ ನೋಡಿಕೊಂಡ ಈ ಹುಚ್ಚರನ್ನು ಈ ಹುಡ್ಗಿ ನಾಲ್ಗೆ ಹರ್ಕೊಂಡು ಅರಚಿಕೊಳ್ಳುತ್ತೆ.",1
ಈವಾನ್ ಯಾವನೋ ಅಬ್ಬುದುಲ್ ರಾಸಾಕ್,1
"Le pungli tale dengbeda appa. Swamy nin mele nambkene ogide, busy he pocso, avn maga state presidentu, bommai vedio mangettone nadi ,astondu Sacha adre adunnu  , matte tale dengtane nodu",1
Alopper Hindu yali Hindu yali Hindu yali Hindu yali Garate Hindustan madona Jai shree Ram jai modi jaiRama mandira,0
Bro istu Dina nanu nimmannu tappu thilkondidde nivobba rss karyakarta anta onde matram Jai barath 🕉️☪️✝️ sarva jangada shanthiya tota,0
ಚಕ್ರವರ್ತಿ ಸೂಲಿಬೆಲೆ ಅಣ್ಣ ನಿಮಗೆ ನನ್ನ ತುಂಬು ಹೃದಯದ ಅಭಿನಂದನೆಗಳು ಜೈ ಶ್ರೀ ರಾಮ್ ನಮ್ಮ ಸನಾತನ ಹಿಂದೂ ಧರ್ಮಕ್ಕೆ ಜಯವಾಗಲಿ ಜೈ ಭಜರಂಗಿ ❤❤,0
Mindri magne,1
ಇಂತಹ ವಿಷಯಗಳಲ್ಲಿ ಬಹು ಸಂಖ್ಯಾತ ಹಿಂದುಗಳಿಗೆ ನಾಚಿಕೆಯಾಗಬೇಕು,1
Un educate Tara matadtiyalla ninu...avaru anubavisida novu nimage gottiddiya,0
ಸೂಲಿಬೆಲೆ ಸಾರ್ ನೀವು ಎಷ್ಟು ಹೇಳಿದರೂ ನಮ್ಮ ಹಿಂದೂಗಳು ಕಾಂಗ್ರೆಸ್ ಕೊಡುವ ಬಿಟ್ಟಿ ಭಾಗ್ಯ  ಇವನು ನಮ್ಮ ಜಾತಿಯವನು ಇವನಿಗೆ ವೋಟ್ ಹಾಕಿ ಅಷ್ಟೆ ಗೊತ್ತು ಇವರಿಗೆ ನಾವು ಇಂಥಾ ಜಾತಿ ಅಂತ ಗತ್ತು ಆದರೆ ಹಿಂದುಗಳು ಅಂತ ಗೊತ್ತೇ ಇಲ್ಲ,1
"Amele Israel Tara ellara jothe war madutta, bomb yavaga namma Mane mele bilutte anta kayutta erabeka?
As a hindu I don't like religion mind set, I wants to live peacefully.",1
ಆರ್ ಎಸ್ ಎಸ್ ನಲ್ಲಿ ಹಿಂದೂ ಸಮಾಜದ ಎಲ್ಲಾ ಜಾತಿಯವರು ಇದ್ದಾರೆ ಮತ್ತು ಮುಸಲ್ಮಾನರು ಕೂಡ ಇದ್ದಾರೆ ಕ್ರಿಶ್ಚಿಯನ್ನರು ಕೂಡ ಇದ್ದಾರೆ,0
ಒಹೋ ಮಹಾಪ್ರಭು.. ಎಂಥಾ ವಿಷ್ಯ ಹೆಲ್ಬಿಟ್ರಿ.. ಅಯ್ಯೊ goobe that's understood..,1
Sooli bele malagiruwa hindugalannu badidebbisiddaare nimage anantha dhanyawaada,0
ಮಾನ್ಯ ಯತ್ನಾಳ ಅವರೇ ನಮ್ಮ ನಾಯಕ ಜಮೀರ್ ಬಗ್ಗೆ ಹಗುರವಾಗಿ ಮಾತನಾಡಬೇಡಿ ತಾವು ಎಲ್ಲಿ ಹೋದ್ರಿ ಕಪ್ಪು ನಮ್ಮ ಕರ್ನಾಟಕ ಕಿಂಗ್ ಜಮೀರ್ ಅಹಮದ್ ಅವರು 0 ಮುಂದಿನ ದಿನಗಳಲ್ಲಿ ತಕ್ಕ ಪಾಠ ಕಲಿಸುತ್ತಾರೆ ನಿನಗೆ ಮಾತನಾಡಬೇಡಿ,0
Oohooo en Bala history tilkodiya...ninu komuwadi ninu desha drohi ..ninu .. history nin prakara ide ..baa ninge totistini nin BJP history tilkodiya ashtey...ninu nalayk kano,1
Namma hakku hijab,0
Turukarige thika ganchalli.yatnal hindhu huli❤,1
ಮೀಸಲಾತಿ  ಎಂಬಹುದು  ತೆಗೆಯಬೇಕು  ಅ  ರೀತಿ  ಮಾಡಿದರೆ ಜಾತಿ  ambuhudu ತೊಲಗುತದೆ,0
..naavu.....mala. .gpruvaare,0
ಹೌದು ಸರ್ ಸಾಬ್ರು ಆದರೆ ಅಮಾಯಕರು ಅಂತ ಕಾಂಗ್ರೇಸ್ ಸರ್ಕಾರ ಬಿಡುಗಡೆ ಮಾಡಿಸುತಿದ್ದರು ​ @MadhuGowda-vu8vd ,0
ಎಲ್ಲಾ ಮಾಧ್ಯಮದವರು ನಿಮ್ಮ ತರ ಹೇಳಿದರೆ ಕರ್ನಾಟಕದಲ್ಲಿ ಜಾತಿ ಇರೋದಿಲ್ಲ❤❤🎉 ಅಮರ್ ಪ್ರಸಾದ್ ಸರ್ ಕೋಟಿ ಕೋಟಿ ನಮನಗಳು ನಿಮಗೆ ನಿಮ್ಮಂತೋರು ಈ ದೇಶಕ್ಕೆ ಬೇಕಾಗಿದೆ ಈ ದೇಶ ಉಳಿಯಬೇಕಾದರೆ ನಿಮ್ಮಂತವರು ಇರಬೇಕು ಸರ್❤🎉,0
Illa sir idu Tappu Sandesha Modallu nanu chikka huduga Antha taim chikka vargadavarige Devastana tha Entree Illa Dwarada hinde Irabeke Doddavarege maatra devaaru Ega Average Pettu madalu Muslimara jote Aguvdella Adakke Navella hindu Anta taimalli devarigu Sannavaru Beda Iga yake Tilisi sir,1
jaathi.thandandu.ssnaathsni.manuwaadi.brahamanare aarayaru .barhamanaru.kukha.dinda.bijadinda.xthariya.hotteinda.vyasha.paadadinda.shudraru.warana.vewasthe.dabbalikeinda.isalaam.banda.nanthara.maanawarella.wande.yallaru.samaanaru.yandaru.dabbalikege.walagaadawaru.isalam.swikaar.maadidaru.padadinda.huttiddarendu.bedabaawa.maadi.kudiyalu.neerukodade.nisarga.nirmitha.kere.muttalu.kodade.iddawarige.musalima.doregalu.hathikkidaru.mukhadinda.huttidawaru.awarannu.hindu.drihigalu.murthi.banjakarendu.samaajadslli.haradidaru..basawana.antharjaathi.viwaaha.maadidaru..iwaaga.adakke.love.jihaad.yannuthiddare,1
"Shikshe avadi jaasti aithu aparadigalu avaru kuda badavare Vidye irodila gumpnalli go with the flow andage avaru serikondu domsa maadirtare modalane aparada mathu inu aneka hamsa pariganisabekitu ,


Irodu badava,madhya,srimanta  3 reeti Jana aste deshadali irodu adu bittu bere illa yudda peedita deshagalali duddu sigodila vattege uta sigodila alli bekadre Shakti iladavaru anta karibohudu teera kadu badavaru haagutare,Illa Kai kaalu una haagirodu Shakti illadavaramanohudu bereyavaranu haage anoke haagodila,

E casenalli bada avidya vanta aparadaigalu badavarige tondre kottidare antane pariganisabeku vartu bere reeti noodabaraditu,

Aparadigalanu noodire ellaru gini shastra helora reeti iddare avarenu madhyama,srimantaru reeti kaanutara,

Ella tilidu kondiroru citygalale sanna putta kelasake barada vishayagaligene nakku hooguvanta gattanegalige gambeeravagi tagedukondu avachya padagala nindane maadi maranatika halle maadikoltare inu prapancha nooddildiriru duskrutya maadodu sahaja,

Thata avaru sannake iddaru ondu kade hodedaru inondu kade yaake bittidira hodiri anoru but samaja avara reeti illa tumba varatu touch maadidre hangai neergai maadoru durvasa gunadavaru tumbane iddare enke Andre Shakti irute they want to dominate that's all,but hallegalu samajadali tumbane nedetide roadrage,bargalali,akka pakkada maneyavaru sullaka kaaranake inu aneka reeti court galali halle casegalu tumbane barutave pratidina,but halleya teevrate mele courtgalu shikshe kododu ella casegalalu, property damage maadidre enayya maadiro Ani barisikodtiya anta kelutare barasi kotre shikshe pramana tumbane taggute,swamy maadiro damageginta jaastine barisikodtini Anta Kushi inda helidre he will be seen as a hero in the eyes of judge as well as victims,illa Andre sectionge enu kodabeko ade kodutare ella practical judgement modern yugadali but Kai kaalu tagedare barasikodoke haagodila so kattina kodle beku bere dari illa,

Prakruti moosa maadbitu swamy manusharige( pranigalu bidi avu engana kittadkondu hoogli) koopa tumbane kadme illa ildage Maadi bari Kushi,santosha, Preetiso manobhavanene thale tumba iro haage obbarigu bidadage shrusti maadabekitu it has made a himalayan blunder ivaga Este tippurlaga haakidru sari maadoke haagodila it has cheated human being.",0
ನಿಮಗೆ ನಿವೇ ಬೆಂಕಿ ಹಚ್ಚಿಕೊಂಡು ಸಾಯಿ ಯಾರು ಬೇಡ ಅಂದೋರು,1
ee Sala matte modi beku,0
Prajwal Rewaana ❌ Yatnnal Rewaana ✅,0
"Dr.ambedkar innond maatu kooda heliddare, naavu hindugalalla anta, adakke baba sahebaru saayovaaga bhoudda vaagi saayitini anta helike nididdu, 4 laksha janarondige bhoudda dharma sweekara madiddu,... yaake illi dalitarige praniginta keelagi nodtiri anta,",1
Karnataka public teach good lesson others loosing all morality 100% due to looting leaders.,1
Jio. B. J. P. Jio. Sree. Ram,0
 @ashrafmk8741   ley dalitru gowdru kirubru nawella onde.. nin adral yargadru hutti hindu agidre matadu namgal bagge,1
ನಾನು ಗ್ರಾಮೀಣ ಪ್ರದೇಶ ದಿಂದ ಬಂದವನು ನಾನು ಕಂಡ ಜಾತಿಯ ಪ್ರಭಾವ ಅಷ್ಟಿಟಲ್ಲ ಈಗ ನಗರದಲ್ಲಿ ವಾಸವಿದ್ದರು ಬಾಡಿಗೆ ಮನೆ ಸಿಗಲ್ಲ ಸರ್... ಈ ಜಾತಿಯ ಬಗ್ಗೆ ತುಂಬಾ ವಿವರವಾಗಿ ವರ್ಣಿಸಲಾಗಿದೆ ತುಂಬಾ ಧನ್ಯವಾದಗಳು...,1
ಚನ್ನಾಗಿ ಕನ್ನಡ ಮಾತಾಡೋ ಮುಸ್ಲಿಂ ಮುಕಾಂಡಾ,1
"ಜಾತಿ ಸರ್ಟಿಫಿಕೇಟ್ ಇರೋದು ಕೂಡ,ಜಾತಿ ಗಟ್ಟಿಯಾಗಿ ಇರುವುದಕ್ಕೆ ಮುಖ್ಯ ಕಾರಣ, ಆದ್ದರಿಂದ ಈ ಸರ್ಟಿಫಿಕೇಟ್ ನಿಲ್ಲಿಸಬೇಕು. ಒಳ್ಳೆ ಮಾಹಿತಿ ಅಮರಣ್ಣ ❤🙏",0
ಈ ಆರ್ಎಸ್ಎಸ್ ಸಂಘಿ tv9 ನ್ಯೂಸ್ ಚಾನೆಲ್ನವರು ಬಿಜೆಪಿ ಗೆ ಬಕೆಟ್ ಹಿಡಿಯುವಂತಹ ಕೆಲಸ ಮಾಡುತ್ತಿದೆ ಬಿಜೆಪಿ ಗೆ ಸಪೋರ್ಟ್ ಮಾಡಿ ಮುಸಲ್ಮಾನರನ್ನು ದೂಶಿಸುತ್ತಿದ್ದಾರೆ ಈ ಮಾನಸಿಕ ಅಸ್ವಸ್ತ ತಲೆಹಿಡುಕರಿಗೆ ಬರೀ ಮುಸಲ್ಮಾನರೇ ಕಾಣೋದು ಮತ್ತು ಮುಸಲ್ಮಾನರೇ ಇವರ ಟಾರ್ಗೆಟ್,1
"Dalit virudi yatnal 
B r ambedkar Amit sha matu adidu  onedu matu ella Bijapaur nali bjp kithakbeku dalitaru",0
"ಮಾನ್ಯರೇ, ನಮ್ಮ ಎಲ್ಲ ರಾಜಕಾರಣಿಗಳು ತಮ್ಮ ವೋಟಿ ಗೋಸ್ಕರ ಜಾತಿಯನ್ನು ಪ್ರತಿಬಿಂಬಿಸುತ್ತಾ ಗುಂಪು ಮಾಡಿ ಅವರ ಓಟು ಪಡೆಯಲಿಕ್ಕೆ ಪ್ರೋತ್ಸಾಹಿಸುತ್ತಾರೆ ಆದ್ದರಿಂದ ನಮ್ಮ ದೇಶದ ವ್ಯವಸ್ಥೆಯಲ್ಲಿ ಜಾತಿಯೆಂಬ ಕಾಲಂ ತೆಗೆದುಹಾಕಿ ಯಾವುದೇ ಜಾತಿಯವನ ಇರಲಿ ಆರ್ಥಿಕವಾಗಿ ಹಿಂದುಳಿದವರಿಗೆ ಸಹಾಯ  ಮಾಡಿದರೆ ಈ ಒಂದು ಸಮಸ್ಯೆ ಉದ್ಭವಿಸುವುದಿಲ್ಲ ಆದ್ದರಿಂದ ಆರ್ಥಿಕವಾಗಿ ಎಲ್ಲರೂ ಪ್ರಬಲ ರಾದಾಗ ಯಾವುದೇ ಸಮಸ್ಯೆ ಬರುವುದಿಲ್ಲ. ಇಂತಹ ಪರಿಹಾರವನ್ನು ಕಂಡುಕೊಳ್ಳದೆ ಬರಿ ಇತಿಹಾಸದ ಬಗ್ಗೆ ಚರ್ಚೆ ಮಾಡುತ್ತಾ ಕುಳಿತರೆ ನಾವು ಮುಂದುವರೆಯಲಿ ಕ್ಕೆ ಸಾಧ್ಯವಾ,? ದಯವಿಟ್ಟು ಇದರಲ್ಲಿ ಏನಾದರೂ ತಪ್ಪಿದ್ದರೆ ಕ್ಷಮಿಸಿ.",0
Braman.kshatriy.vaishnava..suta.ivve irodu,0
Ille just gov one order madidre saaku scl clg li darmakke sambanda pattida en hakonda barbedi antta,0
ಮೊದಲು ಮಾನವನಾಗು ಎಂಬ ಕವಿವಾಣಿ ಪ್ರಸ್ತುತ ಆಗಬೇಕಾಗಿದೆ,0
Rajesh gowda .ninge thika urina😅😅,1
Yalla identity cards and Government proofs alli jathi or caste anno column eldhe edre. Kanditha edhu kammi aguthe,0
Hing helidmele bjp avarige yar vote haktare  good leader in bjp charantimat sir Nithin gadakare anta olle candidate adar hantorgi muslims vote haktare ninn saluwagi muslims avarigu vote haklardang ageti,0
 @tigerisbeck2169   ಅದ ಏನ ಕೀತ್ಕೋತಿ ಕೀತ್ಕೋ ಮುಲ್ಲಾ ರಾಮಭಕ್ತ ಯಾವತ್ತು ದೇಶದ ವೀರುದ್ದ ಮಾತಾಡಲ್ಲ.,1
ವಕ್ಫ್ ಆಸ್ತಿ ಎಂದ್ರೆ ಏನು ಅಂತ ಗೊತ್ತಿಲ್ಲದ ಈ ಭಯೋತ್ಪಾದಕ ಹಿಂದೂಗಳ ತಲೆಯೊಳಗೆ ಹಸಿ ಸುಳ್ಳನ್ನು ತುಂಬಿಸುತಿದ್ದಾನೆ,0
ನಮ್ಮ ದೇಶದ ಅವ್ಯವಸ್ಥೆಯನ್ನು ಈಗಲಾದರೂ ತೆಗೆಯುವ ಪ್ರಯತ್ನ ಮಾಡುತ್ತಿದ್ದೀರಿ ಧನ್ಯವಾದಗಳು,0
"Har har Mahadev
Jai Shree Ram
Bharat Mata ki Jai Ho ❤",0
"ಇನ್ನೇನ್ ಮಾತಾಡಬೇಕಿತ್ತು.
ಆ ಲೌಡೆ ರಾಹುಲ್ ಗಾಂಧಿ ಪರ ಮಾತಾಡಬೇಕಿತ್ತ.",0
Bhaviyavara baggi gowravithu.......,0
ನಿಮ್ ಮಕ್ಕಳಿಗೆ ಹೊರಡೋಕೆ ಬೀದಿಗೆ ಬಿಡಿ ಬಡವರ ಮಕ್ಕಳಿಗೆ ಯಾಕೆ ಹೊರಡ್ರಿ ಅಂತಾ ಹೇಳ್ತೀರಾ. ನಾನು ನಂಬುತ್ತಿನಿ ಬಡವರು ಮಕ್ಳು ಹೇಗೆ ಬೀದಿಗೆ ಬಂದು ಹೊಡೆದರುತ್ತಾರೋ ಅದೇ ತರಾ ನಿಮ್ ಮಕ್ಕಳಿಗೆ ಬೀದಿಗೆ ಬಂದು ಮಾಡು ಅಂತಾ ಹೇಳ್ರಿ ಅವಾಗ ನೋಡೋಣ. ನಿಮ್ ಮಕ್ಕಳಿಗೆ ದುಬೈ ಸೌದಿ ಅಂತಾ ಓದೋಕೆ ಕಳುಸಿ ಇಲ್ಲಿ ಬಡವರ ಮಕ್ಕಳ ಜೀವನ ಹಾಳು ಮಾಡ್ತೀರಿ ನಿಮ್ ಮಕಳಿಗೆ ಬಿದ್ರೆ ಯಾಕೆ ಅವರಿಗೆ ಸಾಕಷ್ಟು ದುಡ್ಡು ಖರ್ಚು ಮಾಡಿ dr. ಎಂಗೇರಿಂಗ್. ಓಡಿಸೋದು ಬೆಡ್ರೂ ಮಕ್ಳ ನಮ್ ಧರ್ಮ ಉಳಿಬೇಕು ಹೋಗ್ರಿ ಅಂತಾ ಕಳಿಸಿ ನೋಡೋಣ ಯಾಕ್ರೀ ಬಡವರ ಮಕ್ಳ ಜೀವನ ಹಾಳು ಮಾಡ್ತೀರಾ,1
Namage gottu bogalo naei kachala Congress sarakar baralaa,1
"ಜಾತಿ ಬೇಕಾ ಬೇಡ  ಅನ್ನೋದನ್ನು 
ತೀರ್ಮಾನ ಮಾಡಬೇಕು. ಜಾತಿ ಬೇಡ ಅಂದರೆ, ದೇಶದಲ್ಲಿ ಜಾತಿ ಅನ್ನೋದನ್ನು ಎಲ್ಲೂ ನಮೂದಿಸ ಬಾರದು. ಧರ್ಮದ ಹೆಸರನ್ನು ನಮೂದಿಸ ಬೇಕು. ಮೀಸಲಾತಿ ಅತಿ ಬಡವರು, ಬಡವರು ಮತ್ತು ಇತರರು ಅಂತಾ ಇರಬೇಕು.",0
Innu 1000 varsha jathi erutte avre maige benki achkondru jaathi  maathra bidalla,0
Ond matalli helbekanre Adbutavada Olleya visheya ri sir tq,0
❤❤❤ ನಿಮ್ಮ ಮಾತು ಒಂದೊಂದು ಸತ್ಯ ಈಗಿರೋ ಮಕ್ಕಳು ಅದನ್ನೆಲ್ಲಾ ತೆಗೆದು ಬಿಸಾಕಿ🎉🎉,0
ಚಿನ್ನದ ರೋಡ್ 🤣,0
ತುಘಲಕ್  ಸರ್ಕಾರ ಸ್ವಾಮಿ ಕಾಂಗ್ರೆಸ್,1
Avarige avare benki hachkollakke huccheno anna.nimage bail sigabaraditthu.,0
ನಾವು ಇನ್ನ ಮುಂದೆ ಮುಸ್ಲಿಂ ಅವರತ್ರ ವ್ಯಾಪಾರ ಮಾಡಾಂಗಿಲ್ಲ,1
Kesari bili hasiru.. hindu christian muslim,0
Baba Saheb Dr BR Ambedkar bage mattdatira Raichura District nale photo tega dag yali hogideri sir niv,1
"ಮುಸಲ್ಮಾನ,ಮುಸಲ್ಮಾನರ ಮೇಲೆ ದಾಳಿ ಮಾಡಿದ್ದು ಅದು ನಿಮ್ಮ ಜಾತಿ ನಂಬಿಕೆ ಕಾರಣ,ಶಿಯಾ ಮೊಹಮ್ಮದ್ ನಂಬುವುದಿಲ್ಲ,ಸುನ್ನಿ ಮುಸ್ಲಿಂ ಮೊಮ್ಮದ್ ನಂಬುತ್ತಾರೆ ಅದಕ್ಕೆ ಸುನ್ನಿಗಳು ಇತರ ಇಸ್ಲಾಂ ಮತ ದ ಜನರ ಮಸೀದಿ ಮೇಲೆ ಬಾಂಬ್ ದಾಳಿ ನಡೆಸಿದ್ದಾರೆ 😡😡😡😡👿👿👿",1
ಇದನ್ನು ತೆಗೆದು ಹಾಕಲು ಏನೂ ಶ್ರಮ ಪಡ ಬೇಕಾಗಿಲ್ಲ ಮೊದಲು ವಿದ್ಯಾವಂತರು ತಮ್ಮ ತಮ್ಮ ಮನೆಯಲ್ಲಿ ಇದನ್ನು ಹೋಗಲಾಡಿಸಬೇಕು ನಂತರ ಸರ್ಕಾರ ಎಲ್ಲಾ ಶಾಲೆಗಳಲ್ಲಿ ಇದರ ಬಗ್ಗೆ ಕ್ರಾಂತಿ ಕಾರಿ ಹೆಜ್ಜೆ ಇಡಬೇಕು  ಕೋರೋನ ವೈರಸ್ ಓಡಿಸಲು ಹೇಗೆ ಲಾಕ್ ಡೌನ್ ಮಾಡಿದ ಹಾಗೆ ಶಾಲೆಯಲ್ಲಿ ಆಸ್ಪರ್ಶತೆಗೆ ಲಾಕ್ ಡೌನ್ ಹಾಕಬೇಕು ಚುನಾವಣೆ ಯಲ್ಲಿ ಜಾತಿ ಆಧಾರ ದಲ್ಲಿ ಟಿಕೆಟ್ ಕೊಡಬಾರದು ಮುಖ್ಯ ವಾಗಿ ಶ್ರೀಮಂತ ವ್ಯಕ್ತಿ ಗಳಿಗೆ ಸರ್ಕಾರಿ ಕೆಲಸ ಹೆಚ್ಚಾಗಿ ಕೊಡದೆ ಬಡತನ ಇರುವ ವ್ಯಕ್ತಿ ಗಳಿಗೆ ಕೆಲಸ ಕೊಡಬೇಕು ಇನ್ನು ಹಲವಾರು ಕ್ರಮ ಇದೆ ಹೀಗೆ ಮಾಡಿದರೆ ಮಾತ್ರ ಭಾರತ ದಲ್ಲಿ ಖಂಡಿತ ಜಾತಿ ವ್ಯವಸ್ಥೆ ಇಲ್ಲದಂತೆ ಮಾಡಬಹುದು ಮುಸ್ಲಿಮರಲಿ ಜಾತಿ ವ್ಯವಸ್ಥೆ ಇಲ್ಲ ಕ್ರಿಸ್ಟಿಯನ್ ರಲ್ಲೂ ಇಲ್ಲ ಹಾಗಾಗಿ ಇವರು ಒಗ್ಗಟ್ಟು ಉಳಿಸಿ ದ್ದಾರೆ,0
Angadre tam tamma hesaru  hinde ero sarname na tegedu bari nane na matra etkoli,0
"ಭಾರತದಲ್ಲಿ ಹಿಂದೂಗಳ ಸಂಖ್ಯೆ ಜಾಸ್ತಿ ಇದೆ, ಇಲ್ಲಿ ಮುಸ್ಲಿಮರು ಇರುವ ಹಾಗೆ ಇಲ್ಲ.",1
Thooo malayalam anchor,1
Jai hanuman mama,0
Ninnappana college antha thilkondiya,1
"ಸತ್ಯ ದೇವ,,, ನಾನು ಆಂಧ್ರ ಪ್ರದೇಶ ದಲ್ಲಿ ನಮ್ಮ ದೇವ ಸಿನಿಮಾ ರಂಗದಲ್ಲಿ ಇದ್ದಾರೆ ಅಂದಿದ್ದೆ,,,,, ಅದು ತಪ್ಪಾಯಿತು,,,,ಎಷ್ಟ ದೊಡ್ಡ ಗುರು ಆಂಧ್ರ ಪ್ರದೇಶದಲ್ಲಿ ಇದ್ದಾರೆ ಅಂದೆ....🌹🌹🌹💯💯💯🌄🌄🌄🌺🌺🌺👑👑👑💜💜💜 ಇಲ್ಲಿಗೆ ಬಂದಾಗಿನಿಂದ ಅಂದಿದ್ದೇನೆ🌺🌺🌺 ನನಗೆ ಇವರು ಆಂಧ್ರಪ್ರದೇಶದಿಂದ ದೂರ ಆಗಿದ್ದಾರೆ ಅಂತ....ನಮ್ಮ ಕಾವೇರಿ ನೀರ ಬಳಸುವವರು ಅಂತ....👑👑👑💜💜💜🌺🌺🌺💯💯💯🌹🌹🌹🙏🙏🙏👏👏👏👏 ಆಂಧ್ರಪ್ರದೇಶದ ದೇಶಕ್ಕೆ ಸಮಾನ,,,, ಶಿಕ್ಷಣ ನೀತಿ ಧರ್ಮ ಸತ್ಯ ಬಟ್ಟೆ ಸಿನಿಮಾ ರಂಗದಲ್ಲಿ ಸೂಪರ್... ಸೂಪರ್... ಆಂಧ್ರಪ್ರದೇಶ ಅಂದೆ... ನನಗೆ ಗೊತ್ತಿಲ್ಲ ಅವರು ಆಂಧ್ರ ಪ್ರದೇಶ ದೂರ ವಾಗಿದ್ದಾರೆ ಅನ್ನುವುದು,,,, ತೆಲುಗು ಭಾಷೆ ನೋಡುತ್ತಲೇ.... ಪ್ರೀತಿಯ ಸಾಗರ ವಾಯಿತು...ನಿಮ್ಮ ಸಿನಿಮಾ ರಂಗಕ್ಕೆ ನಮ್ಮ ದೇವಾಧಿದೇವ ಬಂದಿದ್ದಾರೆ..... ಇದು ನನ್ನ ಕತೆ..... ಮುಂದೆ... ಏನಿರಬಹುದು??????????????💯💯💯💯",0
Economics anmondu first tagi adru mana yak kalitiya,1
"ಜಾತಿ ವ್ಯವಸ್ಥೆ ಬೇಡ ಎನ್ನುವವರಿಗೆ, ಮೀಸಲಾತಿ ಯಾಕೆ ಬೇಕು.ಎಲ್ಲರಿಗೂ ಸಮಾನ ಅವಕಾಶ ನೀಡಬಹುದಲ್ಲ...",0
Manipura dalli hindu galilva frds?,1
ಇಂಡಿನಕಾಲದಲ್ಲಿ ಅವರ ಅವರ ಸ್ವಾರ್ಥಕ್ಕೆ ಅನು ಸರವಾಗಿ ಹುಟ್ಟಿ ಬಂದಿದೆ ಜಾತಿ ಕುಲ ಮತ ಗೋತ್ರ   ಯಾವ ದೇವರಿಗೂ ಕುಲ  ಮತ ಇಲ್ಲ ಇದು ಮನುಷರ ಸ್ವಾರ್ಥಕ್ಕೆ ಬಂದಿದ್ದು,0
Helida Ella matu kuda Sathya Sathya ...great sir..yavdu miss illa pointgalu,0
Nija Anna ❤,0
ಟೆರೇರಿಷ್ಟ ಜೊತೆ ಸಂಬಂಧ ಇರಬೇಕು ನೋಡಿ ಮೇಡಂ ಇವರನ್ನು ಪೊಲೀಸ್ ರಿಗೆ ಒಪ್ಪಿಸು,1
"E evarella helo prakara desha vibajane agodu best hindu 1 part
Muslim 1 part christian 1 part
Thu nim janmakke modlu valle rithyalli problem solve madri mathe  media munde banni.  Deshada mana maryade haraj  hakthidira. Swalpa alochane madi",1
Nammannu doooraittavara bagge asaiyya vagutte sir . Avraru nanna kannige holasu manastitiiruva gulle narigantte kamisuttre.,1
ನಮ್ಮ್ ದೇವರು dr ಅಬೀಡ್ಕರ್ ಜೈ beem🙏👌🏽🙏🙏,0
Sule bele su maga,1
Mesalathi cancel madi,0
ಎಲ್ಲಾ ಪತ್ರಕರ್ತರು ನಿಮ್ಮ ಹಾಗೆಯೇ ಇದ್ದರೆ ಬಹುಶಃ ನಮ್ಮ ದೇಶವು ಜಾತಿಮುಕ್ತ ರಾಷ್ಟ್ರ ವಾಗಬಹುದು ಎಂಬ ನನ್ನ ಅಭಿಪ್ರಾಯ ಧನ್ಯವಾದಗಳು ಅಮರ್ ಪ್ರಸಾದ್ sir 🙏,0
", JaiHidudharma... Graha..nakshatra..chalaneya Hindu Phanchague vii) nyanakinta...Nichara vagide Embu dannuvi, nanigle opp uttare.. Eugalabagge. Namage Hemme Erbekaste",0
"ಜಾತಿ‌ ಇಲ್ಲದಿದ್ದರೆ ಜಾತಿ ಸರ್ಟಿಫಿಕೇಟ್ ಇಲ್ಲ

OBC SCST GENERAL MINORITY",0
India gee Muslim rastra Mard beku,1
🇮🇳👍ಹಿಂದೂ ಭಾರತ್ ಮಿಷನ್ 🇮🇳👍,0
ಅಬ್ದುಲ್ ಅಲ್ಲ ಗಬ್ದುಲ್ ರಝಾಕ್,1
"Caste system destroy agbeku andre navella modlu olle shikshana padayabwku namma vayaktika pratibe horgade tarabeku e pratibege edi bharatave tirugi noduvante kelasa madabeku and namage samvidhana kotta Dr BR Ambedkar ravara  dariyalli nadeyabeku. Jai Bheem ,jai Bharat ✊",0
Abeye naye nenu nimappa gey ni huttila magana,1
ನೀವು ಏನೇ ಹೇಳಿ ಬಿಜಾಪುರ ಜನ ಯಾವತ್ತಿದ್ರು ಗ್ರೇಟ್ ಅವರಿಗೆ ನನ್ನದೊಂದು ದೊಡ್ಡ ಸೆಲ್ಯೂಟ್ ಕಾಂಗ್ರೆಸ್ ನವರ ಕುತಂತ್ರದ ಮಧ್ಯನೇ ಯತ್ನಾಳ ಅವರನ್ನು ಗೆಲ್ಲಿಸುತ್ತಾರಲ ಗ್ರೇಟ ನಮ್ಮ ಹಿಂದುಗಳು ಬಿಜಾಪುರ ಮತ್ತು ದಕ್ಷಿಣ ಕನ್ನಡ ಜನಗಳನು ನೋಡಿ ಕಲಿಯಬೇಕಾದದ್ದು ತುಂಬಾ ಇದೆ ಎಚ್ಚೆತ್ತುಕೊಳ್ಳದೆ ಹೋದರೆ ನಿಮ್ಮ ಮಕ್ಕಳಿಗೆ ಮುಂದೆ ಬರುವ ಪರಿಸ್ಥಿತಿ ಏನು ಅಂತ ಊಹೆ ಮಾಡಲು ಸಾಧ್ಯವಿಲ್ಲ,0
Hanumakka  govt school ellarugu onde kanoonu    Ella jantigalige onde kanoona sariya jagdre   belige bramha Vishnu yake   Saraswathi puje yake yaradru Muslim  makkalu yenadru matadiddara nivu omme Hindu hengsarinda  metallic pettu tinduidfiya,0
Inta dialogue yenu kadime illa bidu..firstu owaisi bashanakke e comment haaku .,1
Avanu.... Tiluvalike ellada... Erabeku.... Baya yalladaku... Parihara alla....,0
ಅಬ್ದುಲ್ ರಝಾಕ್ ಮಾತಾಡುವಾಗ ಬಿಜೆಪಿ ವಕ್ತಾರ ಗೊಂಬೆ ತರ ಇರುತ್ತಾನೆ... ಹೋಗಿ ನಿದ್ದೆ ಮಾಡು,0
ಮೋದಿಜಿ ಖಾನ್ ಆಡಳಿತದಲ್ಲಿ ಮುಸಲ್ಮಾನರ ಪ್ರಾಪರ್ಟಿ 3 ಪಟ್ಟು ಹೆಚ್ಚಾಗಿದೆ😂😂,1
"ಈ ಸಮುದಾಯದ ಜನರು ಮೂರ್ಖತನದಿಂದ ಯೋಚಿಸುತ್ತಾರೆ, ಮಾಂಸ ತಿನ್ನುವ ಮೂಲಕ ಅವರ ಮನಸ್ಸು ಕೆಸರಿನತ್ತ ತಿರುಗುತ್ತದೆ",1
Yavano evanu child agi mathadathane,1
"🌹🇮🇳🔱🚩ಜೈ ಶ್ರೀ ರಾಮ ಜೈ ಅಶ್ವಿನಿ ಉಪದ್ಯೆ ಜಿ,ಜೈ ಬಿಜೆಪಿ ಡಬಲ್ ಇಂಜಿನ್ ಕೇಂದ್ರ ಸರ್ಕಾರ, next CM ಸಿ ಟಿ ರವಿ ಆಗಬೇಕು,  ಮುಸ್ಲಿಂ ಕಾಂಗ್ರೆಸ್ ಬಾಂಗ್ಲಾದೇಶ್ ಸರ್ಕಾರ ಈ ತಿಂಗಳು ರಿಜೆಕ್ಟ್ ಮಾಡಬೇಕು,",0
ಕಿತ್ಯೋದ್ ಕಾಂಗ್ರೆಸ್ ಸರ್ಕಾರ ಇದು,1
Dalit aagihuti nimmaga metili hodibeku nimmantha dalitaru ambedkar para illa,1
"Evarige gandasthan ella, adakke hengasaranna munde ettu galate madatha eddare",1
ಸಾರ್ ಯಾರೆ ಆಗಲಿ ನಾವೆಲ್ಲರೂ ಹಿಂದೂ  ಎಂಬ ಒಂದೇ ಎಂದು ಜನರಲ್ಲಿ ಬಂದು ನಾವೆಲ್ಲರೂ ಮಾನವರು ಎಂಬುದನ್ನು ಅರಿತು ಮಾತನಾಡಬೇಕು,0
Raajakarinigalu jaathi alisulu bidalla,0
Rightly said. Good speech 😊😊😊😊,0
ಭವ್ಯ ಗ್ರೇಟ್,0
 @prabhu-q1d  ನೀನು ಸರಿ ಇಲ್ಲ ಅಷ್ಟೇ,0
First ಈ ಭೂಮಿಯ ಮೇಲೆ ಯಾರು ಬಂದರೂ bekuf ಫಸ್ಟ್ ಲಂಗ,1
"ಎಳ್ಳಷ್ಟೂ ಸತ್ಯ ಇಲ್ಲಾ, ಒಂದು ವಿವೇಕ ಇಲ್ಲಾ, ತರ್ಕ ಇಲ್ಲಾ.. ಅದು ಹೆಂಗಪ್ಪಾ ಇಷ್ಟು ಚೆನ್ನಾಗಿ ಸುಳ್ಳು ಹೇಳ್ತಿಯ, ಯಾಕಪ್ಪಾ ಸುಖ ಸುಮ್ಮನೆ ಇಷ್ಟು ದ್ವೇಷ ಅಸೂಯೆ ನಿಂಗೆ.. ಭಗವತ್ ಗೀತೆ ನಾ ಓದಿ ಅರ್ಥ ಮಾಡ್ಕೋ ಆವಾಗ್ಲಾದ್ರೂ  ನಿನ್ ಮನಸ್ಸು ತಿಳಿಯಾಗಿ ಇರೋ ನಿಜಾನಾ ಇದ್ದಂಗೆ ಮಾತಾಡೋ ಬುದ್ಧಿ ಸುಳ್ಳು ಆಡೋ ನಿನ್ ನಾಲಿಗೆಗೆ ಬರ್ಬಹುದು.. ಸುಳ್ಳು ಮಾತಾಡೋ ಕಾಂಪಿಟೇಷನ್ ಏನಾದ್ರು ಇಟ್ಟರೆ ನೀನೇ ಪ್ರಥಮ ಸ್ಥಾನ.. ನಿನ್ನಾ ನೋಡಿದ್ರೆ ಪಾಪ ಅನಿಸ್ತಿದೆ🙄😔",0
ಭವ್ಯ ನಮ್ಮ  ಅಜಿತಣ್ನನ ಇತ್ತು,0
ತಿಕ ಮೂಚ್ಚೂ ತಿರ್ಭೊಕಿ ನಾಯಿ,1
ಕಂತ್ರಿ ಮನುಸ್ಮೃತಿ ಬಗ್ಗೆ ವೀಡಿಯೊ ಮಾಡಿ ಸಾರ್,1
"Prathapa  ninhu waste MLA...

YOU LOST NEXT ELECTION...",1
Chaddi gang😂,1
ಜಾತಿ ವ್ಯವಸ್ಥೆಯ ವಿರೋದಿ ನಾನು. ಕೆಳ ಜಾತಿಯವರೆಂದು ಗುರುತಿಸಲ್ಪಟ್ಟ ಬಹುತೇಕ ಜನರಲ್ಲಿ ಜಾತಿ ವ್ಯವಸ್ಥೆಯ ಬಗ್ಗೆ ಅಸಮಾಧಾನ ಇದೆ. ಆದರೆ ಸಮಾಜದ ಎಲ್ಲಾ ಮೇಲು ಜಾತಿಯವರೆಂದು ಹೇಳಿಕೊಳ್ಳುವ ವರ್ಗದವರಿಗೆ ಜಾತಿ ವ್ಯವಸ್ಥೆಯ ಅಸ್ಥಿತ್ವ ಉಳಿಸಿಕೊಳ್ಳುವ ಹವಣಿಕೆ ಇದೆ. ಆದರೆ ಸಂವಿಧಾನದಲ್ಲಿ ಅದಕ್ಕೆ ಅವಕಾಶ ಇಲ್ಲದ ಕಾರಣ ಸಾರ್ವಜನಿಕವಾಗಿ ಜಾತಿ ವ್ಯವಸ್ಥೆಯನ್ನು  ವಿರೋದಿಸುವ ಅವಕಾಶ ಇಲ್ಲದ ಕಾರಣ ತಮ್ಮ ಒಳ ಸ್ಥರಗಳಲ್ಲಿ ತಮ್ಮ ತಮ್ಮ ಜಾತಿ ವ್ಯವಸ್ಥೆಗಳನ್ನು ಉಳಿಸಿಕೊಳ್ಳುವ ಹಾಗೂ ಪ್ರಭಲಗೊಳಿಸಿವ ಹುನ್ನಾರ ನಡೆದೇ ಇದೆ. ಮತ್ತೊಂದು ಉತ್ತಮ  ಗಮನಿಸಬೇಕಾದ ಅಂಶ ಎಂದರೆ ಎಲ್ಲಾ ಜಾತಿ ಧರ್ಮಗಳಲ್ಲಿಯೂ ಮಾನವ ಕುಲ ಒಂದೇ ಎಂದು ಒಪ್ಪಿಕೊಳ್ಳುವ ವರ್ಗವೂ ಕಾಣ ಸಿಗುತ್ತದೆ. ಹಿರಿಯವರಿಂದ ಬಂದ ತಮ್ಮ ತಮ್ಮ ಆಚರಣೆಗಳು ಏನೇ ಇದ್ದರೂ ಅವುಗಳನ್ನು ತಮ್ಮ ಹೊಸ್ತಿಲಿನ ಒಳಗೆ ಸೀಮಿತಗೊಳಿಸಿ ಎಲ್ಲಾ ಮಾನವ ಕುಲ ಒಂದೇ ಎಂದು ಎಲ್ಲರನ್ನೂ ಗೌರವಿಸುವಂತಾಗಬೇಕು. ನಗರ ಪ್ರದೇಶಗಳಲ್ಲಿ ಅನಿವಾರ್ಯವಾಗಿ ಜಾತಿ ತಾರತಮ್ಯ ಕಡಿಮೆ ಎಂದು ಕಂಡು ಬಂದರೂ ಹಳ್ಳಿಗಳಲ್ಲಿ ಇನ್ನೂ ಜಾತಿ ವ್ಯವಸ್ಥೆ ಇದೆ. ಜಾತಿ ವ್ಯವಸ್ಥೆಯನ್ನು ವಿರೋದಿಸುತ್ತಾ ನಾವೆಲ್ಲಾ ಮಾನವರು  ಒಂದೇ ಎಂದು ಘೋಷಿಸುತ್ತೇನೆ.,0
😂😂😂😂 nan magney sulegey hutudia,1
"Jana marlo jathre marlo 🤣🤣🤦‍♂ corona hoyta anchor sir 🤣

1 hod mel 1 Redy madkond irthira 
TRP 🤣",0
Alri avru astu helidare adunela bittu nivu yavdo ondu thapna heltidera that is not correct,0
Sulay maga hevanuuuu,1
Sariyaada maatu,0
ನೀವು ತಪ್ಪು ತಪ್ಪಾಗಿ ಅರ್ಥೈಸಬೇಡಿ,1
Ambedkar bagge matadtane avar savidhavanne virodhisuttiddane hudugar buddi Evanadu,1
Yel oosidla sule magne.. Nimmavn nayi kyaya.. Ambedkar gelsidde naavu..,1
Nin ammun ge dengoke,1
Comedy andhre ede,0
"ಮಾನ ಮರ್ಯಾದೆ , ನಾಚಿಕೆ  ಎಲ್ಲಾ ಬಿಟ್ಟ ಹೀಂದುಗಳು, ಎಷ್ಟು ಹೇಳಿದ್ರು ಅಷ್ಟೆ",1
Ayoo sule magane nindu ede agihottulo,1
@CrazyboyAdil-kk8zt  ಮೈಸೂರು ಹಂದಿ 🐷🐷🐷🐷🐖🐖🐖🐷🐷🐷🐷 ತಿಪ್ಪೆ ಸುಲ್ತಾನ್ 😅😝😀🤪🤣😄😜😂,1
Hindu vekti inda nanna kelasa hogide😂😂😂,1
Komuvaadhi chanelghe  yaake hogthira churchakke,1
ಕರ್ನಾಟಕ ದ ಲಾರೆನ್ಸ್ ಬಿಷ್ಣೊಯ್ 🎉,0
"RSS BJP jathi yeth eedication systems mane Mane yeli 100 ,",0
Non Muslimarige Makka Madeenadolage praveshavilla.Higeke?😮😅😮,0
Prathap.  Aure.   Oneddu.  Marth. Bittidera.    Dr. Bhimrao Ambedkar.    Yean  Helidaru.   Nanu.  Hindu.  Yagi.   Hottide.     Hindu.  Yagi.   Saayoudilla ee.  Mathu.   Yake.   Ninu.  Helodilla prathap.  Sir.  Nihu.   Oneddu.   M. P.   Janro.   Nimage.   Nimma.   Harikhathe.   Kellakke.    M.  P.  Madilla.    Yeanadaru.   Walle.  Kelasa.  Madi    mistar 👈,0
ಮೊದಲು ನಮ್ಮ ದೇಶದಲ್ಲಿ ಮೇಲು ಕೀಳು ಬಾವನೆ  tholagabbeku,0
ಇವರ ಮಾತುಗಳಿಗೂ ನಡುವಳಿಕೆಗಳಿಗೂ ಸಂಬಂಧ ಇಲ್ಲ. ಇದು ಕೇವಲ ಕಾಫಿರರನ್ನು ಯಾಮಾರಿಸಲು ಮಾಡುವ ಅಲ್ ಟಕಿಯಾ  ತಂತ್ರ. ಆಡುವ ಮಾತುಗಳನ್ನು ಕೃತಿಯಲ್ಲಿ ತರದ ಹೊರತು ಇವರನ್ನು ಯಾರೂ ನಂಬುವುದಿಲ್ಲ.,1
ನಾಯಿ ಅಬ್ದುಲ್ ರಜಾಕ್  ಗೆ ಫೀಡ್ಸ್ ರೋಗ ಇದೆಯಾ ಯಾಕೆ ಆ ತರ ಹುಚ್  ತರ ಕಿರುಚು  ತಾನೇ,1
"ನಿಜ ..ಭಾರತೀಯರೆಲ್ಲರೂ ಸ್ವಾತಂತ್ರ್ಯ ಕ್ಕಾಗಿ ಹೋರಾಡುತ್ತಿದ್ದರೆ ಭಾರತ ದಲ್ಲಿದ್ದ  ತುರಕರೆಲ್ಲರೂ     ಟರ್ಕಿ ದೇಶದ ಖಲೀಫನಿಗಾಗಿ ಖಿಲಾಫತ್ ಚಳವಳಿ ಮಾಡಿ ಕೊಂಡಿದ್ದರು....
ತಾಯಿ ನಾಡಿನ ಮೇಲಿನ ನಿಷ್ಠೆ ಗಿಂತ ಇಸ್ಲಾಂ ಪ್ರೀತಿ ದೊಡ್ಡದು ಈ ಮುಸ್ಲಿಂ ರಿಗೆ ..",1
"ಭವ್ಯ ಗೆ ಪ್ರದೀಪ್ ಈಶ್ವರ್ ಸರಿಯಾಗೆ ಟ್ರೈನಿಂಗ್ ಕೊಟ್ಟಿರಬೇಕು.
ಎಲ್ಲ ಮುಲ್ಲಾಗಳಿಗೆ ಹುಟ್ಟಿರಬೇಕು",1
Brhamana vada koneyagade Bharath uddarvagudilla,1
ಕಣ್ಣಿಗೆ ಕಟ್ಟಿದಂತೆ ಇತ್ತು ನಿಮ್ಮ ವರದಿ ಹೌದು ಇಂದು ವಿದ್ಯಾವಂತರು ಎಂದು ಕರೆಸಿ ಕೊಂಡವರೆ  ಇದನ್ನು ಹೆಚ್ಚು ಆಚರಣೆ ಮಾಡುತ್ತಾ ತಮ್ಮ ಮನೆಯ ಮಗನಂತೆ ಸಾಕಿ ಅದನ್ನ ಆಲದ ಮರದಂತೆ ಹಬ್ಬಿಸಿ ಅದಕ್ಕೆ ಪೋಷಣೆ ಮಾಡುತ್ತಿದ್ದಾರೆ. ಮೂಲತಃ ನಾನು ಕೋಲಾರ ಜಿಲ್ಲೆಯ ಮಾಲೂರು ತಾಲ್ಲೂಕಿನವನಾಗಿದ್ದು  ನನ್ನ ಜಿಲ್ಲೆಯಾದ್ಯಂತ ನಾನು ಈ ಕೆಟ್ಟ ಆಚರಣೆಯನ್ನು ಕೇವಲ ನೋಡಿದಲ್ಲ ನನ್ನ ಬಾಲ್ಯದಿಂದಲೂ ಅನುಭವಿಸಿಕೊಂಡೆ  ಬಂದಿದ್ದೇನೆ ಇಂದು ಸಹ ನಮ್ಮ ಊರಿನ ದೇವಾಲಯದಲ್ಲಿ ನಮಗೆ ಪ್ರವೇಶಕ್ಕೆ ಅನುಮತಿ ಇಲ್ಲ ಮೇಲು ಜಾತಿಯ ಮನೆಗಳಿಗೆ ನಮಗೆ ಪ್ರವೇಶವಿಲ್ಲ ಈ ಮೇಲು ಜಾತಿಯ ಜನಾಂಗಕ್ಕೆ ಇಂದಿಗೂ ಸಹ ಅಂಬೇಡ್ಕರ್ ಹೆಸರನ್ನ ಹೇಳಿದರೆ ಅವರ ಮನಸ್ಸಿನಲ್ಲಿ ಏನೋ ಒಂದು ಕೀಳು ಭಾವನೆ😡,0
Navu 1990 nalilla 2024,0
ಈ ವರದಿಯ ನಾನು ಏನೂ ಕಾಮೆಂಟ್ ಮಾಡಲಿ. ನಿಮ್ಮ ವರದಿಗೆ ಕೈ ಮುಗಿದು ಗೌರಸುವುದ್ದನ್ನು ಬಿಟ್ಟು ಅಲ್ವಾ. ನಿಮಗೂ ನಿಮ್ಮ ವರದಿಗೂ ಕೋಟಿ ನಮಸ್ಕಾರಗಳು ಸರ್. ಪ್ರತಿಯೊಬ್ಬರೂ ಅರ್ಥ ಮಾಡಿಕೊಂಡರೆ ಸಾಕು,0
"ದುಡ್ಡಿನ ಆಸೆಯಿಂದ ಕರ್ನಾಟಕದಲ್ಲಿ ಜನ ಕಾಂಗ್ರೆಸ್ಸಿಗೆ ಮತ haakidaare,,",1
Lo soole magne pratapa innu budhi  kaltila ninu. Ninge address illada hage madbeku nodta iru.,1
Illi manjunath anno huduganna hodeda dalita goondagalade modala tappu......,1
 @vinayr7171  Hindu rastra nam loude nu aagalaa nin ammun tikaa dalle shaat waditene kalsoo😈😈😈,1
Jai shree Ram 💪💪💪,0
Lo muchappa saku dove raja,1
ನಿಜವಾದ ಪತ್ರಕರ್ತಾ ನೀವು ನಿಮಂತ ಪತ್ರಕರ್ತಾರು ನಮ್ಮ ದೇಶಕ್ಕೆ ತುಂಬಾ ಅವಶ್ಯಕತೆ ಇದ್ದೆ 🙏🙏,0
ಗೊಬ್ಬರ ಹುಚ್ಚೆ ಕುಡಿಯೋ ನಾ ಮರ್ದ ಗಳಿಗೆ ಅದು ಸಾಧ್ಯ ಇಲ್ಲ .... ಇನ್ಷಾ ಅಲ್ಲ ಇಡೀ ವಿಶ್ವದಲ್ಲಿ ಹೆಸರು ಒಂದೇ ಅದು ಪ್ರೌಡ್ ಆಫ್ ಮುಸ್ಲಿಂ ....,1
ಮೊದಲ ಮಹಾ ಯುದ್ದ 2014 ರಿಂದ 2019 ಅಲ್ಲ 1914 ರಿಂದ 1918,0
ತಿಕ್ಕಾ ಮುಚ್ಕೊಂಡು ಇರಯ್ಯಾ ನಿನ್ನ ರಾಜಕೀಯ ತೆವಲಿಗೋಸ್ಕರ ಬಾಬಾ ಸಾಹೇಬರ ಹೆಸರು ಹಾಳು ಮಾಡ್ಬೇಡ___ಜೈ ಭೀಮ್🙏🙏🙏💙,1
ನಿಜವಾಗ್ಲೂ niminda ಇನ್ನ ಒಳ್ಳೆ ಕೆಲಸ moodi ಬರಲಿ 🙏,0
ಹಿಂದೂಗಳೇ ಸಾಬರ ಪಕ್ಷ ಕಾಗೆ ಗಳಿಗೆ ಓಟು ಹಾಕಬೇಡಿ,1
Nind kundiyag bam iddur illi baa,1
Nivu hagadre congress party mattu neharu gandi tata maditta astiyannu ambani adanige marodu yake avaru maditta school college raiway station road adara hesaru badalisodu yake nivu hesaru badalisalu nimma appannana astiya,0
 @sudhira26488  ಅಣ್ಣಯ್ಯ ನಾನು ಹಿಂದುನೆ ಶಿವ ಭಕ್ತನೇ  ಸೂಲಿಬೆಲೆ ಹೇಳಿರೋ ಬುಲೆಟ್ ಟ್ರೈನ್ ಬಗ್ಗೆ ನಾನು ಕೇಳಿದ್ದು ಅವನು ಹೇಳೋ ಸುಳ್ಳು ಭಾಷಣ ಕೇಳೋಕೆ ನಿನ್ ತರ ಡಡ್ಡ ಅಲ್ವಾ ಕಣಣ್ಣೋ,1
"Cast certificate, school, gov office stop madidre sadya",0
Nanu dalit jai hindu,0
You are  great...neeu realy God....nimige  samaja rathna  award kodbeku....you are realy indian.......🙏🙏🙏👍,0
ನಿಜ ಗಂಡು ಹಿಂದು🎉😂,0
"ಲೋ ಮೂರ್ಕ,,
ನೀನು ಏನು ಮಾಡ್ಬೇಕು ಅಂತ ಇದ್ದೀರಿ
ಆದ್ರ ಬಗ್ಗೆ ಕಾನೂನು ಮಾಡು,,
ಅದು ಬಿಟ್ಟು. ,,ಕಾನೂನು ಹೇಳೋದು ಬೇರೆ
ನೀವು ದೊಣ್ಣೆ ನಾಯಕನ ತರ ಆಡಳಿತಾ
ಮಾಡಿದ್ರೆ ಆಗುತ್ತಾ,,,
ಸುಭಾಷ್ ಚಂದ್ರ ಬೋಸ್  ಹಿಟ್ಲರ್,,
ಜಪಾನ್ ಗೆ ಬೆಂಬಲಿಸಿ ಅಂದರೂ
ಅವ್ರು ಹೇಗೆ ನಿಮ್ಮ ಪ್ರಕಾರ ಹೇಗೆ ಸ್ವತಂತ್ರ ಹೋರಾಟ ಗಾರ ಆಗುತ್ತಾರೆ,
ಸರ್ವ ದಿ ಕಾರಿ,,ವಾಸವತ್ತು ಮಾಡಿ ಕೊಳ್ಳುವ ಜಪಾನ್ ಪ್ರೇಮಿ ಅಲ್ವಾ!???",1
Hindugalige adikara kottavare nnvu nina janivara jarisabeku,0
ಸೇಮ ಕ್ಯಸ್ಟ ಒಳಗ ಮದುವಿ ಪ್ರಪೋಸಲ್ ಇದಕ ಅಂಜತರ ಅಂತದ್ರಗ ಇಂಟರ್ ಕ್ಯಾಸ್ಟ್ ಹೆಂಗೆ sir,0
ಜಾತಿಯ ತಪ್ಪಲ್ಲ ಅದನ್ನು ಬಳಸುವವರ ರೀತಿ ತಪ್ಪು ಜಾತಿವರ್ಣ ಎಂದರೆ ಕೆಲಸಕ್ಕಾಗಿ ಆದ ವಿಂಗಡಣೆ ಆದರೆ ಮೊದಲು ಮೇಲ್ಜಾತಿಯವರು ಇತರರನ್ನು ವಿಂಗಡಿಸಿ ದರೆ ಅದು ಬರಬರುತ್ತಾ ಮೇಲು ಕೀಳು ಉಚ್ಛನೀಚ ಹೀಗೆಲ್ಲಾ ಮಾಡಿದರು. ಆದರೆ ಎಲ್ಲಾ ಮುಂದುವರಿದ ಹಿಂದುಳಿದವರ ಹಿಂದೆ ಒಬ್ಬ ಬ್ರಾಹ್ಮಣ ಇರುತ್ತಾನೆ ಅಂಬೇ ಡ್ಕರ್ ಹಿಂದೆಯೂ ಒಬ್ಬ ಬ್ರಾಹಣ ಇದ್ದರು ಆದರೆ ಈಗ ಈ ಜನ ಈಗ ಹುರಿ ಕುರಿಮರಿ ನ್ಯಾಯದಂತೆ ಮೇಲ್ಜಾತಿಯವರನ್ನು ತುಳಿಯುವುದು ನಡೆಯುತ್ತಾ ಇದೆ ಹೇಗೋ ಅವರು ಬಾಳುತ್ತಿದ್ದಾರೆ ಆದರೇ ತೀರಾ ಬುದ್ದಿವಂತರಂ ಬೇರೆ ದೇಶಕ್ಕೆ ಪಲಾಯವ ಮಾಡುತ್ತಾರೆ. ಭಾರತ ಹಿಂದೆ ಬೀಳುತ್ತಿದೆ,0
ಗುಡ್ ಮೆಸೇಜ್ ಅಮರ್. ಜಾತಿ ವ್ಯವಸ್ಥೆ ಬಗ್ಗೆ ಉತ್ತಮ ನಿರೂಪಣೆ. ಜೈಭೀಮ್ ಜೈ ಅಂಬೇಡ್ಕರ್,0
ಈ ಕಾಂಗ್ರೆಸ್ಸಿನವರು ಏನೇ ಮಾಡಿದರೂ ಮತ್ತೆ ಅಧಿಕಾರ ಸಿಕ್ಕಲ್ಲ.,1
Public chanel is godi meediya,0
Bjp murd bad ye pagal ho cuke hay is just godi midiya murda bad,1
ಕಾಂಗ್ರೆಸ್  ಅಧಿಕಾರದಲ್ಲಿ ಇದ್ದಷ್ಟು ದಿನ ಹೀಗೆ ವೊಲೈಕೆ ವೋಟಿಗಾಗಿ ಸೂಪರ್ ವಿವರಣೆ  ನಮಸ್ತೇ ಸ್ವಾಮಿ❤,0
"ಬಹಳ ಭಾವುಕನಾದೆ ಅಮರ್ ಸಾರ್ ನಿಮ್ಮ ಈ ವಿಡಿಯೋ ವರದಿಯನ್ನು ನೋಡಿ,  ಕೇವಲ ಹಳ್ಳಿಗಳಲ್ಲಿ ಮಾತ್ರವಲ್ಲ ಸಾರ್ ಅತ್ಯಂತ ಮುಂದುವರಿದ ನಗರ ಪ್ರದೇಶಗಳಲ್ಲಿ ಕೂಡ ಜಾತಿ ಪದ್ಧತಿ ಈಗಲೂ ಇದೇ ಸಾರ್.... ಅತ್ಯಂತ ತುಚ್ಛ ಮಟ್ಟದ್ದು ಈ ಜಾತಿ, ವರ್ಣದ ವ್ಯವಸ್ಥೆ, ಖಂಡಿತವಾಗಿ ಈ ಜಾತಿ ಮತ್ತು ವರ್ಣ ವ್ಯವಸ್ಥೆ ಈ ದೇಶದ ಮತ್ತು ದೇಶದ ಜನರ ಅಭವೃದ್ಧಿಯನ್ನೂ 100% ಕಸಿದು ಕೊಂಡಿದೆ, ಇಲ್ಲವಾಗಿದ್ದರೆ ನಮ್ಮ ಭಾರತ ಯಾವಾಗಲೋ ಈಗಿನ ನೂರು ಪಟ್ಟು ಶ್ರೀಮಂತ ದೇಶವಾಗಿರಿತ್ತಿತ್ತು.   ನಿಮಗೆ ಹೃತ್ಪೂರ್ವಕ ಧನ್ಯವಾದಗಳು ಅಮರ್ ಸಾರ್ ನಿಮ್ಮ ವಿಡಿಯೋ ವರದಿ ಅತ್ಯಂತ ಹೆಚ್ಚು ಪ್ರಶಂಶನೀಯವಾಗಿದೇ.....",0
Congress and congress people obba appanige huttilla ella hadarakke huttiddu edu congress,1
King is always king 👑 jai yatnal ❤❤,0
ಮೊದಲ ಮಹಾ ಯುದ್ಧ ಅಂದ್ರೆ ಅದು ಮೊದಿಜೀ ಮಾಡಿದ್ದು ಅಂತ ಇವರ ಅಭಿಪ್ರಾಯ.,0
ನಿಜ್ವಾದ  ಕನ್ನಡಿಗರ  ಗಂಡು  ಹೆಸರಿಗೆ ತಕ್ಕ ಸಿಂಹ ❤️🙏👌,0
Very. Good. Speech.chakravarthy.sir.thanku.sir,0
🔥🔥🚩🚩ಹುಲಿ 🚩🚩🔥🔥,0
ಜಮೀರ್ 1ಕೂದ್ಲು ಕಿಳೋಕ್ ಹಾಗಲ್ಲ ಕಣೋ ಬಚ್ಚ ಯತ್ನಾಳ್,0
ಬಿಜೆಪಿಯವರು ನೀವು ಮಾಡುವ ಕೆಲಸಕ್ಕೆ ವಿದೇಶಗಳಲ್ಲಿರುವ ಭಾರತೀಯರನ್ನು ನಿಮ್ಮ ದೇಶಕ್ಕೆ ಹೋಗಿ ಎಂದು ಕಳಿಸು ಕಳುಹಿಸುತ್ತಿದ್ದಾರೆ ವಾಪಸು ಕಳುಹಿಸುತ್ತಿದ್ದಾರೆ ಭಾರತದಲ್ಲಿ ಈಗ ನಿರುದ್ಯೋಗ ತಾಂಡವವಾಡುತ್ತಿದೆ ತಿಳಿಯಿತಾ ಪ್ರತಾಪಸಿಂಹ,0
ವೇದಿಕೆಯ ಮೇಲೆ ಕುಳಿತಿರುವ ಕೆಲವು ನಾಲಾಯಕ್ಗಳು 3ಬಿಟ್ಟೋರು,1
"ಕೆ ಜೆ ಹಳ್ಳಿ, ಡಿ ಜೆ ಹಳ್ಳಿ ಯಲ್ಲಿ ಆರಕ್ಷಕ ಠಾಣೆ ಮೇಲೆ ದಾಳಿ ಮಾಡಿದವರನ್ನು ಬಿಡಿಸಿಕೊಂಡು ಬಂದಿರುವವರು ಇದೇ ವಕ್ತಾರರು...",1
"ನಮಸ್ತೆ ಅಮರ್ ಪ್ರಸಾದರೆ.... ಒಳ್ಳೆಯ ಚಿಂತನೆಯನ್ನು ಕೊಟ್ಟಿದ್ದೀರಿ, ನಗರಪ್ರದೇಶದಲ್ಲಿ ಹೆಚ್ಚಿನ ಜೀವನ ಸಾಗಿಸಿದಾಗ ಜಾತಿ ಅನುಭವ ಅತೀ ಕಡಿಮೆ ಇತ್ತು. ಈಗ ಹಳ್ಳಿ ಜೀವನ ನಡೆಸುತ್ತಿದ್ದೇನೆ ಈಗ ಅತೀ ಹೆಚ್ಚು ಜಾತಿ ಅನುಭವ ಆಗಿ ಸಾಯುವ ಹಾಗೆ ಪೆಟ್ಟು ತಿಂದಿದ್ದೇನೆ. ಈಗ ಅನಿಸುತ್ತಿರುವುದು ಜೀವನ ಮಾಡಬೇಕು ಅಂದ್ರೆ ಜಾತಿ ಬಲ ಬೇಕು ಅಂತ... ಆರ್ಥಿಕ ಸ್ಥಿತಿಗಳ ಮೇಲೆ ಮೀಸಲಾತಿ ಕೊಟ್ಟು ಈ ಅನಿಷ್ಠ ಜಾತಿಯನ್ನು ಬೇಗ ಸುಟ್ಟು ನಾಶ ಮಾಡುವುದು ಅನಿವಾರ್ಯ..... 👍",0
Really. Hindu. Tiger💪💪💪🔥🔥🌹🔥🔥✌✌✌🙏🙏🙏 Yathnal. Sir🎉🎉🎉🎉,0
Chakravarthy sulebele  nevu neja chakraborty ne sir🎉🎉,0
ಈ ತರಹ ಕಾರ್ಯಕ್ರಮ ಗಳು ಪ್ರತಿ ಹಳ್ಳಿ ಯಲ್ಲಿ ಮಾಡಿ ಸರ್ ಜನರಿಗೆ ಇನ್ನು ತಿಳುವಳಿಕೆ           ಬಂದಿಲ್ಲ  ಚಾಮರಾಜನಗರ ಜಿಲ್ಲೆಯಲ್ಲಿ  ಸುಮಾರು 70%  ಲಿಂಗಾಯತರು  ಇದರೆ ಅವರಿಗೆ ನೀವು ಹೋಗಿ ಪ್ರತಿ ಹಳ್ಳಿ ಜನರಿಗೆ  ಈ ರೀತಿ ಕಾರ್ಯಕ್ರಮ ಮಾಡಿ ತಿಳಿಸಿ ಚಾಮರಾಜನಗರ ಜಿಲ್ಲೆ ಯಲ್ಲಿ ಎಲ್ಲ ಲಿಂಗಾಯತರು  ಎಲ್ಲಾ ಹಿಂದೂಗಳು ಕಾಂಗ್ರೆಸ್ ಗೆ  ಮತ ಹಾಕಿದರೆ  ಈ ಜನರಿಗೆ  ನಿಮ್ಮ ಕಾರ್ಯಕ್ರಮಯಿಂದ ತಿಳುವಳಿಕೆ ತಿಳಿಸಿ ಸರ್,0
Better to ban this college.Deshadrohigalu.😢😮😅,1
Akilesh congres pappu pakisthanki dalal,1
jathi paddathi nasha agbeku andre nav yellaru manushyaru yamba mana sthithi and manushyajathi huttikolallebeku 🙏 nam deshadalli swathanthra bandru kuda jathimuktha deshavagilla edakke karana  halavaru 😢edakke parihara ondhu tiliyuthilla nanagge,0
"Rss lli en teach ide ಗೊತ್ತಾ, gottillde idre instgrammlli, fb li, social media all lli iro rss pages nodi,, ಅವರು madirodu, madtirodu bari ಜಾತಿ, ಧರ್ಮ ವಿರುದ್ಧ,, ಮುಸ್ಲಿಂss ದಲಿತ ಜನರ ಟಾರ್ಗೆಟ್,, ಮುಸ್ಲಿಂ ಬೇರೆ ankndru ದಲಿತ ದವರು ಹಿಂದೂಗಳೇ adre rss ನವರು ಅದೇ ಜಾತಿ ಧರ್ಮ ಅಂತ ಬೇರೆ ಬೇರೆ ಮಾಡಿ,, ಸಮಾಜವನ್ನು ಹೊಡೆಯುವ ಕಾರ್ಯ ಮಾಡುತ್ತಿದ್ದಾರೆ,,",1
Jasthi inetrcaste marriage agbeku aga hightte,0
Only uniform beku,0
"LO. NINNAAVVAN BAHUMUNI SULTANANA VAMSHADA BREED SULE MAGA  YATNALA,  NINU. NINNA APPANIGE HUTTIDDARE. CHAMARAJA PETNALLI.  ZAMEER BEDA.CHIKKA. HUDUGANA. MELE. GELLU ?",1
ಹೊರಗೆಲ್ಲ ಜಾತಿ ಮತ್ತು ಮತ ಬೇಡ.ಅಂತ ಮಾತಾಡುತ್ತ ಮನೆಯೊಳಗೆ ಮಾತ್ರ ಜಾತಿಯ ಬಗ್ಗೆ ಮಾತನಾಡಿ ಅದನ್ನು ಬೆಳೆಸುತ್ತ ಇರುತ್ತಾರೆ,0
ಪ್ರಚೋದನಕಾರಿ ಭಾಷಣ ತುಂಬಾ ಅಪಾಯಕಾರಿ,0
ದೇವಸ್ಥಾನದ ಹೆಸರೂ ಹೇಳಿ ಬ್ರಾಹ್ಮಣರು ದುಡಿದಲ್ಲಿ ಬದಕಿ ಬೇರೆಯವರಿಗೆ ನಾಮ ಹಾಕುವ ಹುನ್ನಾರ,1
ಸೊಲಿಬೆಲೆ ನಿನ್ನ ಯಾವ ಅಪ್ಪಂದಿರು ಸ್ವಾತಂತ್ರ್ಯ ಹೋರಾಟ ಮಾಡಿದ್ದಾರೆ ಒಬ್ಬರ ಹೆಸರು ಹೇಳು  ಬ್ರಿಟಿಷರ ಬೂಟು ನೆಕ್ಕಿದವರದಲ್ಲ,1
ಜೈ ಭೀಮ್,0
Edye Muslims dj Halli JJ Halli li mla manay gey benki ettru avrgay enu aeglilla . Wow evrigay e level gey conviction,1
ಜಾತಿ ವ್ಯವಸ್ಥೆ ಹೋಗದ ಮಾತ್ರ ಮೀಸಲಾತಿ ಹೋಗುತ್ತದೆ ಹಾಗಾಗಿ ಆ ಜಾತಿ ಈ ಜಾತಿ ಎನ್ನದೆ ಆತನಲ್ಲಿರುವ ಪ್ರತಿಭೆಯ ಮೂಲಕ ಆತನಿಗೆ ಕೆಲಸ ನೀಡಬೇಕು 🙏🏽ಹಾಗೆ ಈ castsertificate ಸಂಪೂರ್ಣ ವಾಗಿ ಸುಟ್ಟು ಹಾಕಿ ನಾವೆಲ್ಲರೂ ಹಿಂದೂ ಧರ್ಮದವರು ಎಂಬ ಮನೋಭಾವನೆ ಬಂದಾಗ ಮಾತ್ರ ದೇಶ ಮುಂದು ವರೆಯುದಕ್ಕೆ ಸಾಧ್ಯ 🙏🏽🙏🏽,0
Pak ige hogad bittu ille yak ulkindro hindu galna saisakka,1
ಚಪ್ಪಲಿ ಯಲ್ಲಿ ಹೊಡಿಬೇಕು ಪರಮೇಶ್ವರಪ್ಪ ನಿಗೆ,1
Nin Muslim Tunneg Huttidiya Anta Opko Avg Hakistivi 😂 Cross Breed Sule Magne,1
ಬಲಹೀನರ ಮೇಲೆ 98 ಜನರ ಗುಂಪು ಸೇರಿ ಹಲ್ಲೆ ಮಾಡಿದಕ್ಕೆ ಸರಿಯಾದ ಶಿಕ್ಷೆ ಆಗಿದೆ. ನ್ಯಾಯ ದೇವತೆ ಬದುಕಿದ್ದಾಳೆ🙏,1
ಅಲ್ಲಿ ಝಮೇರ್ ಅಹಮದ್ ಅನ್ನೋ ಅಪ್ಪ ಬಂದಿದ್ದ ಬಿಜಪ್ರಕ್ಕೆ wsqf.aashti antha col. ನಂ.11.ರ ಪಹಣಿ ಖಾತೆಯಲ್ಲಿ.ಯಾಲೋದ ಬಾರಿ ಅಲ್ಲಿ ಯಲ್ಲರ್ ಸಮ್ಮುಖದಲಿ ವೋಧಿರಿ ಅವನ್.,0
Banda naye 🐶,1
India beka andare eri Ella Pakistan ge hogi Indian rules ede nadako beku,1
IPS Ganapathi ಅವರ ಹತ್ಯೆ ಕೂಡ ಸಿದ್ದರಾಮಯ್ಯ ನವರ ಕಾಲದಲ್ಲೇ ಆಗಿದ್ದು,1
"ಜಾತಿ, ಭೇದಭಾವ,ಅಸ್ಪೃಶ್ಯತೆ ಸಮಾಜದಲ್ಲಿ ಇರುವಾಗ ಪರಕೀಯ ಆಳ್ವಿಕೆ, ಗುಲಾಮಗಿರಿಯನ್ನು ತಟ್ಟೆಯಲ್ಲಿ ಇಟ್ಟುಕೊಟ್ಟ ಹಾಗೆಯೇ ಅಲ್ಲವೇ? ಒಗ್ಗಟ್ಟು ಒಮ್ಮತ ಹೇಗೆ ಸಾಧ್ಯ? ನೀವು ಮಾಡಿರುವ ವಿಮರ್ಶೆ ಅರ್ಥಪೂರ್ಣವಾಗಿದೆ. ಜೈ ಭಾರತ್ ಮಹಾನ್.",0
Yaakri nivu dibet madtira court ide kanoonu ide sanvidaana ide . Sumne  nangagala haage madavi gala haage madbedi,0
"ಅಮರ್ ಪ್ರಸಾದ್ ಸರ್ ಅವರೇ ಬಹಳ ಅದ್ಭುತವಾದ ವಿಚಾರಗಳೊಂದಿಗೆ ವಿಡಿಯೋದಲ್ಲಿ ಸಂದರ್ಭ ಸಹಿತ ವಿವರಣೆಗಳನ್ನು ಕೊಡುತ್ತಾ ಚಿತ್ರಗಳನ್ನು ಮೂಡಿಸಿ ಈ ಜಾತಿ ಎಂಬ ಅಂಧಕಾರದ ಅವ್ಯವಸ್ಥೆಯಲ್ಲಿ ಸುಲಲಿತವಾಗಿ ತಿಳಿಯುವಂತೆ ಅರ್ಥೈಸಿದ ತಮಗೆ ಈ ಸಂದರ್ಭದಲ್ಲಿ ಕೋಟಿ ನಮನಗಳು. ಬುದ್ಧ ಬಸವ ಅಂಬೇಡ್ಕರ್ ಅವರಂತಹ ವಿಚಾರಗಳು ಸಾಮಾಜಿಕ ಕ್ರಾಂತಿಯಾಗಿ ಪರಿವರ್ತನೆಗೊಂಡಾಗ ಮಾತ್ರ ಈ ಅನಿಷ್ಠ ಪದ್ಧತಿಯಿಂದ ಮುಕ್ತಿಗೊಳ್ಳಲು ಸಾಧ್ಯವಾಗಬಹುದು. ಕೊನೆಯಲ್ಲಿ ತಾವು ವಿಡಿಯೋದಲ್ಲಿ ವಿವರಣೆ ನೀಡಿದ ಹಾಗೆ ಶೈಕ್ಷಣಿಕವಾಗಿ ಮಾನಸಿಕ ಸದೃಢರಾಗಿ ಆರ್ಥಿಕವಾಗಿ ಪ್ರಭಲರಾದಾಗ ಮಾತ್ರ. ಸ್ವಲ್ಪರಮಟ್ಟಿಗೆ ಅನಿಷ್ಟ ಪದ್ದತಿಯಿಂದ ಹೊರ ಬರಬಹುದು ಇದಕ್ಕೆ ಉದಾಹರಣೆ ಎಂಬಂತೆ ಸರ್ವಜ್ಞನ ವಚನ ಪ್ರಕಾರ   ಮಾತು ಬಲ್ಲಾ ತಂಗಿ ಮಾತೊಂದು ಮಾಣಿಕ್ಯವು ಮಾತು ತಾನರಿಯ ದಂಗೆ ತೂತು ಬಿದ್ದಂತೆ ಸರ್ವಜ್ಞ.
 ಆಗಾಗ ಇಂತಹ ವಿಡಿಯೋಗಳನ್ನು ಪ್ರದರ್ಶಿಸ್ತಾ ಹೋದಾಗೆಲ್ಲ ಈ ಅನಿಷ್ಠ ಪದ್ಧತಿಯ ವಿರುದ್ಧವಾಗಿ ಅಡಿಪಾಯವಾಗಲು ಸಾಧ್ಯವಾಗಬಹುದು.
 ಹೇಳೋದು ವಿಚಾರ ಹಂಚಿಕೊಳ್ಳುವುದು ಬಹಳಷ್ಟಿದೆ ಆದರೆ ಇಷ್ಟೇ ಸಾಕು.
 ಧನ್ಯವಾದಗಳು👌👌👍👍👍🌹",0
Jai yethnal sir,0
Congress deshakke bayankara ugraghami,0
Jaathi tolagabeku ella andre   ennodu kranthi agatte,0
"ಏನಯ್ಯಾ, ವಿಪ್ರರು ನುಡಿದಂತೆ ನಡೆಯರು: ಇದೆಂತಯ್ಯಾ?
ತಮಗೊಂದು ಬಟ್ಟೆ, ಶಾಸ್ತ್ರಕ್ಕೊಂದು ಬಟ್ಟೆ!
ಕೂಡಲಸಂಗಮದೇವಾ, ಹೊಲೆಯರ ಬಸುರಲ್ಲಿ
ವಿಪ್ರರು ಹುಟ್ಟಿ ಗೋಮಾಂಸ ತಿಂಬುವರೆಂಬುದಕ್ಕೆ ಇದೆ ದೃಷ್ಟ!",0
ಲೊ ಆವಿವೇಕಿ ಸೂಲೆಬೆಲೆ ನೀನು ಯಾವ ದೊಣ್ಣೆ ನಾಯಕ ಮಹಾನ್ ಸಳ್ಳಾ ಶುಧ್ಧ ಲೋಫರ್ ಬಿಜೆಪಿ ಬಗ್ಗೇಟ್ ದುಡ್ಡಿದು ಸಂಪಾಧನೆ ಮಾಡೊ ಆವಿವೇಕಿ ಬುರುಡೆ ಬಿಡಬೇಡ ಜನರಿಗೆ ನಿನ್ನ ಯೋಗ್ಯತೆ ಗೊತ್ತು,1
ಅಕ್ಕ ಭವ್ಯ ಅಕ್ಕ ನಿನಗೊಂದು ಸತಿ ಅವರ ರುದ್ರ ರೂಪವನ್ನು ಕಂಡರೆ ಆಗ ಗೊತ್ತಾಗುತ್ತೆ ನಿನಗೆ ಅವರ ಕರ ಮತ್ತು ಒಳ್ಳೆಯವರು ಇದ್ದಾರೆ ಅವರು ಅವರು ರೋಡಿಗೆ ಬಂದು ಪ್ರತಿಭಟನೆ ಮಾಡಬೇಕು ಯಾರು ಆತರ ಮಾಡುತ್ತಿಲ್ಲ,0
ಜಾತಿ ಬಗ್ಗೆ ಯಾಕೆ ಇಷ್ಟು ಚಿಂತೆ ಮಾಡಬೇಕು. ಇದಕ್ಕೆ ಅಂಬೇಡ್ಕರ್ ದಾರಿ ತೋರಿಸಿದ್ದಾರೆ. ಜಾತಿಯನ್ನು ಹೋಗಲಾಡಿಸಲು ಸಾಧ್ಯವಿಲ್ಲ. ಜನಗಳು ಜಾತಿಯನ್ನು ಬಿಡಬೇಕು. ಇದಕ್ಕೆ ಯಾವ ಅಡ್ಡಿಯೂ ಇಲ್ಲ.,0
Halle or kole yavdu agirodu,1
ಭೇಲ್ ಸಿಗಬಹುದಾ?,0
"ಕಾಡಿನ ಮರಗಳು ಸೇರಿ ಕೊಡಲಿಗೆ ವೋಟ್ ಹಾಕಿದ್ವಂತೆ, ಮರದ ಹಿಡಿಕೆ ನಮ್ಮ ಜಾತಿಗೆ ಸೇರಿದ್ದು 🙆‍♀🤦",0
ಸರ್  ಬೇರೆ ದೇಶದಲ್ಲಿ ಜಾತಿ ಪದ್ಧತಿ ಇಲ್ವಾ,0
"ನಾನು ಮುಸ್ಲಿಮನೇ ಆದರೆ ಇವಾಗ ಅಲ್ಲ 
ಮುಸ್ಲಿಮರು ಜಾಸ್ತಿಯಾದರೆ ಹಿಂದು ಕ್ರೈಸ್ತರ ಗತಿ ಇಷ್ಟೇ ಆಗೋದು .ನೀನು ಕಾಂಗ್ರೆಸ್ಸಿನಲ್ಲಿ ಹಿಂದು ಅಂತ ನಿಮ್ಮನ್ನು ಬಿಡುವ ಮಾತೇ ಇಲ್ಲ 😅. ಎಲ್ಲರೂ ಮುಸ್ಲಿಮರಾಗಬೇಕು ಅಷ್ಟೇ",0
Ninu nijavaglu sabarge huttirido,0
ಸರ್ ನೀವು ಹೇಳಿದ ಪ್ರಕಾರ  ಮೇಲ್ಜಾತಿಯವರು  ನಡೀಬೇಕಲ್ಲ ಅವರು ಹುಟ್ಟಿದಾಗ ಹಣೆಮೇಲೆ  ಹಾಕಿಸಿಕೊಂಡೆ ಬಂದಿರ್ತಾರ ಅವರಿಗೆ ಆ ಬುದ್ದಿ hogalla,1
"Masth Magaa ಚಾನೆಲ್ ಅನ್ನು ರೆಗುಲರ್ ಆಗಿ ವೀಕ್ಷಿಸುವವನಗಿದ್ದರು...ಈ ವಿಡಿಯೋ ನೋಡಿರಲಿಲ್ಲ...

ಇಂದು ನೋಡಿದಾಗ  ನಿಜವಾಗಿಯೂ ಮೈ ರೋಮಾಂಚನ ವಾಗುವಂತಹ ಮಾಹಿತಿ...ಇದೆ ತರಹದ ಚಿಂತನೆ ಬಹಳಷ್ಟು ಜನರಲ್ಲಿದ್ದರು ಅದರ ಬಗ್ಗೆ ಮಾತಾಡದೆ ಹಾಗೆ ಉಳಿದಿರುತ್ತವೆ.... ಇನ್ನು ಅದೇ ಜಾತಿ ಎಂಬ ಹಣೆಪಟ್ಟಿ ಯನ್ನು ಕಟ್ಟಿಕೊಂಡು ಬದುಕುತ್ತಿದ್ದೇವೆ....
ನಿಜ ನಮ್ಮ ತಂದೆ ತಾಯಿಯರನ್ನು  ಇಂದಿನ ಸಮಾಜವನ್ನು ಬದಲಾಯಿಸುವ ಶಕ್ತಿ ನಮ್ಮಲಿಲ್ಲದಿರಬಹುದು ಆದ್ರೆ...ನಮ್ಮ ಆಚರಣೆ ಗಳಲ್ಲಿ ಹಾಗೂ ನಮ್ಮ ಮುಂದಿನ ಪೀಳಿಗೆ ನಮ್ಮ ಮಕ್ಕಳ ಮನಸಲ್ಲಾದರು ಈ ವಿಷ ಹರಡದೆ....
ವಿಶ್ವಮಾನವ ನಾಗಲೆಂದು ಆಶಿಸೋಣ ಹಾಗೂ ಅದಕ್ಕಾಗಿ ಶ್ರಮ ಪಡೋಣ.....

ತುಂಬು ಹೃದಯದ ಧನ್ಯವಾದಗಳು 🙏ಅಮರ್ ರವರೆ",0
",👌☺️, ಓ, ಎಸ್, ಕರೇಟ್ಕ್ ನಿಮ್ಮ,ಅತಿ ಶ್ರೇಷ್ಠ ಜೀವಿ, ಮನುಷ್ಯ ತತ್ವದ ಅಭಿವೃದ್ಧಿಗೆ ,ಜ್ಯಾತಿ ವ್ಯವಸ್ಥೆ ಮುಲ,ಕಂಠಕ ಎನ್ನುವ ನಿಮ್ಮ ಎಲ್ಲಾ ಸಂವಾದ ಓ,ಕೆ,👌☺️,ಆದರೆ ,,ನಾನು ಹಿಂದೂ,ಹಿಂದುತ್ವದ ವಿರೋಧಿ, ಅಕ್ರಮದಿ ಸಕ್ರಮವಾದ,, ಶಕ್ಯಿರಿಜಂ ಪರ,,ಮತ್ತು ಆಹಾರ ಪದ್ಧತಿ ನನ್ನ ಹಕ್ಕು,",0
ದುಡಿದು ತಿನ್ನರಿ ಮಾರಾಯ ತಿಂದ್ರಿ ಮಾರಾಯ ಗೊತ್ತಾಗುತ್ತದೆ,0
"ನೋಡಿ, ಜಾತಿ ಈಗಲೂ ಜೀವಂತವಾಗಿರಲೂ ಸರ್ಕಾರವೇ ಕಾರಣ ಏಕೆಂದರೆ ಸರ್ಕಾರ ಶಾಲೆಗಳ ದಾಖಲಾತಿ ಮಾಡುವಾಗ ಜಾತಿ ಕಾಲಂ ಮೊದಲು ತೆಗೆದು ಹಾಕಲಿ. ನಂತರ ಮನೆಗಳಲ್ಲಿ ತಂದೆ ತೋ
ತಾಯಂದಿರು ಎಲ್ಲೂ ತಮ್ಮ ಜಾತಿ ಮಾತಾಡಬಾರದು. ಕೇಳಿದರೆ ಗೊತ್ತಿಲ್ಲ ಅಂತಾ ಹೋಳೊ ಅಭ್ಯಾಸ ಮಾಡಿ ಕೊಳ್ಳಲಿ. ಆಗ ಕೆಲವೇ ವರ್ಷಗಳಲ್ಲಿ ಜಾತಿ ಹೋಗಿತ್ತದೆ.  ಜಾತಿ ವ್ಯವಸ್ಥೆಯು ಈಗಿನ ದಿನಗಳಲ್ಲಿ ಬ್ರಾಮ್ಹಣರಿಗಿಂತ ಬೇರೇ ಜನಗಳಿಗೆ ಬೇಕಾಗಿದೆ. ಸರ್ಕಾರದ ಸವಲತ್ತಿಗಾಗಿ. ರಾಜಕಾರಣಿಗಳಿಗೆ ಬೇಕಾಗಿದೆ. ಓಟಿಗಾಗಿ. ಆದ್ದರಿಂದ ಜಾತಿ ಹೇಗೆ ಹೋಗುತ್ತದೆ?",0
"ಜಾತಿ ತೊಡೆದು ಹಾಕಲು ಕಾಂಗ್ರೆಸ್ ಬಿಡೋದಿಲ್ಲ, ಜೊತೆಗೆ ಕ್ರಿಶ್ಚಿಯನ್ ರನ್ನು ಹಿಂದೂಗಳ ಜೊತೆ ಅಂಟಿಸುತಿದ್ದಾರೆ, ಮೀಸಲಾತಿ ನಿಲ್ಲಿಸಿದರೆ ಜಾತಿ ವ್ಯವಸ್ಥೆ ಸ್ವಲ್ಪ ಕಡಿಮೆ ಆಗಬಹುದು",0
"ಈ ತರಹ ಕಾರ್ಯಕ್ರಮ ಗಳು ಪ್ರತಿ ಜಿಲ್ಲೆ, ತಾಲ್ಲೂಕು ಗಳಲ್ಲಿ, ಆಗಬೇಕು ಜಾಗ್ರತೆ ಮೂಡಿಸಬೇಕು",0
ಮನುಸ್ಮೃತಿಯಲ್ಲಿ ಜಾತಿಪದ್ಧತಿ ಇಲ್ಲಾ ಅದು ವರ್ಣ ಪದ್ಧತಿ ನೀವು ಓರಿಜಿನಲ್ ಮನುಸ್ಮೃತಿ ಓದಿಕೊಂಡು ಬನ್ನಿ ಆಮೇಲೆ ಯಾರೋ ಅನುವಾದ ಮಾಡಿದ್ದನ್ನು  ಹೇಳಬೇಡಿ,0
Nin appana astina nin tande hesaru helo past,0
Sulibele speaks only politics,0
ಮೊದಲು ನಿನ್ನ ಜಾತಿಯನ್ನು ಹೇಳಿ ಆನಂತರ ಭಾಷಣ ಶುರು ಹಚ್ಚಿಕೊಳ್ಳಬೇಕು😂😂,1
Nalayak bhavya tuuu nin janmakkee .,1
Jaati .sullu aasee amishagalige marulaguva Jana  idannuelu keluttara.,1
ಜಾತಿ ಪದ್ಧತಿಗೆ ಕಾರಣ ವೇದಗಳು ಅನ್ನೋದು ನಿಮಗೆ ಹೇಗೆ ಗೊತ್ತಾಯ್ತು,0
ಅದು ನಿನ್ ತುನ್ನಿ ಹೇಳ್ತೀನಿ💙👊💪😠,1
ನಾನು ಮಂಗಳೂರಿನಿಂದ ಹೇಳ್ತೇನೆ ಕರ್ನಾಟಕದಲ್ಲಿ ವಕ್ತ್ ಬೋರ್ಡ್ ಬಗ್ಗೆ ಮಾತನಾಡುವ  ದಮ್ ಇದ್ರೆ ಅದು ಯತ್ನಾಳ್ಗೆ ಮಾತ್ರ,0
"OMG ಎಷ್ಟು backward ಇದಾರೆ ನಿಮಗಿಂತ african peoples ಗಳೇ better ಅನ್ಸುತ್ತೆ ಅವ್ರೇ ಸ್ವಲ್ಪ ಎಜುಕೇಟೆಡ್ ಆಗಿದ್ದಾರೆ .
ನೀವು update ಆಗ್ಬೇಕಾದ್ರೆ 300 ವರ್ಷಗಳೇ ಬೇಕು.
Dress ನಲ್ಲಿ ಸ್ವಲ್ಪ update ಆಗಿ.
ಸ್ವಲ್ಪ ಮಾಡ್ರನ್ ಆಗಿರಿ.
300 ವರ್ಷದ ಹಳೇ ಕಾಲದಿಂದ ಹೊರಗೆ ಬನ್ನಿ.",0
Abhivruddi maado modlu le yatnal Zameer daana madidastu neenu maadu nodona adanna bittu bari Hindu muslim anth benki haccho kelsa maadtiya thu,0
Neenu obba dodda komuvadi sulemaga 😅😂,1
Ambedkar avaru bouda dharmake seri yava Nevada  mele iddaru?,0
Sr Nija nivu yeltha irodu adre School nali yake kelthre,0
Muslims always begging shameless grabing lands of poor shame shame co ngress msayli bayga,1
Suley magne simma,1
Jai sulibele nimmantha deshaprmi nanu yalli ndilla nimma desha premi jai hindh,0
ಅಷ್ಟು ದಮ್ ಇದ್ದವ ಸಿಡಿಗೆ ಯಾಕೋ ಕೋರ್ಟ್ ನಿಂದ ತಡೆಯಾಜ್ಞೆ ತಂದಿದ್ದಿಯಾ? ಮಾಡೋದು ಹಲ್ಕಟ್ ಕೆಲಸ.. ನಿನ್ ಬಾಯಿ ಬಚ್ಚಳಿಗಿಂತ ಕಡೆ ಇದೆ ಆಲ್ವೋ,0
Le ninnakkan Tullu ninna hedru yavana jote malgotale ninge gottilla,1
"ಹೇಯ್ ಪೆದು ಇವರೆಲ್ಲ ಭಯಂಕರ ಬ್ರಷ್ಟಚಾರ ಮಾಡ್ತಾ ಇರುವರು...! 

ಮಾಡೋ ಕೆಲ್ಸಾ ಮಾಡ್ದೆ ಇಲ್ಲದೆ ಮಾತಾಡ್ಕೊಂಡು ಟೈಮ್ ಪಾಸ್ ಮಾಡ್ತವೆ...!",1
When did they said mr yeng pungli😅,1
"ಈ ಎಲ್ಲಾ ಸಮಸ್ಯಗಳಿಗೆ ಒಂದೇ ಒಂದು ಪರಿಹಾರವಿದೆ ಅದು ವಿಶ್ವ ಗುರು ಮಹಾತ್ಮ ಬಸವ ಸ್ಥಾಪಿಸಿದ ಅನುಭವ ಮಂಟಪದ,ಲಿಂಗಾಯತ,ಧರ್ಮ ಒಂದೇ ಒಂದು ದಾರಿ😊",0
ಸರ್ವ್ ಜಾತಿಗಳಿಗೆ ಸಮಾನತೆ ಬರುವವರೆಗೂ ಈ ದೇಶದ ಆರ್ಥಿಕ ಅಭಿವೃದ್ಧಿ ಅಸಾಧ್ಯ ಧನ್ಯವಾದಗಳು,0
Ninnanta manussiyarannu kollale beku  neenu ondu terarist terarisrge  e boomiyalli jaga illa,1
Jai great yatnal sir .   Thurrka (muslims) ge 57 country idhe .  Hindu gallge 1 hindu country illa . Hindustana bharatiya hindu gallu . Artha madkkobekku .,1
E sule mundege ಕನ್ನಡ ನೆಟ್ಟುಕೆ ಮಾತಾಡಕೆ ಬರಂಗಿಲ್ಲ ಇವಳು ಯಾವ ಊರಿನವಳು ಇವಳು ಕರ್ನಾಟಕದವಳು ಕನ್ನಡದವಳು ಎಂದು ಯಾವನು ಹೇಳ್ತಾರೆ ಅವ್ಳಿಗೆ ಮೆಟ್ಟಲ್ಲಿ ಹೊಡಿ ಎಂದ ಸರ್ವಜ್ಞ ❤❤🚩🤣😂,1
ಏ ಪ್ರತಾಪ ಜಾಸ್ತಿ ಪಬ್ಲಿಸಿಟಿ ಗಾಗಿ ಬರೆ ಟಿವಿ ಮುಂದೆ ಬಾಯಿಗೆ ಬಂದ ಹಾಗೆ ಹೇಳಬೇಡ your ejucated young leader ನೀನು ದೇಶ ಹಾಳ ಮಾಡತಾ ಇದೀಯ same on you,1
Yella dalit samjada huli galige namo budhya mattu pls yallaru hindu dharmadalle iri navu nivu e deshdhrohi galannu odisona😢❤🎉,1
Jai hindu ಜೈ 🙏🙏,0
 @prabhu-q1d  ದಲಿತ ಕಾಲೋನಿ ಹೋಗಿ ಮನೆಗೆ ಬೆಂಕಿ ಹಚ್ಚಿದವರನ್ನ ಬಿಡುಗಡೆ ಮಾಡಬೇಕಾಗಿತ್ತಾ. ಮೇಲ್ಜಾತಿ ಅಂತ ಹೇಳಿಕೊಳ್ಳೋರು ಅವರಪ್ಪಗೆ ಹುಟ್ಟಿದರೆ ಇದೆ ಗಂಡಸ್ತನವನ್ನು ಉಗ್ರಗಾಮಿ ಗಳ ಮೇಲೆ ತೋರಿಸಲಿ.,1
Jamer ahamad chapplige samana ivanu😢,1
ಮೊದಲು ಕಟಿಂಗ್ ಶೇವಿಂಗ್ ಮಾಡಿಸ್ಕೊ,0
Buddhism ond part of Hinduism adre adralli bare peace ge idbeku antha helutte,0
Bjp yalli asamarta nayakana cm  madtare hindu fire brand madabeku,0
Ninobba muttala nanmaga,1
Yellithanka government cast certificate kodutho  alki  thanka  cast hogalla manushta  jathi  onde onde matharam,0
ವೆರಿ ಗುಡ್ ಪಬ್ಲಿಕ್ T. V. ಡಿಬೇಟ್,0
ಬ್ರಹ್ಮ ಎಂಬ ಶ್ರೇಷ್ಠ ಶರೀರದಿಂದ ಹುಟ್ಟಿ ಬಂದ ನಾವೆಲ್ಲರೂ ಮನುಜರು ಮಾತ್ರ.ಎಂದಾಗಲಿ,0
ಲೇ ಬೋಳಿ ಪಬ್ಲಿಕ್ ಟಿವಿ ನನ್ನ ಮಕ್ಕಳೆ ಪೊಲೀಸ್ ಇಲಾಖೆ ಬೇರೆ ಶಿಕ್ಷಣ ಇಲಾಖೆಯ ನಿಯಮಗಳು ಬೇರೆ,1
navu istellajnana padedamale vayjnanik vahi yochisa beku tale vagaire galinda jeevi huttuvadilla yellaru huttodu vande tarahadinda i q male buddhi mstta beledide idara 1 karanaharapaddati mattu parisara ityadi mattu munduvareda ajnan ivugalannubittare yellara jati vandu,0
Waqf board bann karo,0
Bolimagane kelasamdu madal,1
ವರದಿ ತುಂಬಾ ಚೆನ್ನಾಗಿದೆ ಕನ್ನಡ ಶಬ್ದಗಳನ್ನು ತುಂಬಾ ಒಳ್ಳೆಯದಾಗಿ ಬಳಕೆಯಾಗಿದೆ ನನಗೆ ಬಹಳ ಖುಷಿಯಾಯಿತು,0
"Talent iruvavarna belesodu estu mukhyano talent ilde iruvavara gouravakku dakke madade irodu aste mukhya.. Kevala gedda ethina baala janaru hididre, jana gelloke en kachuda kelsa bekadru madthare. Munde barorge support madtha, hinde iruvavarna maribardu.... Obba samajakke enu kantaka madade simple hagi nishte inda. Badukidru jana avarige gourava kodbeku..",0
Yargi ge ne yen problem Ella ok,0
ಇವನಂತ ಸುಳ್ಳುಗಾರ ಭಾರತ ದೇಶದಲ್ಲಿಯೇ ಇಲ್ಲ,1
ಮೀಟರ್ ನಿನಗೆ ಇದೆಯಾ,1
Good desigen sar🎉🎉🎉🎉🎉,0
Super sir  ಇದು ನಿಜ sir,0
ಬೇರೆಯವರು ಸಂಸ್ಕೃತವನ್ನು ಕನ್ನಡಕ್ಕೆ ಅನುವಾದ ಮಾಡಿದ್ದನು ಹೇಳಬೇಡಿ ಯಾಕಂದ್ರೆ ಕೆಲವರು ಸರಿಯಾಗಿ ಸಂಸ್ಕೃತ ಅರ್ಥ ಆಗದೆ ಇರೋದಿಕ್ಕೋ ಅಥವಾ ಉದ್ದೇಶಪೂರ್ವಕವಾಗಿಯೋ ತಿರುಚಿದ್ದಾರೆ ಉದಾಹರಣೆಗೆ ದ್ವಿಜ ಅನ್ನೋ ಪದದ ಅರ್ಥ ಎರಡನೇಯ ಜನ್ಮ ಆದರೆ ಅದನ್ನು ಇವತ್ತು ಕೆಲವರು ಸಂಸ್ಕೃತ ಸರಿಯಾಗಿ ಅರ್ಥ ಮಾಡಿಕೊಳ್ಳದ ಅವಿವೇಕಿಗಳು ದ್ವಿಜ ಪದದ ಅರ್ಥ ಬ್ರಾಹ್ಮಣ ಅಂತ ಬರೆದಿದ್ದಾರೆ,0
Islaam baggey yeanungottulla yalla heltirudu yalla bhogas,0
Congress vote hako HINDUGALU soole makkalu desha uddhara aagolla,1
Kalnan magayatnall,1
Idyavudu kela hindugalige gottilla jeloke hodre jagala hachcha bedi antare maneyalli anna tammarige ondu paise kodoke help madalla temple looti hodedri sumne irtare,1
Lo kittogira Taliban gala sadhik waste fellow,1
Navella manushya jaaati,0
ಅವರೇ ಹೇಳುವ ಪ್ರಕಾರ ನಾಲ್ಕು ಜಾತಿ ಹುಟ್ಟಿದ್ದು ಎ೦ದು ಆದರೆ ಅದೇ ವೇದಗಳಲ್ಲಿ ಪ್ರಜಾಪತಿಯ ಕುರಿತು ಉಲ್ಲೇಕವಾಗಿದೆಯಲ್ಲಾ ಅದನ್ನು ಯಾತಕ್ಕ ಹೇಳುತ್ತಿಲ್ಲ ಅದನ್ನು ಅದರ ವಿವರಣೆ ಹೇಳಿದರೆ ಅವರೀಗೆ ಕುತ್ತು ಬರಬಹುದೇನೋ,0
ಆದ್ರೆ ಪಾಕೀಸ್ತಾನದ ಅಪ್ಪ ಆ ಗಾಂಧಿ ಅನ್ನೋನು ಚಿಕ್ಕಪ್ಪ ಕಾಚಾ ನೆಹರೂ ಅನ್ನೋನು ಇವು ನಮ್ಮ ಓಟ್ ಬ್ಯಾಂಕ್ ನಾವು ಇವನ್ನ ಕಳ್ಸಲ್ಲ ಬೇಕಾದರೆ ಹಿಂದೂದೇಶದ ಹಿಂದೂಗಳು ಹೋಗಲಿ ಅವೇನು ನಮಗೆ ಓಟು ಹಾಕಲ್ಲ ಅಂದು ತಮ್ಮ ಜಾತಿಯವರನ್ನೆಲ್ಲ ಇಲ್ಲೆ ಉಳಿಸಿಕೊಂಡವಂತೆ.,1
Nininda.yenu kithukoloke.agala.,1
"ಅಮರ್ ಸರ್ ನಾನು ನಿಮ್ಮ ಅಭಿಮಾನಿ ಆಗ್ಬಿಟ್ಟೆ ನಿಮ್ಮ ರೀತಿ ಪ್ರತಿಯೊಬ್ಬಮನುಷ್ಯ ಯೋಚನೆ ಮಾಡಿದ್ದೆ ಆದರೆ ಈ ನೀಚ ಪದ್ದತಿ ತೊಲಗೋದರಲ್ಲಿ ಅನುಮಾನ ಇಲ್ಲಾ ಸರ್, ಈ ನಿಮ್ಮ ಸಾಮಾಜಿಕ ಕಾಳಜಿಗೆ ನನ್ನ ಹೃತ್ಪೂರ್ವಕ ಅಭಿನಂದನೆಗಳು ಸರ್ 🙏🏻🙏🏻",0
"ಹಿಂದೂ ಧರ್ಮ ಇರುವವರೆಗೂ ಜಾತಿ ಪದ್ಧತಿ ಇದ್ದೇ ಇರುತ್ತದೆ. ಹಿಂದೂ ಧರ್ಮವು ಇಸ್ಲಾಂ, ಕ್ರಿಶ್ಚಿಯನ್, ಸಿಖ್, ಲಿಂಗಾಯತ ಧರ್ಮಗಳಿಗೂ ಕೂಡ ಜಾತಿ ಪದ್ಧತಿ ಅಂಟಿಸಿಬಿಟ್ಟಿದೆ. ಆದ್ದರಿಂದ ಜಾತಿ ಪದ್ಧತಿ ಹೋಗಲಾಡಿಸುವುದಕ್ಕೆ ಒಂದೇ ಮಾರ್ಗ ಇರುವುದು; ಅದೇ ಬುದ್ಧನ ಮಾರ್ಗ.",0
Harsha sir bidbedi bend hetthi naav idivi nimm jote🇮🇳,0
Manda sule magane kisi yen kisiti,1
ತುಂಬಾ ಒಳ್ಳೆಯ ಸಂದೇಶ ಸರ್ ❤,0
ನೀವು ಬಿ ಜೆ ಪಿ ಯ ಅದ್ಯಕ್ಷ ನಾಗಬೇಕು ಯತ್ನಳ್ ಜಿ ಮುಂದಿನ ಸಿ ಎಂ ಆಗಬೇಕು,0
 @sameersameera3506  yake nim avvan tullag en ura mandid tunni sikkonditto? En aki tullag prataap n tunni ittiddo? En AIDS hatti tullag hula biddidduno?  urige huttid suli magan..,1
Kacchda avlu,1
Wow super sir ತುಂಬಾ ಅರ್ಥ ಹಾಗೋ hage ಹೇಳಿರಿ,0
inthaha kachda tv chanalge hogi uttara onde ondu E baddigera Ajit hanumanta manganna bhaaradvaja  Sulli bele MUTTALA IK ebare boglikollali  muslim ru E debet ge bhagavahisale baradu idu kacdgala Sante idu mattu bare komuvaadigalu,1
ಮುನಿರತ್ನ ಅನ್ನೊದು ಬೆರೆ ಅಲ್ಲ ಯತ್ನಾಳ್ ಹೇಳೋದು ಬೆರೆ ಅಲ್ಲ😂,0
ಜೈ ಭೀಮ್ ಜೈ ಸಂವಿಧಾನ,0
Chakravarthy Sulibele bjp  ticket give first,0
😂😂😂😂gowdru andre gowdru,0
 @varijaveeranath4412  😄👍,0
ಯಾಕೆ ಬ್ರದರ್,0
Ninnashtu aviveki avaralla. Avra neethi ninigelli barutte.. ayugya,1
"ನಿಮ್ಮಪ್ಪ ತಗೊಂಡ ಬಂದಾಂನ ನಮ್ಮ್ ದೇಶಕ್ಕೆ ಸ್ವಾತಂತ್ರ, ನಿಮ್ಮವ ಖಲೀಫಾ ಕಡೆ ಎನ್ ಮಾಡ್ಕೊಳಕ ಹೋಗಿದ್ಲು ಕೇಳ್,, ಕಚಡಾ ಸು..mkl ಉ",1
Nin enu abbiruddiadhiya ninna deshakke the great tajmahal annu numma thata mutta katti hogiddara ninge astu dhukka adre numu punnar nirmana madi,1
"ಜಾತಿ ವ್ಯವಸ್ಥೆ ಬಗ್ಗೆ ಶ್ರೀ ಮೋಹನ್ ಭಾಗವತ್ ಅವರು ಹೇಳಿದ ಮಾತು ಕೇಳಿ ತುಂಬಾ ಸಂತೋಷ ಆಯಿತು, ಆದರೆ ಅವರದೇ B J P ಪಕ್ಷದವರು ನೈತಿಕ  ಶಿಕ್ಷಣದ ಹೆಸರಿನಲ್ಲಿ ವರ್ಣಾಶ್ರಮ ಭೋದಿಸುವ ಗೀತೆಯನ್ನು ಶಾಲಾ ಮಕ್ಕಳಿಗೆ ಕಲಿಸಲು ಪ್ರಯತ್ನ ಮಾಡುತ್ತಿದ್ದಾರೆ",0
Chakravarti burude dhasayya...,1
ಭಾರತದಲ್ಲಿ ಇರುವ ಎಲ್ಲ ಜಾತಿ ಜನರಿಗೂ ಮೀಸಲಾತಿ ಇದೆ ದಯವಿಟ್ಟು ಇದನ್ನ ತಿಳ್ಕೊಳ್ಳಿ. ಪಾಪ ಕೆಲ್ವರಿಗೆ ಇದ್ರ ಬಗ್ಗೆ ಜ್ಞಾನ ಇಲ್ಲ. ಹಾಗಾಗಿ ಯಾರೋ ಹೇಳಿದ ಮಾತನ್ನು ಕೇಳಿ... ಅವ್ರು ಕೂಡ  ಮೀಸಲಾತಿ ಬಗ್ಗೆ ತಪ್ಪಾಗಿ ಮಾತನಾಡುವಂತೆ ಆಗಿದೆ. Plz ಒಂದ್ ಸಲ ಸಂವಿಧಾನವನ್ನ ಓದಿ.. ನಂತರ ನಿಮಗೆ ತಪ್ಪು ಅನ್ಸಿದ್ರೆ ಅವಾಗ ಹೇಳಿ.,0
"ivattu hijab keltare naale deshane keltare, idu Hindu raastra muslim raastra alla ,,",1
"ಇದು ಸತ್ಯ ಚಕ್ರವರ್ತಿ ಸೂಲಿಬೆಲೆ, ಇದು ಹುಲಿ ಘರ್ಜನೆ",0
ರಾಜೀನಾಮೆ ಕೊಡೋಕೆ ದಮ್ ಇಲ್ವಾ ಗಾಂಡು ಸೂಳೆಮಕ್ಳು,1
Pakka loose nanna ಮಕ್ಕಳು ivru anta prove madidru guru alli simpal one qus ಶಿಕ್ಷಣ keshtadrali ellaru ಸಮಾನವಾಗಿ erli ಅಂತ helta irodu nan makkale,0
ಇವರು ದಲಿತರಿಗೆಗರ್ಭ ಗುಡಿಗೆ ಪ್ರವೇಶ ಕ್ಕೇ ಅವಕಾಶ ಕೊಡ್ತಾರ? ಇದೆಲ್ಲ ಇವರ ಗಿಮಿಕ್ಸ್ ಅಷ್ಟ್ಟೆ ಮೀಸಲಾತಿ ತೆಗಿಬೇಕು ಅನ್ನುವ ಹುನ್ನಾರ ಇರುವ R SS  ಮಂದಿ ಗೆ ಇದೆಲ್ಲ ಹೇಗೆ ಸಾಧ್ಯ?.,1
Centrelnalli    evalige   ondu   post   kottu    borderge    kalisabeku    avaga   e  ammannige   bavya   ranige  teliyutte,0
ಭವ್ಯಾ ಫುಲ್ ಕಲಬೆರಕೆ ಹಾಗಿದಾಳೆ 😂,1
Date sari guttilla evanige en speech maadtane evanu. Sariyagi history wodhu next speach kodlikke ba appa. Simha alla katte evanu enu gottilla. BJP hindu muslim maadlila didre flop aagi side ge bidhtare 100%,1
Idu suli bele appana Asthi waqf,0
101 jana kole madidra... Misusing of atrocitie,1
"ಸರಿ, ನೀವ್ ಹೇಳೋದು ಅಮರ ಸರ್. ""ಜಾತಿ""ಅನ್ನೊಪದ ಇದ್ದರೆ, ಆ ದೇಶ ಉದ್ಧಾರ ಆಗಲಿಕ್ಕೆ ಸಾಧ್ಯವೆ ಇಲ್ಲ. ಮುಂದೊಂದು ದಿನ ಆದೇಶ ನಾಶವಾಗಲೇ ಬೇಕು.",0
"Abdul razaq obba moorka ,bayi mel madodu matra",1
"ತಮಿಳುನಾಡಿನ ಸರ್ಕಾರ, ಹಿಂದುಸ್ತಾನದ ವಿರೋಧಿ ಸರ್ಕಾರ, ಈ ಸರಕಾರವನ್ನು ಸೋಲಿಸಿ,ಬಿಜೆಪಿಯ ಸರಕಾರ ಬರಬೇಕು.ಜೈ ಹಿಂದುಸ್ತಾನ್.",0
Edu hindu rashtra.. Afghanistan hindu kush pakista edelavu Hindu rashtrane agitu navu yala bitu bharatake serkondvi bcs e muslimrinda. Ega ewrige anta Pakistan bitu kotvi kelawru muslims hodru kelawaru muslims ela navu e hindu rashtra rules prakara adjust agtivi anta ulkondru adre ega Bala bichta edare egle bitre hindugalane ulisala e kachada nan maklu adke tumba andre tumba hechetkobeku hindugalu.,1
"ತೆರಿಗೆ ಪಾಲಿನಲ್ಲಿ ರಾಜ್ಯಕ್ಕೆ 79 ಸಾವಿರ ಕೋಟಿ ಖೋತಾ. ನೀವು ಕೆಟ್ಟ ಬಿಜೆಪಿ ರಾಜಕಾರಣಿಗಳು ಈ ಬಗ್ಗೆ ಮಾತನಾಡುತ್ತೀರಾ? . 
ಎಲ್ಲಾ ಸಮಯದಲ್ಲೂ ಬೇರೆ ವಿಷಯದ ಬಗ್ಗೆ ಮಾತನಾಡಲು ನಿಮಗೆ ನಾಚಿಕೆಯಾಗುವುದಿಲ್ಲವೇ?",0
ಸೂಪರ್ ಸರ್ ಹಿಂದೂ ಧರ್ಮ 💐💯🤝🚩,0
Yaro obbaru jaathi bedha thadeyuva vichaaravaadigaliddre.aadre dinauu ivatthukuuda newsnalli devasthana praveshada ondu  suddhi bandide nodi. Yavaga hoguudo? A bhagavanthane balla.,0
ನಿನು ಬರೋಬ್ಬರ ತಿಳಕೋಂಡಿ ನೋಡ ಇತಿಹಾಸ,0
ಇವಾಗ ಜ್ಞಾನೋದಯ ಆಗಿದೆ ಪತ್ರಕರ್ತ ರಿಗೆ,0
ಜೈ ಹಿಂದೂ ಜೈ ಸನಾತನ ಧರ್ಮ ಜೈ ಯತ್ನಾಳ್ಜಿ,0
"7 ವೈದ್ಯರು ಮುಸ್ಲಿಮರು ಮತ್ತು ಅವರು ಪಾಕಿಸ್ತಾನದವರಲ್ಲ ಭಾರತದವರು, ಇನ್ನೂ ಇತರ ಮುಸ್ಲಿಮರು ಭಯೋತ್ಪಾದನೆಗೆ ಯಾವುದೇ ಧರ್ಮವಿಲ್ಲ ಎಂದು ಹೇಳುತ್ತಾರೆ. ಆದರೆ ಭಾರತದಾದ್ಯಂತ ಎಲ್ಲಾ ಭಯೋತ್ಪಾದಕರು ಇಸ್ಲಾಂನಿಂದ ಬಂದವರು.",1
ನನ್ನ ಶ್ಯಾಟ ಸೂಲಿಬೆಲೆ ನೀನು ನಿನ್ನ ಅಪ್ಪ ಮೋದಿ ಯತ್ನಾಳ್ ಏನೇ ಮಾಡಿದರೂ ನಮ್ಮ ಒಂದು ಶ್ಯಾಟ ನೋ ಏನು ಮಾಡೋಕಾಗಲ್ಲ...,1
Hindu name itkondidiyolla,1
"Hello pratab
Keli illi 
Baba Saheb gave the gift of constitution to all scheduled cast 
Samvidhana write maduwaga o committee members Muslims idru 
Baba Saheb wrote the constitution for protecting the rights of all religions   from like you sangi peoples 
 Lie all times. All Muslims were against khilafat right now also
Namma Samvidhana dalli  right to freedom of religion article 25 28  what does say.
Nimma dharma nimage ishta
Namma dharma namge ishta
Why do not take about your government's failures. All
Sangis are using Dalit, scheduled cast's young people. But your children are getting knowledge in aboard.
Refer in which book Baba saheb wrote that all Muslims hove to go to other country. But you never get one single words  if you're k
Nawo ille huttirudu ille balaidirudu 
Ille freedom gige horata mididirudu 
Nammanu yar hogake heltaru awarige wodistevi idu namma Bharata idu namma Karnataka jai Karnataka  jai bheem jai bheem jai kannada",0
ಹಿಂದುತ್ವ ಸಲುವಾಗಿ  ರಾಜಕಾರಣಿ ಮಾಡೋ ನೀನು ಸಮಾಜಕ್ಕಾಗಿ ರಾಜಕಾರಣಿ. ಮಾಡೋ ಮುದೇವಿ,1
Porake seve maadabheku ee sarkaarke,1
Super knowledge 2014 Rinda 2019 ra varege 😇,0
​@mohammedghaniಅಲ್ಲ m771  ಅಲ್ಲ ನನ್ ಮಗ 😂,0
Sula magna yathal,1
ಐ ಲವ್ ಯೂ ಸಿಂಹ,0
ತುಂಬಾ ಆರೋಗ್ಯಕರ ಆಲೋಚನೆಗಳು ಮತ್ತು ಮಾತುಗಳು,0
 @manjz7hm  ಇದನ್ನ ಕನ್ನಡದಲ್ಲಿ ಕಾಮೆಂಟ್ ಮಾಡಿ ಸರ್. ಆಮೇಲೆ reply ಮಾಡ್ತೀನಿ,0
ಸೂಲೀಬೇಲೀಯವರು ನಮ್ಮ ಲೀ ಅಲ್ಪ ಸ್ವಲ್ಪ ಹಿಂದೂ ತಂಡವನ್ನು ತಂದಾ ಪುಣ್ಯ ತಯಾರು ಇವರು,0
ಪ್ರತಿ ದೇವಸ್ಥಾನ ಮಠ ಮಸೀದಿ ಯಲ್ಲವು ಶಾಲೆಗಳು ಆಗಿ ಮೂಢನಂಬಿಕೆ ಈಗಿನ ಪೀಳಿಗೆಯ ಮನಸಿನಿಂದ ದೂರ ಆದ್ರೆ ಮಾತ್ರ ನೀವು ಹೇಳೋ ಭಾರತ ನಿರ್ಮಾಣ ಸಾಧ್ಯ ಇದಕ್ಕೆ ಮೇಲು ವರ್ಗ ಅವಕಾಶ ಕೊಡುತ್ತ ಅದೇ ಸಮಸ್ಸೆ ಯಷ್ಟೋ ಜನ ಮೇಲು ಜಾತಿಯವರ ಆರ್ತಿಕ ಪರಿಸ್ಥಿತಿ ನಿರ್ಧರಿಸುವುದೇ ಕೆಲವರ್ಗದವರ ಮೂಢನಂಬಿಕೆ,0
"ಪ್ರೀತಿಯ ಅಮರ್ ಅವರೇ,
 ದೇಶ ಅಮರವಾಗಿ ಇರಬೇಕಾದರೆ ಅಮರ್ ರವರು ಕೊಟ್ಟಂತ ಸಂದೇಶ ಇದೆಯಲ್ಲ ತುಂಬಾ ತುಂಬಾ ಅಮೂಲ್ಯವಾದದ್ದು. ಅಮರ್ ಅವರೇ ತಮ್ಮ ಭಾಷಾ ಶೈಲಿ ಮತ್ತೆ ಕೊಟ್ಟಂತ ವಿಷಯ ಇದೆಯಲ್ಲ ಪ್ರತಿಯೊಬ್ಬ ಭಾರತೀಯ ನಾಗರಿಕರು ಕಲಿಯಬೇಕಾದಂತ ಪಾಠ ಇದೆ, ನಡತೆ ಇದೆ, ನಡತೆಯಲ್ಲಿ ಶುದ್ಧತೆಯನ್ನು ಕಾಣಬೇಕಾಗಿದೆ. ನಮ್ಮ ದೇಶದಲ್ಲಿ ಧರ್ಮದಿಂದ ಬೇರೆ ಧರ್ಮಕ್ಕೆ ಹೋಗಬೇಕಾದರೆ ದಾರಿ ಇದೆ ಆದರೆ ಜಾತಿಯಿಂದ ಜಾತಿಗೆ ಹೋಗೋದಕ್ಕೆ ದಾರಿ ಸಿಕ್ತಾ ಇಲ್ಲ. ಜಾತಿಯಿಂದ ಜಾತಿಗೆ ಹೋಗುವ ದಾರಿಯೇನಾದ್ರೂ ಸಿಕ್ಕರೆ ನಮ್ಮ ದೇಶದಲ್ಲಿ ಜಾತಿ ಪದ್ಧತಿ ಇರೋದಿಲ್ಲ. ಅಂತರ್ಜಾತಿಯ ವಿವಾಹ ಅದು ನಮ್ಮ ದೇಶದಲ್ಲಿ ಜಾರಿಗೆ ಬಂದರೆ ಒಂದು ಫಾರ್ಟಿ ಪರ್ಸೆಂಟ್ ಕಡಿಮೆಯಾಗುತ್ತೆ ಜಾತಿ ಪದ್ಧತಿ. ನನ್ನ ಮನೆಯಲ್ಲಿ ಮಗಳಿಗೆ ಜಾತಿಯ ಅರಿವು ಇಲ್ಲದೆ ಬೆಳೆಸ್ದೆ ಆದರೆ ಅವಳು ಕಾಲೇಜಿಗೆ ಹೋದ್ಮೇಲೆ ಅವಳಿಗೆ ಎಲ್ಲ ಜಾತಿಗಳ ಅರಿವು ಬರ್ತಾ ಇದೆ ಬಹಳ ನೊಂದು ಕೊಳ್ಳುತ್ತಿದ್ದಾಳೆ. ನಮ್ಮ ಧರ್ಮಗಳ ಬಗ್ಗೆ ಅಪಾರ ಗೌರವವನ್ನು ಬೆಳೆಸಿಕೊಳ್ಳೋದಕ್ಕೆ ಕಲಿಸಿಕೊಂಡು ಬಂದಂತೆ ನಾವು ಈಗ ಮಕ್ಕಳು ಜಾತಿಯನ್ನ ಬಹಳ ಸೂಕ್ಷ್ಮವಾಗಿ ಗಮನಿಸ್ತಾ ಬಹಳ ನೋವು ಪಡ್ತಾ ಇದ್ದಾರೆ. ನಾನು ಇರುವ ಪರಿಸರ ನನ್ನ ಸಂಪರ್ಕದಲ್ಲಿರುವ ಜನಗಳ ಮಧ್ಯೆ ಪ್ರೀತಿ ಪ್ರೀತಿಯಿಂದ ಬಾಳೂ ಅವಕಾಶ ಈ ನಮ್ಮ ದೇಶದಲ್ಲಿ ಯಾವಾಗ ಬರುತ್ತೋ ಅದಂತೂ ನಾನು ನೋಡಲಿಕ್ಕಾಗಲ್ಲ.... ನಿಮ್ಮ ವಿವರಣೆಯನ್ನು ಸಾಕಷ್ಟು ಜನ ನೋಡ್ಲಿ, ಅನುಕರಣೆಯನ್ನು ಮಾಡ್ಲಿ ಅಂತ ಪ್ರಾರ್ಥನೆ ಮಾಡ್ತೀನಿ
ನಿಮ್ಮ ಎಂ ಪ್ರಭು
ನಮಸ್ಕಾರ",0
So 3 ಕೋಟಿ  ಜನ ಹಿಂದೂ ಗಳಾ.?  ಥೊ,1
"ಸ್ವಾಮೀ, ಪ್ರಪಂಚದಲ್ಲಿ , ಪ್ರಪಂಚದ ಎಲ್ಲ ಜೀವ ಜಾತಿಗಳಲ್ಲಿ  ಮನುಷ್ಯ ಜಾತಿಯೇ ಶ್ರೇಷ್ಠವಾದ ಜಾತಿ.  ನಮ್ಮ ಹರಿದಾಸರಾದ ಪುರಂದರ ದಾಸರೇ  
ಮನುಷ್ಯ ಜನ್ಮವೇ ಶ್ರೇಷ್ಠ ಎಂದು ಸಾರಿರುವಾಗ, ಹಾಡಿರುವಾಗ  ಮನುಷ್ಯ ಜಾತಿಯಲ್ಲಿ
ಕೀಳು ಜಾತಿ ಇರಲಿಕ್ಕೆ ಸಾಧ್ಯವೇ ಇಲ್ಲ.  ಕೆಲವು ಮನುಷ್ಯರ ಗುಣದಲ್ಲಿ, ಸ್ವಭಾವದಲ್ಲಿ  ಕೀಳುತನ, 
ಕೀಳುಬುದ್ದಿ ಇರುವುದು ಸಹಜ. ಹಾಗಿದ್ದರೂ ಸಹ ಅವರು ಶ್ರೇಷ್ಠ ಮನುಷ್ಯ ಜಾತಿಯವರೇ.
ಒಳ್ಳೆಯ ಗುಣ ಸ್ವಭಾವದವರು ಮತ್ತು ಕೆಟ್ಟ, ನೀಚತನದವರು  ಶ್ರೇಷ್ಠವಾದ ಮನುಷ್ಯ ಜಾತಿಯವರೇ ಆಗಿರುತ್ತಾರೆ.
ಉದಾಹರಣೆಗೆ , ನಿಮ್ಮಲ್ಲಿ ಉತ್ತಮ ಗುಣ ಸ್ವಭಾವವಿದೆ  ಆದ್ದರಿಂದ ನೀವು ಶ್ರೇಷ್ಠವಾದ ಮನುಷ್ಯ ಜಾತಿಯವರು. ನನ್ನಲ್ಲಿರುವುದು  ಅತೀ ಕೆಟ್ಟ ಗುಣ, ನೀಚತನದ ಸ್ವಭಾವ.   ನಾಲಾಯಕ್ ಮನುಷ್ಯ.  ಆದರೂ ನಾನೂ ಸಹ ಶ್ರೇಷ್ಠವಾದ ಮನುಷ್ಯ ಜಾತಿಯವನೇ ಆಗಿದ್ದೇನೆ.
ನಾವು ನಮ್ಮ ಶ್ರೇಷ್ಠವಾದ ಮನುಷ್ಯ ಜಾತಿಯಲ್ಲಿನ ವೈವಿಧ್ಯತೆಗೆ ಬೆಂಕಿ ಇಡೋದು ಬೇಡವೇ ಬೇಡ.  ಅಸ್ಪ್ರಶ್ಯತೆಯ ಆಚರಣೆಗಳಿಗೆ  ಬೆಂಕಿ ಇಡುತ್ತಿರೋಣ .ಬ್ರಷ್ಟಾಚಾರಕ್ಕೆ ಬೆಂಕಿ ಇಡುತ್ತಿರೋಣ. ಮನುವಾದಕ್ಕೆ ಮುಲಾಜಿಲ್ಲದೇ ಬೆಂಕಿ ಇಡುತ್ತಿರೋಣ.  ನನಗನಿಸಿರುವಂತೆ ಮನುವಾದ, ಮನುಸ್ಮ್ರತಿ ಮಹಾನ ತಪಸ್ವಿಗಳಾದ ಮನು ಮಹರ್ಷಿಯವರು ಬರೆದಿರುವ ಸಂಗತಿಯಾಗಿರಲಿಕ್ಕೆ  ಸಾಧ್ಯವೇ ಇಲ್ಲ. ಮನು ಮಹರ್ಷಿಯವರು  ದಿವ್ಯ ಜ್ಞಾನಿಗಳು  ತಾನೇ?
ದಿವ್ಯ ಜ್ಞಾನ ಪಡೆದವರು  ಹಾಗೆಲ್ಲ ಕೆಟ್ಟ ವಿಚಾರಗಳನ್ನು ಹೇಳಲು ಸಾಧ್ಯವಿಲ್ಲ. ಮನು
ಮಹರ್ಷಿಯವರನ್ನು ದ್ವೇಷಿಸುವವರು,  ಅವರಿಗೆ ಆಗದೇ ಇರುವವರು,  ಅವರ ಜ್ಞಾನ ಕಂಡು ಅಸೂಯೆ ಪಡುವವರು, ನೀಚತನದ ಸ್ವಭಾವದವರು, ಕೀಳು ಬುದ್ದಿಯವರು  ಮನು ಮಹರ್ಷಿಯವರಿಗೆ ಕಳಂಕ ತರಬೇಕೆಂಬ ಉದ್ದೇಶದಿಂದ ಈ ನೀಚ ಕೆಲಸ ಮಾಡಿದ್ಧಿರಬೇಕು.
ಮನು ಮಹರ್ಷಿಯವರು ನಮಗೆಲ್ಲ ಪ್ರಾತ:ಸ್ಮರಣೀಯರು. ಮಹಾನ ಋಷಿ ತಾನೇ?
ಯಾರೋ ನೀಚ ಸ್ವಭಾವದವರು  ಅವರ ಹೆಸರನ್ನು ಕೆಡಿಸಲು  ಆ ಕುತಂತ್ರ ಮಾಡಿದ್ದಿರಬೇಕು. ಇರಲಿ ಬಿಡಿ,  ಕೆಟ್ಟದನ್ನೆಲ್ಲ  ಯಾರೇ ಬರೆದಿದ್ದರೂ 
ನಾವೀಗ ಮುಲಾಜಿಲ್ಲದೇ  ಬೆಂಕಿ ಇಡುತ್ತಿರೋಣ. 
ವೇದಗಳಲ್ಲಿ ಬರೆದಿದ್ದಾರೆ ಎಂದರೂ ಸರಿ. ನಮಗೆ ಅದು ಕೆಟ್ಟದ್ದು ಅನ್ನುವುದು ಖಚಿತವಾದರೆ  ಬೆಂಕಿ ಇಡುತ್ತಿರೋಣ.  ವೇದಗಳಲ್ಲೂ  ಸಹ ಕಾಲಕ್ರಮೇಣ ಕೆಟ್ಟ ಹವ್ಯಾಸದವರು , ಕೆಟ್ಟ ವಿಚಾರದವರು ಕೆಟ್ಟದನ್ನೆಲ್ಲ ಸೇರಿಸಿರಬಹುದು. ಈಗ ನಮಗೆ ಗೊತ್ತಾಗುತ್ತಿರುವುದರಿಂದ 
 ಕೆಟ್ಟದನ್ನೆಲ್ಲ ಬೆಂಕಿಯಲ್ಲಿ 
ಸುಟ್ಟು ಬಿಡೋಣ. ಅದರ ಹುಟ್ಟಡಗಿಸಿ ಬಿಡೋಣ. ಒಳ್ಳೆಯದನ್ನೆಲ್ಲ ಆಚರಣೆಗೆ ತರೋಣ.
ಹುಟ್ಟಿನಿಂದಲೇ ಶ್ರೇಷ್ಠವಾದ ಮನುಷ್ಯ ಜಾತಿಯಲ್ಲಿರುವ ಬೇರೆ ಬೇರೆ ಹೆಸರಿನಿಂದ ಗುರುತಿಸಲ್ಪಡುವ ಪಂಗಡಗಳು,ಜಾತಿಯ ಹೆಸರುಗಳು, ಬಳಸುವ ಬೇರೆ ಬೇರೆ ಭಾಷೆಗಳು, 
ಬೇರೆ ಬೇರೆ ಹೆಸರಿನಿಂದ ಕರೆಯಲ್ಪಡುವ ಪ್ರಾಂತ್ಯಗಳು, ಪ್ರದೇಶಗಳು, ರಾಜ್ಯಗಳು, ಜಿಲ್ಲೆಗಳು, ತಾಲ್ಲೂಕುಗಳು, ಗ್ರಾಮಗಳು, ಹಳ್ಳಿಗಳು,
ಹೋಬಳಿಗಳು, ಕೇರಿಗಳು, ಗಲ್ಲಿಗಳು, ಬೀದಿಗಳು,
ತಾಂಡಾಗಳು,  ವಠಾರಗಳು.....ಇತ್ಯಾದಿಗಳೆಲ್ಲ ನಮ್ಮ ಭವ್ಯವಾದ ಭಾರತೀಯ ಸಂಸ್ಕೃತಿಯ ವೈವಿಧ್ಯಮಯ ಲಕ್ಷಣಗಳು. ಇವುಗಳ ಬಗ್ಗೆಲ್ಲ ನಮಗೆಲ್ಲರಿಗೂ ಹೆಮ್ಮೆಯೆನಿಸುತ್ತಿರಬೇಕು. ಅಭಿಮಾನವಿರಬೇಕು.
ಸಕಲ ಜೀವಿಗಳಲ್ಲೇ ಶ್ರೇಷ್ಠವಾದ ಮನುಷ್ಯ ಜಾತಿಯಲ್ಲಿ ವಿಂಗಡಿಸಲೂ ಸಹ ಅಸಾಧ್ಯವೆನಿಸುವಷ್ಟು ಪಂಗಡಗಳಿವೆ. ಪ್ರತಿಯೊಂದೂ ಪಂಗಡಕ್ಕೂ ವಿಶಿಷ್ಟವಾದ ಜಾತಿಪದ್ಧತಿಯ ಹೆಸರನ್ನಿಡಲಾಗಿರುತ್ತದೆ.  ಎಲ್ಲ ಜಾತಿಪದ್ಧತಿಯ ಹೆಸರುಗಳೂ ವೈವಿಧ್ಯಮಯವಾಗಿವೆ. ಬ್ರಾಹ್ಮಣ ಜಾತಿ, ಶೂದ್ರ ಜಾತಿ, ಕ್ಷತ್ರಿಯ ಜಾತಿ, ವೈಶ್ಯ ಜಾತಿ, ದಲಿತ ಜಾತಿ, ಕುರುಬ ಜಾತಿ, ಗೌಡ ಜಾತಿ, ಗೊಲ್ಲ ಜಾತಿ, ಲಿಂಗಾಯತ ಜಾತಿ, ಮಡಿವಾಳ ಜಾತಿ, ಶೆಟ್ಟಿ ಜಾತಿ,
ಬಲಿಜ ಜಾತಿ, ಈಡಿಗ ಜಾತಿ, ಹೊಲೆಯ ಜಾತಿ,
ಮಾದಿಗ ಜಾತಿ,  ವಿಶ್ವ ಕರ್ಮ ಜಾತಿ,  ಚಾಂಡಾಳ ಜಾತಿ, ನೇಕಾರ ಜಾತಿ, ಗುಡಿಗಾರ ಜಾತಿ, ಮಾರ್ವಾಡಿ ಜಾತಿ, ತಿಗಳರ ಜಾತಿ,  ಹಾಲುಮತದವರ ಜಾತಿ, ಎಡಗೈ ಜಾತಿ, ಒಕ್ಕಲಿಗ ಜಾತಿ, ಸೋಲಿಗರ ಜಾತಿ, ಬಂಟರ ಜಾತಿ ....ಇತ್ಯಾದಿ.",0
Jai Hind hulli Jai ❤❤❤🎉🎉,0
Tappu maduvaga ni yali hogi dappa 😅😅,0
"ಹಿಂದೂಗಳು ತಲೆ ಕೆಟ್ಟು ನಿಂತ್ರೆ ಯಾವ ,ಹಾದರಗಿತ್ತಿ ಮಕ್ಕಳು ಉಳಿಯಲ್ಲ",0
ಬರೀ ಬಾಯಿ ಮಾತಲ್ಲಿ ಹೇಳಿದರೆ ಸಾಕಾಗುವುದಿಲ್ಲ ಅದನ್ನು ಕಾರ್ಯಗತ ಮಾಡಿ ರೂಪಿಸಬೇಕು ಮೋಹನ್ ಭಾಗವತೇಳೋದು ಎಲ್ಲರೂ ಹೇಳೋದು ಅದನ್ನೇ,0
Chakrawarty sule maga,1
ಸರ್ ಒಳ್ಳೆ ವಿಷಯ ತಿಳಿಸಿದ್ದಿರಿ ನಿಮಗೆ ಮತ್ತು ನಿಮ್ಮ ಯೂಟ್ಯೂಬ್ ಚಾನಲ್ಗೆ ಧನ್ಯವಾದಗಳು.ಸರ್ ಇನ್ನೊಂದು ವಿಷಯ ಈ ಜಾತಿ ವ್ಯವಸ್ಥೆ ಹೋಗಬೇಕೆಂದರೆ ಜಾತಿ ಗಣತಿ ಆಗಬೇಕು ಆವಾಗ ದೇಶದಲ್ಲಿ ಬದಲಾವಣೆ ಕಾಣಬಹುದು,0
Prathap simhanige thaleyalli buddi illla,1
Hodiri hakond..,1
ಜಾತಿಗಲ್ಲ  ಸಂವಿಧಾನಕ್ಕೆ  ಬೆಂಕಿ ಇಡಿ,1
Mundena sala. Dost. Nenu baralla,0
"E chodi maga bogulktawne...
19 mattu 20 ra antara gottilla...",1
"0.40 time alli hindugalu moharam madidaru , idi deshadalli nivu yavaga Shivaratri, Rama Navami , Dasara, ugadi Madidira heli sir swalpa",0
ವಾಟ್ಸಾಪ್ ಗೆ ಭಾರತ ಸರ್ಕಾರ ಮನವಿ ಮಾಡಿತ್ತು ಇನ್ಸ್ಕ್ರಿಪ್ಟ್ ತೆಗಿರಿ ಅಂತ ತಗಿರಿ ಅಂತ ಆದರೆ ಆದರೆ ವಾಟ್ಸಾಪ್ ಒಪ್ಪಿಲ್ಲ ಅದು ಒಪ್ಪಿಲ್ಲ,0
"ಹಾಲಿ ಮಂತ್ರಿಗಳ ಹಾಗು ಮಾಜಿ ಮಂತ್ರಿಗಳ ಮಕ್ಕಳು ಹವಾನಿಯಂತ್ರಿತ ಮನೆಗಳಲ್ಲಿ ವಾಸ ಹಾಗು ಪ್ರತಿಷ್ಠಿತ ವಿದ್ಯಾ ಸಂಸ್ಥೆಗಳಲ್ಲಿ ವಿದ್ಯಾಭ್ಯಾಸ 
ಬಡವರ ಮಕ್ಕಳು ಬೀದಿಯಲ್ಲಿ 
ಯತ್ನಲ್ ರವರೇ ನಿಮಗೆ ನೇರ ಸವಾಲ್ 
ನಿಮ್ಮ ಆಸ್ತಿ ಮುಸಲ್ಮಾನರ ದೇಶದಲ್ಲಿ ಎಷ್ಟು ಹೂಡಿಕೆ ಮಾಡಿದಿರಾ ದಯವಿಟ್ಟು ನಮ್ಮ ರಾಜ್ಯದ ಜನರಿಗೆ ತಿಳಿಸಿ",0
ನಾನು ಮುಸ್ಲಿಂ ಗೆ ಕನ್ವರ್ಟ್ ಹಾಗುಬೇಕು 😂😂,1
ಎಂಥಾ ಅದ್ಭುತವಾದ ವಿಷಯ ಮಾತಾಡಿದ್ರೆ ಸರ್ ಧನ್ಯವಾದಗಳು ನಿಮಗೆ,0
Duddidonge yav court enu madkolok agalla..edella bari badavarige aste,1
"Adake alla musalamanra hesaru India get mele comedy ge hakkidu matte swatanthrake masalamanru yenu maddilwa 🤔🤔 
Matte baba saheb rige Election nalli gedshidu yaaru 🤔🤔  
Bharatakke swatantra baro kinta modlu jati ne eddhidilwa 🤔🤔 
.???.???.???.???.",0
ಇದೇ ವಿಚಾರ ನಾನು ನಮ್ಮ ಶಾಲೆಗಳಲ್ಲಿ ತಿಳಿಸಿಕೊಟ್ಟರೆ ದೇಶನೇ ಬದಲಾಗುತ್ತೆ .....❤❤❤❤❤,0
"ತಮ್ಮ ಕಳಕಳಿಯ ಅನಿಸಿಕೆ ಸ್ವಾಗತಾರ್ಹ. ದುರಾದೃಷ್ಟವಶಾತ್ ಕುವೆಂಪುರವರ ತೋರಿಸಿಕೊಟ್ಟ ವಿಶ್ವಮಾನವ ಪಥದಲ್ಲಿ ನಾವ್ಯಾರೂ ನಡೆಯದೆ ಇರುವುದು ಇಂದಿನ ಎಲ್ಲಾ ದುರಂತಗಳಿಗೆ ಮೂಲ ಕಾರಣ. ಕುವೆಂಪುರವರು ಅಂದೇ ತಮ್ಮ ಮಕ್ಕಳ ಮದುವೆಗಳನ್ನು ಜಾತಿ ಕಟ್ಟಳೆ ಮೀರಿ, ಪೌರೋಹಿತ್ಯದ ಹಂಗನ್ನು ಮೀರಿ ಮಾಡಿ ತೋರಿಸಿದರು. ಇನ್ನಾದರೂ ನಾವು ಅವರು ತೋರಿಸಿರುವ ಮನುಜಮತ ವಿಶ್ವಪಥದಲ್ಲಿ ಸಾಗೋಣ. ತಮ್ಮ ಅತ್ಯುತ್ತಮ ಸಂದೇಶಕ್ಕಾಗಿ ಅನಂತ ಧನ್ಯವಾದಗಳು. 🙏🙏",0
ಈ ಕುಳ್ಳನಿಗೆ ಮಟನ ಕಡಿಯಲು ಪಾಕಿಸ್ತಾನಕ್ಕೆ ಕಳುಹಿಸಿ ಕೂಡ ರಿ,1
Idella nijaa aadre muslim s yaake Ambedkar na namkade anthare artha agtilla😃😀😃,0
"ಈ ವರದಿಗಾರ, ನೋಡಿದರೆ ಏನು ಕೇಳುತ್ತಾನೆ ಗೊತ್ತೇ ಆಗಲ್ಲ. ಸರಿ ಇಲ್ಲ.",0
ಅಪ್ಪ ಅನ್ನುವ ತಾಕತ್ತನ್ನ ಕತ್ತರಿಸಬೇಕು ಇಂತ ಕಿಡಿಗೇಡಿ ಗಳನ್ನ,1
BJPಯಲ್ಲಿ ನನ್ನೊಂಬ ಔಕರ್ ಹೋಗೋಲ್ ಮೆಂಟಲ್,1
Gandhiji bagge half helbeda full helu... Yenadru gohatye nisheda inda muslims ge problem adre adanna nanu virodisthini antane gandhiji helirodu.. don't fool the people..,1
Abarobbare madilla sir. Jothege hindu kooda idru,0
"ಲೇ ಮಂಗ್ಯನ್ ಮಗನೇ ಮೊನ್ನೆ ನೀನು ಆಸ್ಪತ್ರೆ ಸೇರಿದಾಗ ಬಂದಿದ್ದು ಮುಸ್ಲಿಮ್ ಡಾಕ್ಟರ್ ಕಣೋ
ಯಾಕ್ರಯ್ಯ ಜಾತಿ ಧರ್ಮ‌ ಅಂತ ಸಾಯ್ತೀರಾ ಬರ್ಬಾರದ್ದು ಬಂದು ಆಸ್ಪತ್ರೆಗೆ ಸೇರಿ ರಕ್ತ ಬೇಕು ಅಂದ್ರೆ ಆಗ ಜಾತಿ ನೋಡ್ತೀರಾ ಈ ಜಾತಿ ಜಾತಿ ಅಂತ ಸಾಯೋ ಎಲ್ಲಾ ಧರ್ಮದ ಬೋಳಿ ಮಕ್ಳಿಗೆ",1
ಜೈ ಭಾರತಮಾತಾ ದೇಶದ ಅವಸ್ಥೆ ನೋಡಿ ಅಳ್ತಾ ಇದ್ದಿಯಾ. ನನಗೆ ನಿನ್ನ ಬಗ್ಯೆ ತುಂಬಾ ಕನಿಕರ ಅಗ್ತಾ ಇದೆ 😭😭,0
Yatnal radi maga,1
3:51 ​ @manjunathnarayan5412 nimavana dengidara sulemagane ananda,1
ಹಿಂದೆ ಯಾವುದೋ ಕಾಲದಲ್ಲಿ ನಡೆದ ಕೆಲವು ಅಸಹ್ಯತನದ ಘಟನೆಗಳನ್ನು ಇಟ್ಟುಕೊಂಡು.. ಅದನ್ನೇ ಈಗ ಮೀಸಲಾತಿಯ ಹೆಸರಿನಲ್ಲಿ ಮೇಲು - ಕೀಳು ಎಂಬುದಾಗಿ ಮುಂದುವರಿಯುತ್ತಿಲ್ಲವೆ... ಜಾತೀಯತೆ ಹೋಗಬೇಕು ಅಂದ್ರೆ ಸರ್ಕಾರದ ಎಲ್ಲಾ ಕೆಲಸ ಕಾರ್ಯಗಳಲ್ಲೂ.. ಜಾತಿ ಎಂಬ ಆ ಕಾಲಂ ತೆಗಿಯಲೇಬೇಕು...,0
🔥 ಜೈ ಹಿಂದೂ 🔥,0
ಅಂಬೇಡ್ಕರ್ ಈವಾಗ ಮಾತ್ರ ಬೇಕು ಅಂಬೇಡ್ಕರ್ ಕನಸು ಏನು ಹೇಳು ಅವರು ಹೇಳಿರೋ ಒಂದು ಕೆಲಸ ಮಾಡಿದೆಯ,0
ಹೋಗಿ ನಿಮ್ಮವ್ವನ್ ಹತ್ರ ಹಾಲು ಕುಡಿಯುವ ಕಂದ😊😊😊 ಹೋಗು ಸೂಳೇ ಮಗನೆ😂😂,1
ಜನ ಎಚ್ಚರವಾಗಲೇಬೇಕು...ಬಾಂಗ್ಲಾ .ಪಾಕ್ ಸ್ಥಿತಿ ಬರಬಹೂದು,1
Judge is a Brahmin 😅,1
ಅಮರ ಪ್ರಸಾದ್ ಸರ್ ಈಗಿನ ದೇವರು ನೀವು 👌🏻👌🏻🙏🙏🙏🙏,0
ನೀನು ಹೇಳೆದು ತಪ್ಪು,0
ಭಾರತ ಬಿಟ್ಟು ಅಲ್ಲ ನಮ್ಮ ಚಪ್ಪಲಿ ಸಹ kalisokke ಆಗಲ್ಲ sulemagane,1
Le ninigyako avara mele ashtu love 😅😂,0
Nivu jaati paddati Ella vidhadallu bidode aadre Naan govt misalatiyannu toreyalu siddaniddene,0
ಇನ್ನೊಂದು ವಿಷಯ ಏನೆಂದರೆ ದೇವರುಗಳು  ಎಂದೂ ಕೂಡ ಜಾತಿಯ ಬಗ್ಗೆ ಅರಿವು ಮಾಡಿಸಿಲ್ಲ ಇನ್ನೂಬ್ಬರ ಮಯ್ಯಲ್ಲಿ ಬಂದು ಜಾತಿಯ ಬಗ್ಗೆ ಮಾತನಾಡಿಲ್ಲ. ಆದರೆ ಬೇರೆ ವಿಷಯಗಳ ಬಗ್ಗೆ ಹೇಳುತ್ತವೆ.,0
 @prasadkulkarni975  😂😂😂😂😂😂😂😂😂😂😂😂😂😂😂😂😂 nagthini yen ivga,0
ಜಾತಿ ವ್ಯವಸ್ಥೆ ನಾಶ ಆಗಬೇಕು. ಪ್ರತಿಭೆಗೆ ಪುರಸ್ಕಾರ ಸಿಗಬೇಕು ತಮಗೆ ಧನ್ಯವಾದಗಳು.,0
Jai.sri.ram Jai.hindhu.raster,0
Komudi bjp,1
"ನೀವು ಬದಲಾಗಿ ಸರ, BJP ವಾಪಸ್ ಬರೀ, ಹಿಂದೂ, ದಲಿತರು ಉಳಿಯ ಬೇಕಾದರೆ .",0
ಉಳಿದಿದ್ದು ಅರ್ಥ ಆಯ್ತಾ? ಗುಡ್,0
Sir nivu modalu e kachada bjp ge heli avarindaagine e baari bjp sothaddu,1
ಬೊಗಳೆ ದಾಸ್,1
Nimmantha media intahvirge mike kottu yenike video viral madtira,0
ಜೈ ಶ್ರೀ ರಾಮ್,0
ಸರ್ ನಮಸ್ಕಾರ ಸರ್ ನಿಮ್ಮೊಂದಿಗೆ ನಾವಿದ್ದೇವೆ ಸರ್ ಧನ್ಯವಾದಗಳು ಸರ್ ನೀವು ಮುಖ್ಯಮಂತ್ರಿ ಆಗಬೇಕು ಬಸನಗೌಡ ಪಾಟೀಲ್ ಅವರು ಗೃಹ ಮಂತ್ರಿಯಾಗಬೇಕು ಅನ್ನೋದು ನನ್ನ ಆಸೆ ಸರ್ ಪ್ರತಾಪ್ ಸಿಂಹ ಸರ್ ಮೈಸೂರು ಇವರು ಕೂಡ ನಮ್ಮ ಜೊತೆಯಲ್ಲಿ ಸರ್,0
​ @Satishk7566 ಒಂದೇ ಒಂದು ‌‌ಸಾಬೀತು ಮಾಡು‌ ಎನು ತಪ್ಪು ಮಾಡಿದ್ದಾರೆ ಆಂತ,0
ದರ್ಶನ್ ಅವರಿಗೂ ಇದೆ ತರ ಶಿಕ್ಷೆ ಆಗಬೇಕು ಜೈ ಅಂಬೇಡ್ಕರ್,0
ನಿನಗೆ ನಾನೇ ಸಾಕು ಎಂ ಎಲ್ ಎ ಕ್ಯಾಂಡೇಟ್ ಝಮೀರ್ ಅಹಮ್ಮದ್ ಯಾಕೆ ಬೇಕು,0
Jai hindu huli jai yatnalaji,0
ಉಪೇಂದ್ರ ಅವರಿಗೆ ಈ ವಿಡಿಯೋ ಶೇರ್ ಮಾಡಿ.,0
jameer virudda nin gel bek anfre nim mappan ge hutt irbeek leee gandu yatnaaaal,1
ಆಪಿಲ್ ಹೋಗಿ ಸ್ಟೇ ತರ್ತಾರೆ ಅಷ್ಟೇ,0
ಮುಸ್ಲಿಂ ಗುಲಾಮರು congresh navaru thingla ಒಂದು ಸಾವಿರ ಕೆಲ ಜನರಿಗೆ ಕೊಟ್ರೆ ಉಗ್ರ gaamigalaakthare,1
Ambedkar hesreli Muslim average dalitharige thandidodhu... Worstgalu,1
Nodapa kachda nan magane  ninu innu bacchha kano Iteehasaa Owodkondu baa pa modal ne vishwa yudha 2014 ralli Agiddalla han nimmappa ghodse vichara 2014 ralli Adhikarakke bantu idu ok NINA NALIGE NA Hark Chappalna Savidhana Badali Madokke Adhikarakke hidivi Anta heloru niwu Deshada tiranga baota da jagadali kesari jhanda harsoru niwe Yakro Dr.baba saheb Ambedkar Andare ishtu Uuri nimage yella Dr.baba sahebar hesaru togallake Yogayralla niwu Modalu Awar kottantha Savidhana wanu gauravisi  Baba sahebaru Savidhana iddare matra Edesha dali dalitarige obc ge yella samjakke ondu gaurawa ide illa andare 2% Brammannaru yella janrige gulamargi madtare Ashte,1
ಎಲ್ಲರೂ ಹಿಂದೂಗಳ ಮೇಲೆ ದಬ್ಬಾಳಿಕೆ ಮಾಡೋದೇ ಆಗ್ಬಿಟ್ಟಿದೆ... ಯಾವುದೂ ಎಲ್ಲಿಯಾದರೂ ಹಾಳಾಗಿ  ಹೋಗಲಿ ವಿದ್ಯೇ ಕಳಿಯೋಕೆ ಆದರೂ ಒಂದೇ ಸಮಾನತೆ ಅಂತ ಇಲ್ಲ ನೋಡಿ ಅಲ್ಲೂ ಇವರ ದಬ್ಬಾಳಿಕೆ...,1
Jai yatnal huli,0
"ಅಲ್ಲ ರೀ ಮರಕುಂಬಿ ಗ್ರಾಮದ ಬಗ್ಗೆ ಎನ್ ಗೊತ್ತು ನಿಮಗೆ ಅಲ್ಲಿನ ದಲಿತರ ಬಗ್ಗೆ ಎಷ್ಟು ಗೊತ್ತು ಮತ್ತೆ ಆ ಊರಿನ ಜನರ ಬಗ್ಗೆ ಎಷ್ಟು ಗೊತ್ತು.
 ತಮ್ಮ ಮನೆಗೆ ತಾವೆ ಬೆಂಕಿ ಅಚ್ಚಿಕೊಂಡಿದ್ದಾರೆ ದಲಿತರು. ಆ ಕೇಸ್ ಅನ್ನು ರೇಜ್ ಮಾಡೋದಕ್ಕೆ ಸುಮ್ನೆ ಯಾಕೆ ಎನ್ ಏನೋ ಹೇಳ್ತೀರಾ",1
ಮುಚ್ಕೊಂಡ್ ಮಾತಾಡೋದನ್ನ ಸ್ವಲ್ಪ,1
Ee sulemaganige yaakri seet kodtira mindri maga evnu,1
ಉಳುವವನೆ ಹೋಲದೋಡೆಯ ಕಾನೂನ್ ಇದೇ,0
ಎಲ್ಲರು ಒಂದೇ ಮನುಷ್ಯ  ಜಾತಿ,0
kallara sante  congress  sarkara,1
ಜೈ ಭೀಮ್,0
ಅಬ್ದುಲ್ಲಾ ರಝಾಕ್ ಗೆ ಹಿಂದು ಮುಸ್ಲಿಂ ಇಬ್ಬರು ಓದೆದಾಡಬೇಕು ಸಂಬಂಧ ಇಲ್ದೆ ಇರೋತ್ತರ ಉತ್ತರ ಕೊಡ್ತವುಣೆ,0
Soolemagandu channel,1
Yathnal bosss,0
"😂😂😂😂😂,,,,ivalu kela ke bhaya",1
Jai hadpad appaji 🙏,0
Super ಅರುಣ್ ಜಿ... ದಿಗಂಬರ ರ  ಬಗ್ಗೆ ಹೇಳಿದ್ದು ನಿಜ  ಅವರು ಅವರ ಧರ್ಮ ದಲ್ಲಿ ಹಾಗೇ ಇದೆ... ನಿಜ ಅಲ್ವಾ... ಮಕ್ಕಳನ್ನ ಕೋರ್ಟ್ ಮೆಟ್ಟಿಲು ಹತ್ತಿಸುವ ಧರ್ಮ... ಧರ್ಮಾನ  ... ನಿಮ್ಮ ಒಂದೇ ವಾಕ್ಯ ಸಾಕು ಜಾಣರಿಗೆ 👌🏽👌🏽👌🏽,0
ಪಾಕಿಸ್ತಾನ ಬಳಾ ಉದ್ದಾರ ಆಗಿದೆ ಅಲ್ವ,1
Yaaaav page alli bardiddare ambedkar heltiraaaa lion avare nanag kantaa illamà ellluuuu,0
​ @FardeenKhan-d8u  TALIBANIS GE TALEHIDKONDU JEEVANA MAADO SULEMAKLU NEEVU PAKISTAN SULEMAKLA,1
ಜೈ ಯತ್ನಾಳ್. ಜೈ ಭೀಮ್ ಜೈ ಶ್ರೀ ರಾಮ್ 🚩🇮🇳,0
But ದುರದೃಷ್ಟ ಅಂದ್ರೆ ಜಾತಿ ನಿರ್ಮೂಲನೆ ಮಾಡ್ಬೇಕು ಅಂತ ಬಸವಣ್ಣ ಅವ್ರು ಲಿಂಗಾಯತ ಸಮಾಜ  ಮಾಡಿದ್ರೆ 🤦‍♀️ ಇವಾಗ ಲಿಂಗಾಯತ ಅವ್ರೆ ಕೂಡ ತುಂಬಾ ಜಾತಿ ತಾರತಮ್ಯ ಮಾಡ್ತಾರೆ 🤦‍♀️🤦‍♀️,0
ಈ ಕಾಂಗ್ರೆಸ್ ಯಾವತ್ತಿದ್ರು ತುರ್ಕರ ಪರವಾಗಿಯೇ ಹಿಂದುಗಳ ಪರವಾಗಿಲ್ಲ.,1
ಸಾರ್ಥಕ ಬದುಕು.ಹೆಮ್ಮೆಯ ರಾಜಕಾರಣಿ❤❤❤❤❤,0
ಶಿಕ್ಷಣ ಕ್ಷೇತ್ರದಲ್ಲಿ ಶಿಕ್ಷಣ ಮುಖ್ಯ ಧರ್ಮ ಅಲ್ಲ,0
Modlu saspendada henmaglige nyakodsi vakil sab jagadishge naya kodsi avagle rajya nimmanna mechatte,0
ಭವ್ಯ ಅವರೆ ನಿಮ್ಮಂಥರದವರು ಇರೊದರಿಂದಲೆ ಭಯೊತ್ಪಾದನೆಗೆ ಹೆಚ್ಚಾಗಿರೊದು ನೀವು ಯಾವತ್ತು ನಿಮ್ಮಮನಸ್ಥಿತಿ ಹೆಗೆ ಅನ್ನೋದು ಗೊತ್ತು ಓಟ ಬೆಕಲ್ಲಾ,1
Hogi modi du nekkibedu gulama,1
Muslim idake nevu bandidu.,1
"Nimmappa & neenu were participated to fight with British for freedom of India or Muslims were participated to fight with British for freedom of India ???
BJP Govt is it Sacha govt ? Sullugar !
Komavadhi !",1
Bjp government iddag elli ogiddi ninu,0
 @Rajvardhan0108  ಲೇ ನಿನಗೆ ಇದೆ ಬಿಡು ಸರಿಯಾಗಿ‌ ಅರ್ಥ ಮಾಡಿಕೊ‌ ಅವರ ತರ ಆತುರ‌ ಪಡಬೇಡ,1
ಈ ಜಿಹಾದಿ ಹಂದಿ ಗಳಿಗೆ ಸಫೋರ್ಟ್ ಮಾಡುವ ಮುಸ್ಲಿಂರಿಗೆ ದಿಕ್ಕಾರ.😅😅😅,1
Boycott Muslims,1
ಈ ಜಾತಿ ವ್ಯಸ್ಥೆಯನ್ನು ರಾಜಕಿಯ ವ್ಯವಸ್ಥೆಯಲ್ಲಿ ಸವಲತ್ತುಗಳನ್ನು ತೆಗೆದುಹಾಕಬೇಕು ಆಗ ಜಾತಿಯ ಬಗ್ಗೆ ಮಾತಾಡು ಕಲಸವೇ ಇರುವುದಲ್ಲ ರಾಜರ ಕಾಲದ ವ್ಯವಸ್ಥೆ ಇದು ವಣ೯ದ ಭಾಗವಾಗಿತ್ತು,0
ನಕಲಿ ಹಿಂದೂ ಗಳಿಗೆ.. ಕಾಂಗ್ರೆಸ್ ಅಂದ್ರೆ ತುಂಬಾ ಇಷ್ಟ 😄,0
"ಸನಾತನ ಧರ್ಮದಿಂದಲೇ ಜಾತೀಯತೆ ಬಂದಿದ್ದು ಅಂತಾ ಗೊತ್ತಿದ್ದೂ ಎಲ್ಲಿಂದ ಬಂತು ಅಂತಾ ಕೇಳ್ತೀರಲ್ಲಾ?  ನಿಮ್ಮ RSS ನಲ್ಲಿ  ದಲಿತರೇಕಿಲ್ಲ, ಮುಸ್ಲೀಮರೇಕಿಲ್ಲ? ನಾಟಕ್ ಬಂದ್ ಆಗಲಿ. ಪಾಠ ಕಲಿಸಲು ಸಂವಿಧಾನವಿದೆ.",1
"1. ಅಂಬೇಡ್ಕರ್ ಅವರು ಯಾವ ರಾಜಕೀಯ ಪಕ್ಷಕ್ಕೂ ಸೇರೀಲಿಲ್ಲ ನೀನ್ ತರ..!!

2.ಅವ್ರೂ ಓದಿದ ಡಿಗ್ರಿ ಮಾಡಿ ಈ ಮಾತುಗಳು ಹೆಡು..!!
  
3. ನೀನು ರಾಜಕೀಯಬಿಟ್ಟು ಈ ಮಾತು ಹೇಡು ಒಪ್ಪೋಕಿತಿವಿ....

Politics very very bad ...!",1
ವಿಗ್ರಹ ಆರಾಧನ ಮಾಡುವರರನ್ನು ಕೊಲ್ಲಿ ಅಂತ ಅಲ್ಲ ಹೇಳಿದ್ದಾನೆ 😮😮😮,1
ಜೈ ಹಿಂದ್  ಜೈ ಕರ್ನಾಟಕ   🙏,0
 @omkarmurthy8423  ಯಾಕೋ ಅಣ್ಣಾ ಹಂದಿ ತರ ಮುಖ ಮಾಡ್ಕೊಂಡಿಯಾ ಅಲಾ😂😂😂,0
ಪುಂಗಿ ದಾಸನ 😂,1
This is called Karma ಬಿಟ್ಟರೂ  court Bidolla...,1
"420 ಕಾಂಗ್ರೆಸ್, 420 ಸಿದ್ರಾಮಯ್ಯ ದರಿದ್ರ ಕಾಂಗ್ರೆಸ್",1
Gandhiji yawaru  alchol dont use anta heltare . But ninu baar anne nimma house anta yeniside,1
Obba terror oda bomb akokke 🤣🤣🤣,1
Lo useless mp Congress mathai muslim lie party quick India andolan madatha eruwaga ..Rss sanga avaru British  ayara chamcha budget hagetharalla hadu nu hall lu ..shullu Hallu baida public gai gauthu ...,1
huccha 😂,0
BJP ವಕ್ತಾರ waste,1
ಹಿಂದೂಗಳು ಅರ್ಥ ಮಾಡಲು 70 ವರ್ಷ ಬೇಕು. ಉಳಿದವರಿಗೆ 7ದಿನಾನೊ 7 ಗಂಟೆಗಳೇ ಸಾಕು. ಅದಕ್ಕೋಸ್ಕರ ಈಗಲೂ ಹಿಂದೂ ವಿರೋಧಿ ಸರ್ಕಾರಗಳಿವೆ. ಸರ್ಕಾರಕ್ಕೆ ಹಿಂದುಗಳ ಭಯವಿಲ್ಲ. ಹಿಂದೂಗಳಿಗೆ ಬುದ್ಧಿ ಬರೋದು ಇಲ್ಲ. ಕೇರಳ ತಮಿಳ್ನಾಡು ಹಿಂದೂಗಳಿಗೆ ಬೆಳಕಾದಾಗ ಹಿಂದೂ ಜನ ಸಂಖ್ಯೆ ಕಡಿಮೆಯಾಗಿರುತ್ತದೆ. ಆಮೇಲೆ ಎಷ್ಟು ಒಟ್ಟುಗೂಡಿದರೂ ಕೇರಳದ ಅವಸ್ಥೆಯೇ....,1
ಸರ್ಕಾರವೇ ಎಸ್ಸಿ ಎಸ್ಟಿ ಅಂತ ಹೇಳಿ ಶಿಕ್ಷಣ ಮತ್ತು ಸರ್ಕಾರ ಹುದ್ದೆಯಲ್ಲಿ ಹೆಚ್ಚಿನ ಹೆಚ್ಚಿನ ಅಧಿಕಾರಿಗಳಾಗಿದ್ದು ವಿದ್ಯಾವಂತರಿಗೆ ಬುದ್ಧಿವಂತರಿಗೆ ಅನೇಕರಿಗೆ ಕೆಲಸ ಸೋಲುತ್ತಾನೆ ಇದು ನನ್ನ ಅನಿಸಿಕೆ ಮಾತ್ರ ಎಲ್ಲರೂ ಒಂದೇ ಅಂತ ಸರ್ಕಾರನೇ ಘೋಷಣೆ ಮಾಡಬೇಕು ಎಲ್ಲರಿಗೂ ಒಂದೇ ತರ ಶಿಕ್ಷೆ ಒಂದೇ ತರ ಹುದ್ದೆ ಸವಲತ್ತು ಕೊಡಬೇಕು ಅವಾಗ ಮಾತ್ರ ನಮ್ಮ ದೇಶ ನಮ್ಮ ರಾಜ್ಯ ನಾವೆಲ್ಲರೂ ಒಂದೇ ಅಂತ ಹೇಳಿ ಅನ್ನಬಹುದು,0
ದೇಶದ ಗೋಮಾತೆಯಯನ್ನು ಕಡಿದು ವಿದೇಶಕ್ಕೆ ಮಾರುವ ಕಚಡಾಗಳ ಬಗ್ಗೆನೂ ಹೇಳ್ರಿ.,1
Ninu itali bar dancer gulam 😂😂,1
Jameer bandu nintre   ni sattru gelludila 😂  sariyagi 10 saavira lead le gellak agtila ning,0
ಅಲ್ಲಪ್ಪ ಹುಲಿ ನೀನ್ ಹೋಗಿ ಅವರ ಕ್ಷೇತ್ರದಲ್ಲಿ ನಿಂತು ಗೆಲ್ಲೂ ನೋಡೋಣ ಅವರವರ ಕ್ಷೇತ್ರ ಅವರಿಗೆ ಹೆಚ್ಚು ಕಣಪ್ಪ ಮೊದಲು ನಿಮ್ಮ ಪಕ್ಷದಲ್ಲಿ ನಿಮ್ಮ ಸ್ಥಾನ ಏನು ತಿಳಿದುಕೊಳ್ಳಿ ಸ್ವಲ್ಪ ಕೇವಲ ಧರ್ಮಗಳನ್ನು ಬಿಟ್ಟು ಬೇರೆ ವಿಷಯಗಳ ಬಗ್ಗೆಯೂ ಗಮನ ಕೊಡಿ ಆಗ ಎಲ್ಲಾ ಧರ್ಮ ಜಾತಿಯವರು ಮೆಚ್ಚುತ್ತಾರೆ....,0
ನಿಮ್ಮಪ್ಪ ಏನು ತುರ್ಕನ ಬೇವರ್ಸಿ,1
ಕಾಂಗ್ರೆಸ್ ಪಾಪದ ಕೂಪ್ ತುಂಬಿದೆ ಕಾಂಗ್ರೆಸ್ ಸರ್ವನಾಶ ಗ್ಯಾರಂಟಿ,1
"ಜಾತಿ ಜನಗಣತಿ ಯಾಕೆ..... ಸರ್ಕಾರಿ ರೇಕಾರ್ಡ ಅಲ್ಲಿ ಜಾತಿ ಯಾಕೆ.......? ಜಾತಿ ಜಾತಿ ಅಂತ ಇದ್ದರೆ ಜಾತಿ ಹೋಗಲ್ಲ, ಜಾಸ್ತಿ ಆಗುತ್ತೆ.....",0
ಲುಚ್ಛಸೂಳೆಮಗ ಇವನು ಬರಿ ಜಾತಿ ಜಾತಿ ಬೆಂಕಿ ಹಚ್ಹೋ ಕೆಲಸ.. mla ಆಗಿ ಮೋದಿ ಹತ್ರ ರಾಜ್ಯದ ಅಬಿವೃದ್ದಿ ಬಗ್ಗೆ ಮಾತಾಡಿದನ ನಮ್ಮ ಟ್ಯಾಕ್ಸ್ ಅಮೌಂಟ್ ಕೊಡ್ಸಿದಾನ ನಾಲಾಯಕ್ ಗ್ರಾಮಷಿಂಹ,1
ನಿಮ್ಮಪ್ಪಗ ಹುಟ್ಟಿದರೆ ಮುಸ್ಲಿಂ ಸೌರ ಅಪ್ಪುಗೆ ಹುಟ್ಟಿದಿಯಾ ನಿನ್ ಹೆಂಡ್ತಿ ನಮ್ಮ ಮುಸ್ಲಿಂ ಸೂಪರ್,1
ಬಹಳ ಒಳ್ಳೆಯ ಮೆಸೇಜ್ ಕೂಟ್ಟೀದಿರಿ ಸಾರ್ ಸಮಾಜಕ್ಕೆ ಧನ್ಯವಾದ ತಮಗೆ.,0
"ನಿಜ, ಮೊದಲ 28:25 ನಿಮಿಷಗಳ ನಿಮ್ಮ ಅನಿಸಿಕೆ, ಅಭಿಪ್ರಾಯ, ಸಮಾಲೋಚನೆ ಗಳನ್ನ ಕೇಳುವಾಗ ನನ್ನ ಮನಸ್ಸಿನಲ್ಲಿ ಝೇಂಕರಿಸಿದ್ದ ಶಬ್ಧಗಳು ಮುಂದಿನ 30 ಸೆಕೆಂಡ್ ಗಳು. Everything should only depend on good/bad for humanity, but before everyone should understand what is HUMANITY.",0
"ಎಂಥ lofers ಮುಸ್ಲಿಂ...,ಎಂಥ ಭಂಡ ಮುಖ್ಯಮಂತ್ರಿ ನಾಚಿಕೆ ಆಗಬೇಕು ಸಿದ್ಧರಾಮ ಹುಲ್ಲ ಖಾನ್ ಗೆ dikkara",1
ಇವನಿಂದ ಏನೂ ಶಾ...... ಕಿಲುಕೇ ಆಗಲ್ಲ.. ಎಲ್ಲಾ ಹಿಂದೂಗಳನ್ನು ಒಂದು ಮಾಡಿ ತೋರಿಸು... ದಲಿತರು ಬ್ರಹ್ಮನ್ನ ರೂ ಇತರ ಇತರರೂ ಅಂಥ ಯಾಕೆ ಹೇಳಿತಿರಿ ಸಮಯ ಬಂದಾಗ ಹಿಂದೂ ಒಂದು ಚುನಾವಣೆ ಮುಗೀತು ಬೇರೆ ಬೇರೆ ಥೂ ನಿನ್ನ ಜನ್ಮಕ್ಕೆ,1
ಸರಿಯಾಗಿ  ಹೇಳಿದಿರಿ  ಸರ್.. ಜಾತಿ  ಎರಡೇ.   ಗಂಡು  ಮಾತು  ಹೆಣ್ಣು.  ಮಾತ್ರ.,0
"ಅದೇನೋ ಲೇಸರ್ ಆಯುಧ ಇದೆಯಲ್ಲ..
ಕೊಡ್ತೀರೋ ಇಲ್ಲ ಲೇಸರ್ ಬಿಡ್ಲ ಅಂತ ಹೆದರಿಸಿ ... ಇದೊಂದೇ ದಾರಿ ಇರುವುದು",0
ನಿಮ್ಮ ಪರವಾದಿಯ ಜೀವನ ಚರಿತ್ರೆ ಓದಿ ಅದು ಸೂಪರ್ ಅಂದ್ರೆ ಅದಕ್ಕಿಂತ ದಡ್ಡ ತನ ಇನ್ನೊಂದು ಇಲ್ಲ ಅನ್ನಿಸುತ್ತೆ 😂😂😂,1
Ninge yavatthu buddhi baruttho muttala,1
Heege jaathi Jatthi anthidre yaaru uddara aagalla indiali,0
"ತಲೆ, ಭುಜ, ತೊಡೆ ಮತ್ತು ಕಾಲು ...... ಮೂಲಕ ಹುಟ್ಟಿದ ಮಕ್ಕಳು....ಅದ್ಭುತ ಸಿದ್ಧಾಂತ.....",0
ಹಿಂದೂ ಹೆಬ್ಬುಲಿ,0
 @irfandxb6005  ತಾಫೈಗಿರೋದು ಇಸವಿ ಅಂದ್ರೆ ತಿಪ್ಪೆ ಕ್ರೂರಿ ಅನ್ನೋದು ಸತ್ಯನೇ ತಾನೇ 😀😀😀😀😀😀🤩,1
"ಮೋಹನ್ ಭಗವಾತ್ಗೆ ಹೇಳಿ ಹಿಂದುಳಿದ ಜಾತಿ ಮನೆಯಲ್ಲಿ ಹೋಗಿ ಊಟ ಮಾಡೋಕ್ಕೆ, ಮಾಡ್ತಾನ ಊಟ 😂😂",1
Bolimaga yaru vote hakila do number madi ninu,1
ಹಾಗಾದರೆ RSSನವರು ಅಂತರ್ ಜಾತಿ ವಿವಾಹಕ್ಕೆ ಕರೆ ನೀಡಿ.......ಬರೀ ಕೇವಲ ಜಾತಿ ಕುರಿತು ಮಾತನಾಡುವುದಲ್ಲ....ಜನರಿಗೆ ಮತ್ತೆ ಒಳ್ಳೆಯವರಾಗಿ ಕಾಣುವುದಲ್ಲ...,0
ಆಹಾರ ಕ್ರಮವೂ ತೊಂದರೆ ಕಂಡುಬಂದಲ್ಲಿ ಯೆನು ಮಾಡುವುದು,0
Jatigu benki namakku benki idi. Bhumiyannu maru hanchike madi,1
ಆಹಾರ ಪದ್ಧತಿಯಲ್ಲಿ ವ್ಯತ್ಯಾಸ ಬರುತ್ತೆ ಸಸ್ಯ ಆಹಾರ ಮತ್ತು ಮಾಂಸ ಆಹಾರ ಅದನ್ನು ಯಾವ ರೀತಿ ಪರಿಹಾರ ಮಾಡುತ್ತೀರಿ,0
ಪತ್ರಿಕಾಧರ್ಮ ಭಾರತದ ಸಂವಿಧಾನ ಗೊತ್ತಾ ಬಡಿಗೇರಾ.,0
"Bhoomi idagininda hindu raastra namadu, 5000 Varsha gala hidininda bandide namma bharat hindu raastra tilako razak",0
Jai shree Raam 🚩,0
ಇನ್ಮುಂದೆ ಜಮೀನು ಮಾರಾಟ ಮಾಡ್ಬೇಕಾದ್ರೆ ವಕ್ಫ್ NOC  ಕೊಡಿ ಅಂದ್ರೆ 😂😂😂,0
 @saleembhasha5119  ದೇಶ ವಿಭಜನೆ ಮಾಡಿದ್ದು ಕೋಮುವಾದಿ ಇಸ್ಲಾಂ ಷಂಡರೆ ಅಲ್ವೇನ್ಲಾ,1
"Eno sytave suvvar ke bacche , NIV saabru galu madtha erodhne helirodhu",1
ಚಕ್ರವರ್ತಿ ಸೂಲಿಬೆಲೆ ಸಾರ್ ಸೂಪರಾಗ್ ಮಾತನಾಡಿದ್ದೀರಾ❤,0
Abdulla rajak hulta palta maadtare nayana,0
Ene problem adru  Ambedkar vada konege nillodu    jai bemm,0
"Great massage Amar Sir...., ಈ ಸಮಾಜದ ಏಳಿಗೆಗೆ ಇಷ್ಟು ವಿಷಯ ಸಾಕು, ಇದನ್ನ ಪ್ರತಿಯೊಬ್ಬರೂ ಸ್ವಚ್ಚ ಮನಸ್ಸಿನಿಂದ ಸ್ವೀಕಾರ ಮಾಡಿದರೆ ಸಾಕು, ನಮ್ಮ ಸಮಾಜ ಉತ್ತಮ ಮಟ್ಟಕ್ಕೆ ತಲುಪುತ್ತದೆ, ನಮ್ಮ ದೇಶ ಮುಂದುವರೆದ ಯಾವುದೇ ರಾಷ್ಟ್ರಕ್ಕೆ ಕಡಿಮೆ ಇರುವುದಿಲ್ಲ, ಇಂದು ಪ್ರತಿಯೊಬ್ಬ ನಾಗರಿಕರ ಮನಸ್ಸು ಬದಲಾಯಿಸುವ ಸಮಯ, ಶೈಕ್ಷಣಿಕವಾಗಿ, ಆರ್ಥಿಕವಾಗಿ, ಸಾಮರಸ್ಯವಾಗಿ ಬೆಳೆಯಬೇಕು.",0
ಮನುಸ್ಮೃತಿಯ ಪ್ರಕಾರ ಅವರ್ಣೀಯರು ಇಲ್ಲ ತ್ರಿವರ್ಣೀಯರನ್ನು ಬಿಟ್ಟು ಉಳಿದವರೆಲ್ಲ ಶೂದ್ರರೇ,1
Siddu obba sakuni rajakarani.avnu seat biduvaga congress sarvanasa maadthane,1
ಹಿಂದುಗಳು ಒಗ್ಗಟ್ಟಾಗಬೇಕು,0
ಜಾತಿ ವ್ಯವಸ್ಥೆಯನ್ನು ದೇಶದಿಂದ ಕಿತ್ತುಹಾಕಲು ಹರಿಹರ ಬ್ರಹ್ಮ ಹುಟ್ಟಿಬಂದರು ಸಾಧ್ಯವಿಲ್ಲ ಕಾರಣ ಇಷ್ಟೇ ಜಾತಿಯ ಹೆಸರೇಳಿಕೊಂಡು ಧರ್ಮದ ಹೆಸರೇಳಿಕೊಂಡು ಜೀವನ ಮಾಡುತ್ತಿರುವ ಕೋಟಿ ಕೋಟಿ ಜನರು ಉಳಿದವರನ್ನು ದಾರಿತಪ್ಪಿಸುತ್ತಿದ್ದಾರೆ ಮಠಾಧೀಶರು ದೊಡ್ಡ ದೊಡ್ಡ ದೇವಸ್ಥಾನದ ಅರ್ಚಕರು ಜಾತಿಯ ಹೆಸರು ಹೇಳಿಕೊಂಡು ಮಠ ಕಟ್ಟಿರುವ ಅನೇಕರು ಇದಕ್ಕೆಲ್ಲ ಕಾರಣ ಈಗಿನ ಜನತೆಗೆ ಜಾತಿ ದೇವರು-ಧರ್ಮ ಎಲ್ಲ ಒಂದು ಸಮಾನವಾಗಿ ಕಾಣುವ ಶಿಕ್ಷಣ ಕೊಡಬೇಕು ಹಾಗಾಗಿ ಜಾತಿಯ ವಸ್ಥೆ ದೇಶವನ್ನು ಬಿಟ್ಟು ಹೋದರೂ ಹೋಗಬಹುದು,0
Yatnal ji 🩷🩵 ge power kottiddare Modi..... BJP 125 seat geddiratittu...... Gandu Sulemaga yeddi ge Halkat sulemaga Vijya ge.... tegedu haki first.... Jai yatnal ji 🩷🩵 Jai BRP King 👑 of Karnataka 💐,1
"Mu
Slmaanarannu prapanchadinda odisabeku isrel maadida haage maadabeku",0
Ivanobba ayagya soolibili,1
ನಿಮಗೆ ಅನಂತ ಅನಂತ ಧನ್ಯವಾದಗಳು sir ಈ ರಿಯಲಿ proud of you and your channel 🙏🙏🙏🙏🙏🙏🙏❤,0
Samajada olithinalli namma kodugeyenu adu mukhya,0
A loude ke Ball ninu Elli yar yar jote comprising agi ella gottu...sumne hundugalana Bakra madti basappa,1
ಎಲ್ಲ ಜಾತಿ  ಧರ್ಮ  ಅಂತ  ಯಾಕೆ  ಸಾಯಿತೀರಿ  ಯಾರೂ  ಇಲ್ಲಿ  ಶಾಶ್ವತ  ಅಲ್ಲ,0
Sangi gussa howa,1
ಇವಾಗದರು ತಿಳ್ಕೊಳ್ಳಿ ಯತ್ನಾಳ್ ಅವರ ಭಾಷಣ..💥 ಜೈ ಹಿಂದ್ ಜೈ ಭಾರತ್🇮🇳,1
ಒಳ್ಳೆಯ ಮಾಹಿತಿಯನ್ನು ಜನರನ್ನು ತಿಳಿಸಿ ಕೊಟ್ಟಿದಿರಾ ಸರ್ ನಿಮಗೆ ಧನ್ಯವಾದಗಳು,0
ಇತಿಹಾಸ ತಿರುಚುವುದು ಬಿಜೆಪಿ ಅಜೆಂಡಾ....ಕೋಮುಗಲಭೆ ಸೃಷ್ಟಿಸೋದು ಬಿಜೆಪಿಯ ನೀತಿ...,1
Corect  Hindu galu Hechtkolli.....,0
ಮೋಹನ್ ಭಾಗವತ್ ಮತ್ತು ಆರೆಸ್ಸೆಸ್ ಈ ದೇಶದ ಶಾಪ,1
ನಮಗೆ ತುಂಬಾ ಭಯವಾಗುತ್ತಿದೆ ಸರ್ ಇನ್ನು ಇಪ್ಪತ್ತೈದು ವರ್ಷ ಕಳೆದರೆ ಏನಾಗುವುದು ಎಂಬ ಚಿಂತೆಯಾಗುತ್ತದೆ ಇದೇ ಕಾಂಗ್ರೆಸ್ ಸರ್ಕಾರ ಇದ್ದರೆ ಸರ್ವನಾಶ ಮಾಡಿ ಬಿಡುತ್ತಾರೆ ಹಿಂದುಸ್ತಾನ ಎನ್ನುವುದು ಇರಲಿ ಭಾರತ ದೇಶ ಎನ್ನುವುದನ್ನೇ ಮರೆತು ಬಿಡುತ್ತಾರೆ ಏ ಕಾಂಗ್ರೆಸ್ ನವರು ತಮ್ಮ ತವರಿಂದ ಏನೋ ಈ ದೇಶ ಉಳಿಯಬೇಕು ಅಮ್ಮನವರಿಗೆ ನಮ್ಮ ಸಂಪೂರ್ಣ ಬೆಂಬಲವಿದೆ ಸರ್ ಸೂಲಿಬೆಲೆ ಚಕ್ರವರ್ತಿ ಅವರೇ ನಮ್ಮ ಅನಂತ ಕೋಟಿ ವಂದನೆಗಳು ತಮಗೆ,0
ಜಾತಿಯನ್ನು ಯಾರೂ ದೂರಮಾಡೋಕ್ಕಾಗೋಲ್ಲ. ಯಾವ ದೇವರಿಂದಲೂ ಸಾದ್ಯವಿಲ್ಲ. ಇದರ ಬಗ್ಗೆ ಮಾತೊಡೋ ಅವರು ಅವರ ಕುಟುಂಬದಲ್ಲೇ ಬಿಡಿಸಲಿ.,0
"iwanige hindu muslim bittu yenu guttu illah. Aresht madi. 
 Yawattu Baai bittre hele. 💩",1
ಇರುವ ಸತ್ಯವನ್ನು ಕಾಂಗ್ರೆಸ್ ಪಕ್ಷ ಮಾಡಿರುವ ಕರ್ಮಕಾಂಡವನ್ನು ಪ್ರತಿಯೊಂದು ಹಳ್ಳಿ ಹಳ್ಳಿಗಳಲ್ಲೂ. ಮನೆಗಳಿಗೂ ಮುಟ್ಟಿಸಬೇಕು ಆಗಲೇ ಜನ ಎಚ್ಚೆತ್ತುಕೊಳ್ಳುವುದು 🙏🙏🙏🇮🇳🇮🇳🇮🇳🇮🇳,0
ನಿಜ..ಆದರೆ ಈ ಜಾತಿ ವ್ಯವಸ್ಥೆ ನಾಸಾ ಹಾಗ್ಬೇಕಾದ್ರೆ ಹಿನ್ನು 500-1000 ವರ್ಷ ಬೇಕು ಸಾರ್..🥹,0
 @vasanthkumarsc2562  ನಿಮ್ ಬಾಸು ಎನ್ ಫ್ರೀ ಆಗಿ ಜನಸೇವೆ ಮಾಡ್ತವ್ನಾ ??,0
ಕಾಂಗ್ರೆಸ್ ಇರುವವರೆಗೂ ಹಿಂದುಗಳಿಗೆ ಕಾಟ ತಪ್ಪುವುದಿಲ್ಲ.,1
Ajith ur are bakwas ancor N ure benki hacchuva manushya ninu,1
ಇವಳು ಬವ್ಯ  ಸಿದ್ರಮುಲ್ಲಾ ಖಾನ್ ವಂಶಸ್ತಲು,1
ಭಾರತಕ್ಕೆ ಬೆಂಕಿ ಇಡುವ ಜನರಿಗೂ ಸಮಾನತೆ ಕೊಡು ಬೇಕಾ awda........,1
Ree Pratap Simha nimma rajakeeya tevalige Ambedkara ravarannu yeledu tarvudu sariyalla...edu nimma kanishta buddi torsutte,1
"ಭಾರತ ದೇಶದಲ್ಲಿ ನ ವಕ್ಫ್ ಬೋರ್ಡ್ ಅನ್ನು ಮಾಡಿದವರು ಯಾರು? ಪಾಕಿಸ್ತಾನ ಕ್ಕೆ ಹೋಗಲಿ, ನಮ್ಮ ದೇಶ ಹಿಂದೂ ರಾಷ್ಟ್ರ ವಾಗಲಿ, ನಾವೇ ಚುನಾವಣೆಯಲ್ಲಿ ಬೆಂಬಲಿಸಿ  ಅಧಿಕಾರಕ್ಕೆ ತರುತ್ತಿದ್ದ ಕಾಂಗ್ರೆಸ್ ಯಾವ ರೀತಿಯಲ್ಲಿ ಹಿಂದೂಗಳಿಗೆ ಸುಮಾರು 70 ವರ್ಷಗಳಿಂದ ಮೋಸ ಮಾಡಿಕೊಂಡು ಬರುತ್ತಿದೆ. ಈ ಬಗ್ಗೆ ಹಿಂದೂಗಳು ಎಚ್ಚೆತ್ತುಕೊಳ್ಳಬೇಕು, ಜೈಶ್ರೀರಾಮ ಜೈಶ್ರೀರಾಮ ಜೈ ಹಿಂದ್ ಜೈ ಭಾರತ",0
Mado kelasa bittu amayaka dudidu tinnuva janarannu murkharannagi madi ashanti uonto maduvarige yenu helabeku?,1
Ugiri swamy kyakarisi kitthodanannamakkalu,1
Most Corrupted n Desha drohi govt Congress,1
Political Game😂😂😂😂 .... Court limits cross madi... Punishment kottidare... So idu sari illaaa... 98 jana family members ge yaru hone. 😢😢,1
ಅರುಣ್ ನಿಮ್ಮ ಅಮ್ಮನ ತುಲ್ಲು,1
Mindri yallaru,1
Dabba anchor entaavarnna yaake edtira,0
Hasi Turka Razak nanmaga.Bettale barabekaa?😢😮😅,1
ಜೈ ಶ್ರೀರಾಮ್ ಜೈ ಹಿಂದ್ ಜೈ ಯತ್ನಾಳ್,0
Yalla nataka ee nan makludu 😡😡😡🐷🐽🐷🐽🐷🐽✋🏿💩✋🏿💩✋🏿,1
"ಸರ್ ನಾವೆಲ್ಲರೂ ನಿಮ್ಮ ಜೊತೆಯಲ್ಲಿ ಇದ್ದೇವೆ, ಮುಸ್ಲಿಮರನ್ನು ಭಾರತವನ್ನು ಬಿಟ್ಟು ಓಡಿಸೋಣ, ಭಾರತಕ್ಕಾಗಿ ಹೊರಡೋಣ, ಸೂಲಿಬೆಯವರಿಗೆ ಜೈ",0
ಜೈ ಭೀಮ್ ಜೈ ಯತ್ನಾಳ್,0
ಧರ್ಮೋ ರಕ್ಷತಿ ರಕ್ಷಿತಃ,0
"ಹಿಂದೂ ಗಳನ್ನು ಎಚ್ಚರಿಸು ತಿದ್ದರಲ್ಲ ಇದು ಒಳ್ಳೇದು ಕಾರ್ಯ, ಆದರೇ ಹೆಬ್ಬಾಹಾವು ನಂತೆ ಬಿದ್ದಿದೆ ಹಿ ದು ಸಮಾಜ",1
"Thu ninna janamke astu adarali aa taraha bardilla may ninage engelish barolla yake dr. Baba saheb ambedakr bagge sullu heltiya 😡😡
Yawag pakistan divide ayitu awag yell muslim hogat iddaru awag ghandi helidaru ille nilli antha awag dr. Br ambedakar awaru ondu suggestion kudtare awaraana tade bedi yake andare awarige illi ista illa andre hogali illadare illi desh dali balwanth wagi ittare awarige sittu barodu ontu adarind iruva janrige problem antha adake hogali bidi antha heliddare adana bittu yandaru heltiya",1
"Daridra soolemagane.brahmin plays didn't work in front of 750 yrs of muslim rule and 150 yrs of british Christian rule😂😂😂😂😂.
Talk aganist vokkaliga.
Kurubas.ur hindutva project rss bjp will be destroyed in karnataka",1
"ಲೇ ಚರ್ಚೆ ಗೆ ಕರೆಸಿ ಅವರು ಮಾತಾಡಕೆ ಬಿಡ್ರೊ,ನೀವೇ ನಿಮಗೆ ಇಷ್ಟ ಬಂದಂಗೆ ಬೊಗಳ್ತೀಯಾ ಬಡಿಗೇರ ಥೂ.",1
ವಕ್ಬೂರ್ಡ ನನ್ ಮಕ್ಕಳಿಗೆ ನರ ಕಟ್ ಮಾಡಬೇಕು ವಾಪಸ್ ಪಾಕಿಸ್ತಾನ ಕಳಿಸ್ಬೇಕು ಬೊಳಿ ಮಕ್ಕಳನ್ನು,1
Lo prathap simha loffer nanmagane ninage buddhi illa hijab akidhre ninage enu thunne nova,1
ಚೆನ್ನಾಗ್ಗಿ ರಟ್ಟಾ ಹೊಡ್ದೆ ಆದ್ರೆ ಸ್ವಲ್ಪ ಮಿಸ್ ಆಯ್ತು ಅದು 2014 ಅಲ್ಲ 1914,0
"ಮೊದಲು ಸ್ಕೂಲ್ಗಳಿಗೆ  ನಂತರ ನಮ್ಮ
ಸರಕಾರಕ್ಕೆ ತಿಳಿಸಿ ಅವರು ಮೊದಲು
ಕೇಳೋದೇ ಜಾತಿ ಆದಾಯ ಪತ್ರ
ನಾವು ಜಾತಿಯನ್ನು ಬಿಟ್ಟು ಅಂತರ್ಜಾತಿ
ಮದುವೆ ಆದವರು ಈಗ ಇವರಿಗೆ
ಜಾತಿ ಪತ್ರ ಎಲ್ಲಿಂದ ತರೋದು? ಹೇಳಿ",0
"ಈ ಜನಾಂಗ,ಖಂಡಿತ ಸುಧಾರಣೆ ಆಗುವುದಿಲ್ಲ.
ಅನಾಗರೀಕತೆ,.ಅವಿವೇಕದ ವರ್ತನೆಯಿಂದಾಗಿ
ಅಜಾಗರೂಕತೆ,ಅಶಾಂತಿಯನ್ನು ಸೃಷ್ಟಿಸುತಲೇ
ಇರುತ್ತಾರೆ   ಅದಕ್ಕೇ,, ಇಡೀ ಜಗತ್ತು ಇವರ ಬಗ್ಗೆ
ಕೆಟ್ಟ ಅಭಿಪ್ರಾಯ ಹೊಂದಿರುವುದು.

ಇವರನ್ನು,ಕೆಟ್ಟ ಭಾವನೆಯಿಂದ ನೋ",0
"ಅಲ್ಲ ಪೊಲೀಸ್ ಗೆ ಅನ್ಯಾಯವಾಗಿದೆ  ,  ಪೊಲೀಸ್ ಮೇಲೆ  ಹಲ್ಲೆಯಾಗಿದೆ  ,  ಕೇಸ್ ವಾಪಾಸ್ ತಗೊಂಡಿದೆ  ಸರ್ಕಾರ  ಯಾಕೆ ಪೊಲೀಸ್  ಕೇಳ್ತಿಲ್ಲ ಸುಮ್ಮನಿದ್ದರೆ  ಪೊಲೀಸ್ ,",1
ಇತ್ತೀಚಿನ ದಿನದಲ್ಲಿ ಮಠಾಧಿಪತಿಗಳೇ ಜಾತಿ ವ್ಯವಸ್ಥೆ ಮಾಡುತ್ತಿದ್ದಾರೆ ಹಾಗೂ ಆಯಾ ಜಾತಿಯ ಮಠಾಧಿಪತಿಗಳು ಆಯಾ ಜಾತಿಗಳಿಗೆ ಜಾತಿ ವ್ಯವಸ್ಥೆಯ ನಿರ್ಮೂಲನದ ನಿರ್ಮೂಲನೆ ಯ ಬಗ್ಗೆ ಮಾತನಾಡಿದರೆ ವಿಚಾರವಂತಿಕೆ ಬಂದರೆ ಹಾಗೂ ಜಾತಿ ನಿರ್ಮೂಲನೆಯ ಬಗ್ಗೆ ಪ್ರಜ್ಞಾವಂತಿಕೆ ಹುಟ್ಟಿಸಿದರೆ ಸಮಾಜ ಅಭಿವೃದ್ಧಿಯನ್ನು ಹೊಂದುತ್ತದೆ ನಿಮ್ಮ ಸಂದೇಶವನ್ನ ಕೇಳಿ ಬಹಳ ಹೆಮ್ಮೆ ಎನಿಸಿತು ಅಮರ್ ಪ್ರಸಾದ್ ರವರೆ ತುಂಬಾ ಧನ್ಯವಾದಗಳು ಸರ್,0
Sulibele Hijada nanmaga,1
Mathyake illidiya😄😄,0
Sir nivu este helidaru aste nammavaru sudharasalla,0
Eshtu  ದಲಿತರು ಸತ್ತು ಹೋಗಿದ್ದಾರೆ,1
"jai bharath matha 🙏and jai bheem ❤
ambedkar horadiddu samanathegaggi horathu thana jathiyyashresthattegaggi alla janaralli edonddu thappumanobhavanehogabekidde 🙏",0
O hagadre neenu handi,1
Hindutva na BJP ge mate sulibele ge Lease ge kottiderenroo😂🤦,0
ಒಂದು ನಾಯಿ ಬೊಗಳುತ್ತಿದ್ದರೆ ಎರಡೇ ಕಾರಣಗಳು ಇರಬಹುದು1) ಒಂದು ಆ ನಾಯಿ ಹುಚ್ಚು ಆಗಿರುತ್ತದೆ ಅಥವಾ 2) ಆ ನಾಯಿಯ ಮಾಲೀಕ ಬಗಲಲ್ಲಿ ಇರುತ್ತಾನೆ😂,0
Jai yatnal huli,0
ನಮ್ಮಲ್ಲಿ ವಿಶಾಲವಾದ ಭಾವನೆ ಎಲ್ಲಿಯವರೆಗೆ  ಬರುವುದಿಲ್ಲವೋ ಅಲ್ಲಿಯವರೆಗೆ ಜಾತಿ ಭೂತ  ಹೋಗುವುದಿಲ್ಲ. ಜಾತಿ ಕಾಲಂನಲ್ಲಿ  ಭಾರತೀಯ ಎಂದು ನಮೂದಿಸಬೇಕು.,0
Katte Pratap.. Donkey Nan magane first history correct madko... Sule magane.. 2014 and 2019 nalli neenu nim appa matte nin hendti war maadidra.. Kal Nan Maga Pratap katte,1
"ಮೊದಲು, ಬ್ರಾಹ್ಮಣರಿಗೆ ಉಳಿದ ಎಲ್ಲಾ ಜನಾಂಗಗಳು ಹೆದರುತಿದ್ದರೆ ಈಗ ಹೆದರುವುದಿಲ್ಲ, ಈಗ ಅವರ ಕಾಲೇ ಕಟ್ಟಿ ಬದುಕುವ ಪರಿಸ್ಥಿತಿ ಬರುತ್ತೆ ಎಂದು ತಿಳಿದು ಇಂತ ಹೇಳಿಕೆಗಳು ಹೊರ ಬರುತ್ತವೆ",1
Houdaa Gandu Huli ❤,0
ಕಾಂಗ್ರೆಸ್ಗೆ ಓಟು ಹಾಕಿದ ಹಿಂದೂಗಳಿಗೆ ಈಗಲಾದರೂ ಬುದ್ದಿ ಬರಬೇಕು ಟಗರನ್ನ (ಸಿದ್ದರಾಮ) ಸಿಎಂ ಆಗಿ ಮಾಡಿದ್ದಕ್ಕೆ.,1
Vattege yesige thinnodu chillare nayi munde bavya le nin kutumbama badukalla le hindu antha saysthare saythiya sule mude bavya,1
Le lucha nalayak yatnal kharge bage yenu anbeda nin nalige hidtadali itko,0
for example singapore nalli hogi nodi gov opposition work enu antha religions  bidri,1
Nim amman kalsu sule magne kole madtivi nodkoli next,1
ಹೌದೋ  ಗೌಡಾ❤❤,0
Dr ambedkar sir Manus purthi sutu akithiru.,0
​ @likhithgowda.r.h7608 sabru sidda,0
ಹುಚ್ಚ ಬಡಿಗೇರಾ ಇದೇನು ಪ್ರಶ್ನೆನೋ.,1
ವೇರಿ ವೇರಿ ಗುಡ್,0
ಭವ್ಯ ರಜಾಕ್ ಇಂಥವರೆಲ್ಲ ನಮ್ಮ ದೇಶದಲ್ಲಿ ಅದರಲ್ಲೂ ನಮ್ಮ ಕರ್ನಾಟಕದಲ್ಲಿ ಕಾಂಗ್ರೆಸ್ಸಿನ ಎಂಜಲು ಗಿರಾಕಿಗಳು ಇಂಥ ಬೆವರ್ಸಿಗಳ ಬೂಟ್ ನಲ್ ಹೊಡಿಬೇಕು,1
"Kachada pratap simha is also terrorist 😂😂😂😂 vishada beeja bheethutirura 
Evananna desha bittu kalisabeku 😂😂😂😂",1
E lofer atra yen keltira aune obba lofer nimgu buddi ilwa,1
Drbheemjayhi mlahi,0
ಜೈ ಚಕ್ರವರ್ತಿ ಸೂಲಿಬೆಲೆ ಸರ್ ನಿಮ್ಮ ಅಗಾಧವಾದ ಜ್ಞಾನಕ್ಕೆ ಆದರೆ ಕಲಬೆರಕೆ ಹಂದಿಗಳಿಗೆ ಹುಟ್ಟಿರುವ ಕೆಲವು ಹಿಂದೂಗಳು ನಿಮ್ಮನ್ನು ಕೋಮುವಾದಿ ಎಂದು ಬಿಂಬಿಸುವ ಹುನ್ನಾರ ನಡೆಸುತ್ತಿವೆ ಅದರಲ್ಲೂ ಲದ್ದಿ ಜೀವಿಗಳ ಸೋಗಿನಲ್ಲಿ ಇರುವ ನಕ್ಸಲ್ ಉಗ್ರರು ವಿಫಲ ಯತ್ನವನ್ನು ಮಾಡುತ್ತಾ ಬಂದಿರುತ್ತಾರೆ ಕಾಚ ನೆಹರು ಪ್ರಾಯೋಜಕತ್ವದ ಫಕ್ ಮಂಡಳಿಯ ರೈತರು ಹಾಗೂ ಬಡವರ ಮೇಲಿನ  ಅಟ್ಟಹಾಸವನ್ನಾ ವಿರೋಧಿಸದ ಲದ್ದಿ ಜೀವಿಗಳು  ಈಗ ಬಾಯಿಗೆ ಮುಲ್ಲಾಗಳ ಲದ್ದಿಯನ್ನ ಇಟ್ಟುಕೊಂಡಿದ್ದಾರೆ ಸತ್ಯಕ್ಕೆ ಯಾವಾಗಲೂ ಜಯ ಇದ್ದೇ ಇದೆ ಜೈ ಹಿಂದ್ ಜೈ ಶ್ರೀರಾಮ್ ಜೈ ಯೋಗಿ ಆದಿತ್ಯ ನಾಥ್ 🕉️🕉️🇮🇳🇮🇳,0
ಅಬ್ದುಲ್ ರಜಾಕ್ ಗ ಕಿಂತಿಸ್ಟು ಬುದ್ದಿ ಇಲ್ಲ. ಇವನಿಗೆ ಚರ್ಚೆಗೆ ಕರಿಸೋ ನಿಮಗೇನು ಹೇಳಬೇಕು ಅಂತ...,0
",👌☺️,ನ್ಯೀಯಾರು, ಕೇಳೋರು, ಎನ್ನುವ ಅಕ್ರಮ ಕಾಂಗ್ರೆಸ್ನ ಸಕ್ರಮ ಮಾಜಿ ಮುಖ್ಯಮಂತ್ರಿ ಶ್ರೀ ನಾವ್ನೇಜ್ಜ್ ಶ್ರೀ ಸಿದ್ದರಾಮಯ್ಯ ನವರ ರಾಜಕೀಯ ಇರುವರೆಗೂ ಇ ಜ್ಯಾತಿ ವ್ಯವಸ್ಥೆಯ ಪಿಡುಗು ತಡೆಯಲು ಸಾಧ್ಯವೇ ?,☺️,ಹೌದ್ಅವ್ಲೇನ್ರಿ ? 👌☺️👍,ದಯವಿಟ್ಟು  ಬುದ್ಧಿ ಜೀವಿಗಳಿಂದ ಸತ್ಯಾಸತ್ಯತೆಯ ಬಗ್ಗೆ ಚಚೆ೯  ಆಗಲಿ,👍,ಜೈ,ಹಿಂದ್ ಧನ್ಯವಾದಗಳು💐,",0
Neenu Bolimaga,1
Kannada barudulleno papa,1
ತುಣ್ಣೆ ಉಣ್ಣು 😂,1
"E Manuvadi Government 
erothanaka Edu sadyaNE ella....",0
Ivanu baye inda helittirudi yaalla sullu,0
ಹಿಂದು ಮುಸ್ಲಿಂರನ್ನ ಬೇರೆ ಮಾಡುದ್ರೆ ನಿಮ್ ರಾಜಕೀಯಕ್ಕೆ ಒಳ್ಳೆದಾಗಬಹುದು ದೇಶಕ್ಕಲ್ಲ. APJ ಹಂದಿ ಮಾಂಸ ತಿನ್ತಿದ್ರು ಅನ್ನೋ ಕಾರಣಕ್ಕೆ ಅವರೂ ಪಾಕಿಸ್ತಾನ್ ಗೆ ಹೋಗ್ಬೇಕಿತ್ತಾ?,1
"Ambedkar fan's muslim para irode
Nimge tention alva
Neevene helidru jana buddhivanthridhare
Janake gothu nim plans",0
2014-2019 mahayudda😂😂 Enri idu Mr. Prathap.. this is completely ashame on you..!!,1
Superstar Channa hagi Mata nadodiri,0
ಕಾಂಗ್ರೆಸ್ಸ ಪಕ್ಷಕ್ಕೆ ಮತ ಹಾಕಿದ ಹಿಂದೂಗಳು ಅಳುವಂತೆ ಮಾಡುತ್ತಿರುವ ಆಡಳಿತ.,0
"99% ಮುಸ್ಲಿಂ ಇರುವ ದೇಶ ಪಾಕಿಸ್ತಾನ ನೆಮ್ಮದಿ ಇಲ್ಲ
98% ಮುಸ್ಲಿಂ ಇರುವ ದೇಶ ಬಾಂಗ್ಲಾ ದೇಶ ನೆಮ್ಮದಿ ಇಲ್ಲ ಕಿತ್ತು ತೀನೋ ಬಡತನ
100% ಮುಸ್ಲಿಂ ದೇಶ ಇರಾನ್ ಇರಾಕ್ ಆಫಗಣಿಸ್ತಾನ್ ಇತರ ಎಷ್ಟೋ ಮುಸ್ಲಿಂ ದೇಶಗಳು ನೆಮ್ಮದಿ ಇಲ್ಲ ಮುಸ್ಲಿಂ ರೇ ಬಾಂಬ್ ಹಾಕಿ ಅವರೇ ಅವರೇ ಸಾಯಿತಾರೆ..  ಅವರು ನೆಮ್ಮದಿ ಇಂದ ಇರಲ್ಲ ಬೇರೆ ಅವರಿಗೂ ನೆಮ್ಮದಿ ಯಾಗಿ ಬದುಕೋಕೆ ಬಿಡಲ್ಲ",1
Amar hinnu vicharagalu badali,0
Last words nan mind alli erodanne helidri sir.....super sir nivu👌,0
"ನಾನು ದಲಿತನಲ್ಲಾ, ಆದರೆ ನನಗೆ Dr B R ಅಂಬೇಡ್ಕರ್ ಅವರೇ ನಿಜವಾದ ಜೀವನ ಮಾರ್ಗ ದರ್ಶಕರಾಗಿದ್ದರೆ,,ಅವರ ಹಟದ ಜೀವನವು, ನಾನು ಏಕಾಂಗಿಯಾಗಿ ಬದುಕಲು ಸ್ಪೂರ್ತಿಯಾಗಿದೆ, ಒಂದು ಕಲ್ಲು ಉಳಿಪೆಟ್ಟು ತಿಂದು ದೇವರಮೂರ್ತಿಯಾಗಿ ನಿಲ್ಲುವ ಹಾಗೇ, ಆ ಮಹಾನ್ ವ್ಯೆಕ್ತಿ ದೇವರ ಮೂರ್ತಿಯಾಗಿದ್ದಾನೆ,, ನಮ್ಮ ದೇಶದ ಜನ ತುಂಬಾ ದರಿದ್ರ ಜನ,, ಸಂಸ್ಕೃತಿ, ಧರ್ಮ ಕೇಳಿದವರಿಗೆ ಮಾತ್ರ ಭಾರತ ದೇಶ ಅಂದ್ರೆ ತುಂಬಾ ಗೌರವ,, ಆದರೆ, ಇಲ್ಲಿ ಜಾತಿಯ ಹೆಸರಿನಲ್ಲಿ ನಡೆಯುವ ಕೆಲಸಗಳನ್ನು ಯಾರಾದರೂ ತಿಳಿದುಕೊಂಡರೆ,,ಈ ದೇಶಕ್ಕೆ ಬಯ್ಯದವರೇ ಇರುವುದಿಲ್ಲ,, ಈ ದೇಶದಲ್ಲಿ ಯಾವಾಗ ಏಕರೂಪ ನಾಗರಿಕ ಸಂಹಿತೆ ಜಾರಿಯಾಗುತ್ತೋ, ಹಾಗೇ ಈ ದೇಶದ ಯಾವ ಪ್ರಜೆಗೂ ಜಾತಿ ಪ್ರಮಾಣಪತ್ರ ಸಂಪೂರ್ಣ ನಿಲ್ಲಿಸಿಬಿಡುತ್ತೋ, ಆಗ ಮಾತ್ರ ದೇಶಕ್ಕೆ ಸ್ವಾತಂತ್ರ್ಯ ಸಿಕ್ಕ ಹಾಗೇ, ಈ ಜಾತಿ ಧರ್ಮದ ವ್ಯೆವಸ್ಥೆಯಿಂದ ರಾಜಕೀಯದವರಿಗೆ ಮಾತ್ರ ಸಂಪೂರ್ಣ ಲಾಭ ಸಿಗುತ್ತಿದೆ, ಇದರಿಂದ ಮದುವೆ, ಸ್ನೇಹ, ಪ್ರೀತಿ, ಇನ್ನಿತರಗಳಿಂದ ಜನಕ್ಕೆ ಹೇಳಿಕೊಳ್ಳಲಾಗದ ಪ್ರಾಣಹಿಂಸೆಯಾಗಿದೆ, ಎಲ್ಲ ರೀತಿಯ ಜ್ಞಾನವಿದ್ದ ಜನ ಕೂಡಾ, ಈ ಜಾತಿ ಧರ್ಮದ ಸುಳಿಗೆ ಸಿಲುಕಿ, ಸಹಿಸಲಾಗದ ನೋವು,ಅವಮಾನಗಳನ್ನು ಅನುಭವಿಸುತಿದ್ದಾರೆ,,,ಈ ನೋವು, ಅವಮಾನಗಳನ್ನು ಅನುಭವಿಸುವವರಲ್ಲಿ ನಾನೂ ಒಬ್ಬ...✍🤝&🙏",0
ಆಗಲ್ಲ ಮರ್ರೆ...2024 ರಲ್ಲಿ ಬಿಜೆಪಿ ಅಧಿಕಾರಕ್ಕೆ ಬರಲಿ... ಆಮೇಲೆ ನೋಡಿ ಏನಾಗುತ್ತೆ ಅಂತ... ಅವರ ಸಂಖ್ಯೆ ಜಾಸ್ತಿ ಆಗದ ಹಾಗೆ ಕ್ರಮ ಕೈಗೊಳ್ಳುತ್ತೆ...,1
Newu maduwe agedra yawa gate gotagutade,0
ಜಾತಿ ಬಿಟ್ಟು ಹಿಂದೂ ಒಂದಾಗಬೇಕು ಸರ್ ಸರಿಯಾಗಿ ಹೇಳಿದ್ದಾರೆ,0
Yest uneducated udane e veskti,1
ದೇಶದ ಕಾನೂನು ತಿದ್ದುಪಡಿ ಮಾಡಲಾಯಿತು ಅಂದರೆ ಶಾಲೆ ಕಾಲೇಜು ಗಳ ಸಮವಸ್ತ್ರದ ಬಗ್ಗೆ ನೀತಿ ನಿಯಮಗಳನ್ನು ಜಾರಿಗೆ ತರಲು ಸಾದ್ಯವಿಲ್ಲ ವೇ...? ......ಒಂದುವೇಳೆ ಹೊಸದಾಗಿ ರೂಪಿಸಿದರೆ ತಪ್ಪೇ...?,0
ಹಿಂದುಗಳು ಜಾತಿ ಜಾತಿ ಅಂತ ಸಾಯೊದನ್ನ ನಿಲ್ಲಸಲ್ಲ....,1
Lo bervarsi Nan makala Muslim en tintare yava batte haktare hage namaz madtare hege hubba aacharane madtare annodu bittu deshakke deshada janarege walledanna madodura bagge yochne madro deshadalli yashto Jana Anna neeru battey illadey sayutiddare adra bagge yochane madro bervarsi gala thu nimma janamakke,1
"ಜಾತಿ ನಿರ್ಮೂಲನೆಗೆ ಮದ್ದು - ಉತ್ತಮ ಶಿಕ್ಷಣ, ಭಾಷಾ ಸ್ವಚ್ಛತೆ ಮತ್ತು ದೈಹಿಕ ಸ್ವಚ್ಚತೆ, ಆರ್ಥಿಕ ಸಬಲೀಕರಣ....,,",0
Waqf board  madidu Neheru  gandhi. Islamic  country  nlli ella bhararth  dalli waqf board  bekanthe. Immediately  Central  govt  should be  banned with  out  any  reason.,0
Sulibele obba lofer,1
Abbaa nija gothagi bidthanthe,1
100 %. Yallu.   7.     7.    Yelu,1
Edu Ella melajhatyavrind agiddu sir varanagalu upanishttugalu edanna madiddu yella purohitshaigalu,1
"ಈಗಿರುವ ಮುಸ್ಲಿಮರನ್ನೆಲ್ಲರನ್ನೂ ಪಾಕಿಸ್ಥಾನಕ್ಕೆ ಕಳಿಸಬೇಕು,",1
ನಿನ್ನ ಹಿಂದೂ ಧರ್ಮದ ಬಗ್ಗೆ ಬಾಬಾ ಸಾಹೇಬರು ಏನು ಹೇಳಿದ್ದಾರೆ ಅಂತ ಹೇಳಲಿಲ್ಲವಲ್ಲ? ಅದನ್ನು ಕೇಳಲು ನಿಮಗೆಲ್ಲ ಉರಿಯುತ್ತೆ ಅಂತಾನಾ?,1
ಜಾತಿ ವ್ಯವಸ್ಥೆ ದೊಡ್ಡ ಪಿಡುಗು,0
ನಿಮ್ಮ ಅಂತ ವ್ಯಕ್ತಿ ಇದ್ದರೆ ಹಿಂದೂ ಧರ್ಮದ ದೇಶ ಉಳಿಯದು ಅ ಗಾಂಧಿ ಗೆ ಗೂಡ್ಸೇ ಮಾಡಿ ರಿದು ಸರಿನು ತಪ್ರ ಹೇಳಿ?,0
Jai Hindhisthan,0
HE wants to be in the news always and this is nothing but cheap publicity stunt and show off,0
Evna hesru chakrvarty solibely badlu chakrvarty sullubole anta erbeku  evna jotey purti bijapura ella bari swalpa andhbhktru mathra evnu rss BJP ya bhadduge bhashankara,1
ಜೈಹಿಂದ್ ಜಮೀನಿನ ತಂಟೆಗೆಬಂದ್ರೆ ತಲೆಗಳುಉರುಳುತಾವೆ,1
"ಬಿಜೆಪಿಯಲ್ಲಿ ಗಂಡಸು ಮತ್ತು ಅಪ್ಪನಿಗೆ ಹುಟ್ಟಿದವನು ಶ್ರೀ ಪ್ರತಾಪ್ ಸಿಂಹ 🦁 
🔥❤️🔥❤️🔥❤️🤝❤️🔥❤️",0
ಏಗ್ ಪುಂಗ್ಲಿ ಮಾತ್ ಕೇಳ್ರಪ್ಪ ನೂರಕ್ಕೆ  ಒಂದು ಪರ್ಸೆಂಟ್ ಸತ್ಯ ಹೇಳುತ್ತಾನೆ,1
Ley guldu 1914 madalne yuda 1918,1
"Evanella yava sime Muslims, kafeerna kolluntha kuran helide,evaru kogo bangana kannadadalli helali,",0
ಏಷ್ಟು ಸೀಟಗೆದಿಸಿದಿ ಹುಚ್ಚಿ,1
ವಾಟ್ಸ್ ಆಪ್ ಯೂನಿವರ್ಸಿಟಿ ಪ್ರಾಂನ್ಸು ಪಾಲರು,0
Jai hind jai sreeram,0
Yak Andre babasaheb ambedkar avrge gottittu nevu Samarasyavagi balodh illa antha gottittu adke,0
Shikshe jasti ಆಯಿತು rape murder ಮಾಡಿ ದವರಿಗೆ shikshe ne ಆಗಲ್ಲ,1
Anna entha matu nimmadu👌🙏🙏🙏🙏💐,0
Nina appa maneya astiya sule bele,1
"ನಾಯಿಗೆ ಹುಚ್ಚು ಹಿಡಿದಿದೆ, ಇದು ಅಮಾಯಕರನ್ನು ಕಚ್ಚುತ್ತಿರುತ್ತೆ, ಹುಚ್ಚು ಬಿಡಿಸಿ, ಇಲ್ಲಾ ಬೀದಿಗೆ ಬರದ ಹಾಗೆ ಕಟ್ಟಿಹಾಕಿ.",1
"Ega ambedkar heliro mathu beku avru huttidha dina village lli sc,st bitre berevru barolla edikke yen helthira",0
ನಮ್ಮ ದೊಡ್ಡ ದುರದೃಷ್ಟ ಎಂದರೆ ದರಿದ್ರ ಮೂರ್ಖ ಹಿಂದೂಗಳೇ ಕಾಂಗ್ರೆಸ್ ರಾಜಕಾರಣಿಗಳು ಇವರಿಗೆ ದೇಶಭಕ್ತಿ ಎಂದರೆ ಏನೂ ಎಂದು ಗೊತ್ತಿಲ್ಲ ಇವರೆಲ್ಲಾ ಕೋಶಬಕ್ತಿಯವರು .ನಾಳೆ ನಮ್ಮ ಮೊಮ್ಮಕ್ಕಳು ಮರಿ ಮಕ್ಕಳು ಏನಾಗುತ್ತಾರೆ ಎಂದು ತಿಳಕೊಳ್ಳಲಾಗದಷ್ಟು ದಡ್ಡರು ಹೇಗೋ ಏನೋ ಮಾಡಿ ಕಾಂಗ್ರೆಸರಾಜಕಾರಣಿಗಳಾಗಿದ್ದಾರೆ,1
🎉🎉🎉 ಜೈ ಶ್ರೀ ರಾಮ್,0
ಸೂಪರ್ ಬಡಿಗೇರ್,0
"Adhukke nam desha innu udhara aagthane ide, bere desha yella udhara aagthave",0
So called secular hindus are destroying our country,1
Bhavya sikkakondlu 😂😂😂 5:49,0
ಇವರು ಮಾತು ನಂಬೋರೆ ನಿಜವಾದ ಭಯೋತ್ಪಾದಕರು,1
Vimanada rekke hidkondu netadofu,0
ಅವರಿಗೂ ಶಿಕ್ಷೆ ಆಗ್ಬೇಕು. ವೋಟಿಗಾಗಿ ಈ ರಾಜಕಾರಣಿಗಳು ಅವರ ಆಳುಗಳಾಗ್ಗಿದ್ದಾರೆ.,0
Sahodara amar Prasad neevu nijavada manava vaadi. Dhanya,0
"ಜಾತಿ ಜಾತಿ ಎಂದು ಬಡೆಡಾಡೋ, ಅವಿವೇಕಿಗಳು",0
"ಪದಗಳೇ ಹೊರಡು ತ್ತಿಲ್ಲ ನಿಮ್ಮ ವಿಷಯ ಮಂಡನೆ ಯನ್ನು ಹೊಗಳಲು ಹಾಗೂ ನಿಮ್ಮನ್ನೂ ಪ್ರೋತ್ಸಾಹಿಸಲು. ಮಾನವನ್ನನ್ನು ಮನುಷ್ಯನನ್ನಾಗಿಸುವ, ಅಂದ್ರೇ ಮನುಷ್ಟ್ವವನ್ನು ಬಿತ್ತುವ , ಏನಾದರೂ ಆಗು ಮೊದಲು ಮಾನವ ನಾಗು ಎನ್ನುವ ಹಾಗೆ, ಸಾಮಾಜಿಕ ಮೌಲ್ಯ. ಬಿತ್ತುವ ವಿಷಯ ಆಗಾಗ ಮಾಡುತ್ತೀರಿ. ಏಳು ಎದ್ದೇಳು ಗುರಿ ಮುಟ್ಟುವ ತನಕ ಎನ್ನುವ ಹಾಗೆ ಮಾನವ ಮಾನವೀಯತೆ ಯಡೆಗೆ ಬರುವ ತನಕ . ಸಾಮಾಜಿಕ ಕಳಕಳಿಯ vedio ಬರುತ್ತಿರಲಿ  , ಹೃತಪೂರ್ವಕ ವಂದನೆಗಳು",0
Sir next  CM nive,0
ಅಂಬೇಡ್ಕರ್ ಅನ್ನೋ ಮನುಷ್ಯ ಇರದೇ ಇದ್ದರೆ ಇದು ಎಲ್ಲ ಇರತಾನೆ ಇಲ್ಲ🤦‍♂️🤦‍♂️,1
ನನ್ನ ಧರ್ಮ ಅಂಬೇಡ್ಕರ್ ಸಂವಿಧಾನ ಧರ್ಮ,0
E suleamaga bari pungi,1
ಯಾವದೇ ಡಿಗ್ರಿ ಇಲ್ಲದಿದ್ದರೂ ಒಂದೆರಡು ಮಂತ್ರೋಚ್ಛಾರನೆ ಕಲಿತು ಕೇವಲ ಒಂದು ಜಾತಿಯವರೇ ಅರ್ಚಕರಾಗಿ ಆರತಿತಟ್ಟೆಯ ಮೂಲಕ ಹುಂಡಿಯ ಮೂಲಕ ಕೋಟ್ಯಂತರ ಹಣ ಮಾಡುವ ಉದ್ಯೋಗವನ್ನು ಒಂದೇ ಜಾತಿ ಅನುಭವಿಸುತ್ತಿದೆ. ಪಂಕ್ತಿಭೇದ ಮಾಡುವ ಇವರು ಅಷ್ಪೃಶ್ಯನೊಬ್ಬ ಆರತಿತಟ್ಟೆಗೆ ಹಾಕುವ ಹಣವನ್ನು ಸ್ವೀಕರಿಸುತ್ತಾರೆ. ಈ ಜಾತಿ ತಾರತಮ್ಯದ ಬಗ್ಗೆಯೂ ಮಾತನಾಡಬೇಕಿತ್ತು.,1
"ಮೂಲತಃ....ಪ್ರಸ್ತುತ ಪದವಿ ಪಡೆದ esto vidyarthigale tamma manegalalli adaravirudda kandisde niveldage huttinda ದೊರೆತ gowda etc ella sersi ಮತ್ತಷ್ಟು ಜಾತಿ pararagirodu ಒಂದು ಕಡೆ ಆದರೆ.... 


Ellakade antalla ಕೆಲ ಕಡೆ 


ಯಾರು ಜಾತಿ henaru anta karesikollo janare tamma ಜಾತಿ bidoke ready illa sir
ಇದೆ ಇವತ್ತಿನ ಈ ನಮ್ಮ ಭಾರತದ ದುಃಸ್ಥಿತಿ...... 



Ellaru padavidara mathrare agatodagiddare ಹೊರತು ಸಮಾಜಿಕ ಕಳಕ ಳಿ ....ದೇಶ. ದೇಶಅಭಿಮಾನ ಅನ್ನೊ ವಿಚಾರ.... ಎಲ್ಲಿಯೂ ಮುಡುತಿಲ್ಲ 


ಕಾರಣ ವಿದ್ಯಾರ್ಥಿ ಗೆ ಅಂಕಗಳ ಪದವಿ ಶಿಕ್ಷಣ.... 
ಅದೇ ವಿದ್ಯಾರ್ಥಿ ಗಳಿಗೆ ಮೊದಲು ದೇಶ ಅಭಿಮಾನ ತುಂಬಿ ನಂತ ರ ಅದನ್ನು ಕೊಡುತ್ತಇರೊ ಸಮಸ್ಯೆ ಗಳ ಬಗ್ಗೆ ಅರಿವು ನಿಡಿ ನಂ ತರ ಅದಕ್ಕೆ ಕಾರಣ ತಿಳಿಸಿ shiskshitha ವಿದ್ಯಾರ್ಥಿ galannagi madidaraste ವಿದ್ಯಾರ್ಥಿ vrunda ಅದನ್ನ ಇನ್ನಷ್ಟು balistavagi tadiyo ಕ್ರಾಂತಿ untagalu ಸಾದ್ಯ......",0
Ninge yadyoorappana thunne cheepi anythu innu zameerna thunne cheepthiya,1
ಜಮ್ಮು ಕಾಶ್ಮೀರ ನಿಮಪ್ಪ ಮೋದಿಜಿ ಯಾಕಪ್ಪ ಟೆಕೆಟ್ ಕೊಟ್ರು ನಿನ್ನ ಬಾಯಿ ಬಿಜೆಪಿ ಯಂತ ಬಕೆಟ್ ಅಂತ ನಮಗೆ ಗೊತ್ತು... ಮೋದಿಜಿ ಗೇ ಕೇಳು 😂😂😂ಏನು ಅಂತ,0
Neenu nijavglu innu sari hogalla prathap,1
Le mutala baie iede aanta eaan bekadru matad teyalo 😂  2014 2019 2024 thu nin budege benki aaka 🤭,1
Namma uralle jathi vishayadalli thumba novu agide ..jathi annodu hogilla,1
Sir bomai cm sari ededre bjp full bartha ithu,0
"Mental razak, umar sharif mental",1
Oggirimakke Tho Tho Tho Nima janmakke Benkki Haka Bere Kelasa Eelwa Godi Media Dawarige Tho Tho Tho Tho oggibekku,1
ಇದು ಧಂ ಸೂಪರ್,0
"Mohan bhagavath agli, rss agli jathi bidalla, adrinda ne avr ge labba ...",0
35 ಪೆಟ್ರೋಲ್ ಸಿಗುತ್ತೆ ಅಂದಿದ್ಯಲ್ಲ ಎಲ್ಲೋಯ್ತು ಚಿನ್ನದ ರಸ್ತೆಯಾಗಿ ಬರುತ್ತೇನೆ ಎಲ್ಲಿಗೋಯ್ತು ಎಲ್ಲಾದ್ರೂ ಜನರಾದರೂ ಮುಖ ತೋರಿಸುತ್ತಿಲ್ಲ ನಾಚಿಕೆ ಆಗಲ್ಲ,1
ಮೆಂಟಲ್ ಯತ್ನಾಳ್  ನೀವೇ ಹೋಗಿ ಜಮೀರ್  ವಿರುದ್ಧ ನೀವೇ ನಿಲ್ಲಬಹುದು ಬಹುದಲ್ಲ ಅವರ ಕ್ಷೇತ್ರಕ್ಕೆ. ಹೋಗು ನಿನ್ನ ತಾಕತ್ತಿದ್ರೆ ಗೆದ್ದು ತೋರಿಸಲೇ,0
ಸ್ವಲ್ಪ ಕನ್ನಡದಲ್ಲಿ ಅನುವಾದಿಸಿ ಜನರಿಗೆ ತಿಳಿಯಲಿ,0
Handigalu hesike thinnutthave adre muslimaru hesikeyada nimma Dharma nasha madutthade.lafanga sulemagane,1
ನಾಯಿ ಬಾಲ ಡೊಂಕೇ ಸರ್ ನಮ್ಮ ಎನರ್ಜಿ ವೇಸ್ಟ್,0
Jai brp sir,0
👌👌🔥🔥 ನಿಜವಾದ ಮಾತು ಸರ್ ಅವರ ಒಲವು ಬರಿ ಮುಸ್ಲಿಂ ರಾಷ್ಟ್ರಕೆ ಭಾರತ ದೇಶ ಕ್ಕೆ ಅಲ್ಲ ನೀವು ನಿಜವಾದ ಇತಿಹಾಸ ತಿಳಿದುಕೊಂಡಿದೀರಾ 🙏🙏 ಜೈ ಹಿಂದ್ ಜೈ ಭಾರತ ಮಾತೆ,0
"Edh hogli bidri en a sulamkl keldage kunibeka navu,,kansu aste,,indian rules andre rules aste...",1
Nange ondh doubt waqt board andhre yenu ?,0
Ahlla janaru delivery kalu side hutttodu. .,1
correct sir nimga history cholo gottu👍👍,1
"ನಾವು ಶ್ರೇಷ್ಠರು ಎಂಬುವರು ಕನಿಷ್ಠರಾಗುವ ಕಾಲ ದೂರವಿಲ್ಲ, ಬದಲಾದವರು ಮನುಷ್ಯರ ಪಟ್ಟ ಧರಿಸಿರುತ್ತಾರೆ, ಬದಲಾಗದವರು ಅದೇ ಜಾತಿ ವ್ಯವಸ್ಥೆಯ ರಾಕ್ಷಸರಾಗಿರುತ್ತಾರೆ.",0
ಜೈ ಬಸವನಗೌಡ ಪಾಟೀಲ್ ಯತ್ನಾಳ್ ಹಿಂದೂ ಹುಲಿ 🐯🐅 ಹಿಂದೂ ಧರ್ಮದ ರಕ್ಷಕ❤🕉️🚩🚩,0
Hindu darma itkondu keelu rajakiya bidabeku ...nijavagiyu hindu darma kapadi pramanikathe inda duruddesha nimma swartha irkondalla,0
"ನೀ ಮರೆತು ಬಿಡು ಜಾತಿಯತೆ
ನಾ ಬಿಡುವೆ ಮೀಸಲಾತಿ...🙏🙏 ಅದ್ಭುತವಾದ ವಿಚಾರವನ್ನು ತಿಳಿಸಿದ್ದಕ್ಕೆ ತುಂಬಾ ಧನ್ಯವಾದಗಳು ಅಮರ್ ಸರ್...👍💛♥️.. ಡಾಕ್ಟರ್ ಬಿ ಆರ್ ಅಂಬೇಡ್ಕರ್  ಕುವೆಂಪು.ಬಸವಣ್ಣ...✊️🙏",0
Village alli jasthi edhe,0
Ivnu yava kunni maarre 420leader itkondu ishtondu meritane rappist loafer nan maga 😮,1
Le ninga dharmma mukke agidare ninu pakishtanake hogrle,1
Komu wadi BJP adaddu nimmanta nayi galinda. Gandhi ji yawarannu  murder madida Godse yawarannu niu nimma guru anata bhavisuttiri alla ade komuwadi,1
ಹಿಂದಿನ ಜಾತಿಗಳ ಜತೆಗೆ ಆದುನಿಕ ಕಾಲದಲ್ಲಿ ಸಿದ್ದಣ್ಣ 46ಹೊಸ ಜಾತಿನ ಈಗ ಸೃಷ್ಟಿ ಮಾಡಿದ್ದಾರೆ l,0
Yes We All Same In Sangha 🙏🇮🇳,0
ಕಾಂಗ್ರೆಸ್ ಗೆ ಓಟು ಹಾಕಿದ ಹಿಂದುಗಳು ತಮ್ಮ ತಾಯಿಗೆ ಮಾಡಿದ ದ್ರೋಹಿಗಳು .,1
Jai yathnal,0
"ಮಹಾನ್ ಸಂತರು  , ಸ್ವಾತಂತ್ರ್ಯ ಹೋರಾಟಗಾರರು ಜಾತಿ ಜಾತಿಗಳಿಗಾಗಿ ಬಡಿದಾಡಿದಾಡಿಲ್ಲ ದೇಶಕ್ಕಾಗಿ ಪ್ರಾಣ ತ್ಯಾಗ ಮಾಡಿದರು.

ನಾನು ಜನ್ಮದಿಂದಲ್ಲ ನಾನು ಜ್ಞಾನ ದಿಂದ  ಬ್ರಾಹ್ಮಣ 
ಪರಾಕ್ರಮ ದಿಂದ ಕ್ಷತ್ರೀಯ 
ವ್ಯಾಪಾರದಿಂದ ವೈಶ್ಯ , ಸ್ವಚ್ಚತೆ ಇಂದ ಶೂದ್ರ .ನಾನು ಹೆಮ್ಮೆಯ ಹಿಂದೂ.🚩🕉️",0
Heng pungli is back 🤣🤣🥳🥳,1
Le koti simba ambaitkèr awara photo tagyi antaga yell hoggiddu le ghup chudigi,1
"ನಮ್ಮವರುಗಳಿಗೆ ಮನೆಮನೆಗೆ ತಲವಾರು ಬಂದ ಮೇಲೆ, ಇಲ್ಲವೇ ತಮ್ಮ ಬುಡಕ್ಕೆ ಬೆಂಕಿ ಬಿದ್ದ ಮೇಲೆ ನಿದ್ದೆಯಿಂದ ಹೇಳುವುದು.",0
"nijawalu ninu book odila
Nin Rajikeeya madoke eno ondu Heelabeda (ninu heelida muslim   Pakistan kalisee ata heli  ela) 25 koti muslim edare  Eliyawaregu yawde jagal badila nin ata 3rd class Rajakeeya  enu nama deesha (India) edene erodu",1
Avanalla ninu😅​ @change_your_mindset1 ,0
"Jai sriram
Jai Chakravarthy sulibele
Jai modi ji
Jai yogi ji
Bharath maatha ki jai❤❤❤❤❤",0
"E media avra trp goskara, dharmagala madye jagala tandu idtidare",0
Missionary bagge mathadthiralla nivu estu olle karya madidhiri  sir 1st time shale .hospital idhannella nirmanisi uchithavagi seeve madidhare avra bagge helbedi  yeega nim government lancha thogond drama madthira,1
"ಜೈ ಹಿಂದೂ ಜೈ ಕನ್ನಡಿಗರು ಜೈ ಭಾರತಾಂಬೆ ಜೈ ಇಂಡಿಯನ್ ಆರ್ಮಿ
ನ್ಯೂ ಬುರುಕಿ ಹಾಕಬೇಕೆಂದರೆ
ಹೋಗಿ ಪಾಕಿಸ್ತಾನಕ್ಕೆ
ನಮ್ಮ ದೇಶದಲ್ಲಿ ಬುರುಕ  ಹಲೋ ಇಲ್ಲ ಅನುಮತಿ  ಮತ್ತೆ ಕೊಡುವುದು ಇಲ್ಲ",1
Suoer ri correct andte,0
ನಮ್ಮ ಸರ್ಕಾರ ಮದಲು ಪಾಠ ಕಲಿಯಲಿ  ಒಂದೇ ದೇಶ ಒಂದೇ ಕಾನೂನು ಬರಲಿ,0
Hoodike maadoku idakku en sambadha idiyo hombaaa,0
ನೀವು ಅದ್ಬುತ ವಾಗಿ ವಿವರಿಸಿದ್ದಾರೆ 🙏🙏🙏🙏ನಿಮಗೆ ತುಂಬು ವೃದಯದ ಧನ್ಯವಾದಗಳು ಜಾತ್ಯಂತರ ಅನ್ನುವ ಅದ್ಭುತ ಮಾತು ಬಳಸಿದ್ದೀರಾ ನಿಜ ಈ ಧರ್ಮದಲ್ಲಿ ಅದು ಇದ್ದಿದ್ದರೆ ಮತಾಂತರ ಅನ್ನುವ ಶಬ್ದವೇ ಈ ದೇಶದಲ್ಲಿ ಹುಟ್ಟುತ್ರಿರಲಿಲ್ಲ. 👍👍,0
"ಮೊದಲ ಮಹಾ ಯುದ್ಧ ಆಗಿದು  28 Jul 1914 – 11 Nov 1918
2014 ಅಲ್ಲಾ ಬಾಸ್",0
"ಕೊಲ್ಲಬೇಕೆಂಬ ಉದ್ದೇಶದಿಂದಲೇ ಮತ್ತೊಬ್ಬನನ್ನು ಮೋಸದಿಂದ ಕೊಂದವನನ್ನು ನನ್ನ ಯಜ್ಞವೇದಿಯ ಬಳಿಯಿಂದಲೂ ಎಳೆದು ಅವನಿಗೆ ಮರಣಶಿಕ್ಷೆಯನ್ನು ಕೊಡಬೇಕು.
ವಿಮೋಚನಕಾಂಡ 21:14",1
2019-24 ಏನಾಯ್ತು?,0
ಶಿಕ್ಷಣದ ಕೊರತೆ,0
Dj halli kj halli nyaya 😢elli,0
ಕೇಂದ್ರ ಸರ್ಕಾರದ ಹೋರಾಟ ಮಾಡಬೇಕು ಕೇಂದ್ರ ಸರ್ಕಾರಕ್ಕೆಲ್ಲ ಬ್ಯಾನ್ ಮಾಡಲೇಬೇಕು,0
Wakf illa andare ninu yenu madtidiya,0
"1)A +.   2)A --   3) B+  4)B--
 5)AB +. 6)AB -7)O+.  8) O -
ಈ ಪರೀಕ್ಷೆ.. ಮತ್ತು ಗುಂಪು ಆಧಾರದಲ್ಲಿ ವರ್ಗೀಕರಣ ಮಾಡಿದರೆ ಮಾತ್ರ ಸಮಸ್ಯೆ ಬಗೆಹರಿಯುತ್ತದೆ
ಆಪತ್ಕಾಲದಲ್ಲಿ ಯಾವ ಧರ್ಮದ ರಕ್ತ
ಎಂದು ಕೇಳದೇ ಜೀವದ ಉಳಿವಿಗಾಗಿ
ಏನನ್ನೂ ನೋಡದೆ ಒಪ್ಪುವಂತೆ
ಜಗತ್ತಿನಲ್ಲಿ ಶಾಂತಿ ನೆಲೆಸಲಿ",0
Gandhi ji savige karana aada rss nishedisabeku anta patelaru helidaralla nimma rss ban madoke agutta rss  hindutva thihasa deshakke gottu brithishara boots neekiddu neeve allave  ninna pungli maatu kivili dasavala utkondirige helu,1
ಆರ್ಯರನ್ನು ಓದ್ದು ದೇಶದಿಂದ ಓಡಿಬೇಕು ಆಗ ಸೇರಿಹೊಗುತ್ತದೆ,1
Dayavittu yellaru 🙏 manushya jathiadagamathra bharatha deshadda belavaningge and prathiyoba bharathiyarallu  love💓and peace ☮️praramba vaguthadde,0
Evanu yar boda,0
EDU KARNATAKA DA # 2 NE BAAYI BACCHILU GOTTAALVAAA,0
ಡಬಲ್ ಸೂಪ್ಪರ್ ಸರ್. ಜಾತಿ ಪದ್ಧತಿಯಿಂದ್ ಪ್ರಪಂಚದ ಸೂಪ್ಪರ್ ಪವರ್ ಆಗುವ ಭಾರತವನ್ನು ಮುನ್ನಡಿಸುವ ಭಾರತ ಜನರಿಗೆ ತಿಳಿಸಿದ್ದಾಕ್ಕಾಗಿ  ಹೃತ್ಪೂರ್ವ ಧನ್ಯವಾದಗಳು ಸರ್ 👍🙏💚💐,0
ಅದ್ಭುತ ಮಾತುಗಳು ಸರ್ ❤ ಈ ನಿಮ್ಮ ವಿಚಾರಗಳು ಎಲ್ಲರ ಮನದಲ್ಲಿ ಮೂಡಲಿ ಹಾಗೇ ಈ ಕ್ರಾಂತಿ ನಮ್ಮ ಯುವ ಪೀಳಿಗೆ ಇಂದ ಶುರುವಾಗಲಿ ಜೈ ಹಿಂದ್ ಜೈ ಭಾರತ ❤🤝,0
😂 ni DNA test madsko kandaa😂,0
"ಬೇರೆ ರಾಷ್ಟ್ರಗಳಲ್ಲಿ ಕರಿಯರು ಮತ್ತು ಬಿಳಿಯರು ಅನ್ನೋ ಭೇದ ಭಾವ, ಹೀಗೆ ಒಂದೊಂದು ಕಡೆ ಒಂದೊಂದು ತರ ಭೇದ ಭಾವನೆ, ಸಮಾನತೆ ಎಲ್ಲಿದೆ?",0
ತುಂಬಾ ಧನ್ಯವಾದಗಳು ಸರ್ 🙏💙💙💙💙💙💙💙💙💙💙💙💙 ಜೈ ಭೀಮ್,0
"ನಾನು ದಲಿತ, ಗಂಡು ಮತ್ತು ನಮ್ಮ ಹೆಣ್ಣು ಮಕ್ಕಳ್ಳನ್ನ ಭಾರತೀಯರಾದ ಯಾವುದೇ ಜಾತಿಯ ವಿದ್ಯಾವಂತರೊಂದಿಗೆ ಮದುವೆ ಮಾಡಲು ರೆಡಿ ಇದ್ದೇವೆ, ಆದರೆ ಈ ಬೊಗುಳೆ ಬಿಡುವ ಜನರಿಗೆ ಆ ಮನಸ್ಥಿತಿ ಇದೆಯಾ? ದಲಿತರೆಂದರೆ ಮೂರ್ಖರು ಅಲ್ಲ ದಡ್ಡರೂ ಅಲ್ಲ ಸಮಾಜದ ಸಮಾನೆತೆಗಾಗಿ ಯಾವುದಕ್ಕೂ ರೆಡಿ, ಜೈಭೀಮ್, ಜೈಭಾರತಾಂಭೆ '",0
❤🙏 ಜೈ ಹಿಂದೂ,0
😮ನಿನ್ ಪಾಕ್ ಗ್ ಗೇ ಹೋಗೋ,1
ಜೈ ಭೀಮ್ ಜೈ ಯತ್ನಾಳ 🚩🇪🇺,0
"ಯತ್ನಾಳ್ ಸಾಹೇಬ್ರೆ,ಜಮೀರ್ ಅಹ್ಮದ್ ಅವರು ನೀವು ಹಿಂದೂಗಳು ಅವರು ಮುಸಲ್ಮಾನರು ಅಂತ ಯಾವತ್ತೂ ಬೇದಭಾವ  ಮಾಡಿಲ್ಲ ,ನೀವು ಹಿಂದು ಮುಸಲ್ಮಾನರ ಮದ್ಯೆ ಹುಳಿ ಹಿಂಡೋ ಕೋಮುವಾದಿಗಳು ನೀವು ನಿಮ್ಮ ಪ್ರಚೋದನಕಾರಿ ಹೇಳಿಕೆಗಳಿಂದ ದೀನದಲಿತರು ,ಹಿಂದುಳಿದವರು , ಅಲ್ಪಸಂಖ್ಯಾತರು ಮಾತ್ರ ಹೊಡೆದಾಡಿ ಸಾಯಿತಾರೆ ಹೊರತು ನಿಮ್ಮ ಅಣ್ಣ ತಮ್ಮಂದಿರರಾಗಲಿ, ಬಂಧು ಬಳಗವಾಗಲಿ ಹೊಡೆದಾಡಿ ಸಾಯುವುದಿಲ್ಲ.ನಿಮ್ಮ ರಾಜಕೀಯದ ಬೇಳೆ ಬೇಯಿಸಿಕೊಳ್ಳುವದಕ್ಕೆ ನಾವು ಬಲಿಪಶುಗಳಾಗಬೇಕು.ಹಿಂದುತ್ವಕಾಗಿ ಪ್ರಾಣ ಕಳೆದುಕೊಂಡವರಿಗೆ ನೀವು ನ್ಯಾಯ ಕೊಡಿಸಿದ್ದೀರ ನಿಮ್ಮ ಆತ್ಮ ಸಾಕ್ಷಿಯಾಗಿ ಹೇಳು, ನಿನಗೆ ಅದೇ ದಮ್ಮು ತಾಕತ್ತು ಇದ್ರೆ ಜಮೀರ್ ಅವರ ಕ್ಷೇತ್ರಕ್ಕೆ ಹೋಗಿ ಎಲೇಕ್ಷನ್ನಿನಲ್ಲಿ ಗೆದ್ದು ಬಾ ನೋಡೋಣ.",0
ಯಾಕೆ ಧಮ್ ಇಲ್ವಾ ಅವನಿಗೆ !,0
Huccha magne namaj maneyali madu  Road nali  namaj yeke trafik madi Road nali yeke   madtira   Nimma   God nimage  bayutane,1
Hellaru hondhe sir,0
ಜಾತಿ ಜಾತಿಗಳಿಗಾಗಿ ಬಡಿದಾಡುವ ಬದಲು ದೇಶಕ್ಕಾಗಿ ಹೋರಾಡುವವರೇ  ನಿಜವಾದ ಹಿಂದೂ ಗಳು _ಸ್ವಾಮಿವಿವೇಕನಂದರು ..,0
ಕಾಂಗ್ರೆಸ್ ಪಕ್ಷ ಮುಸ್ಲಿಮರ ಪಕ್ಷ ಒಕ್ಕಲಿಗರು ನಾವು Vote ಹಾಕಿ ತಪ್ಪು  ಮಾಡಿದ್ದೋ DK Shivakumar CM ಆಗುತ್ತಾನೆ ಅಂತ,1
"ಅಮರ್ ಅವ್ರೆ, ನೀವು ನಿಮ್ಮ ಈ ವಿಡಿಯೋ ವನ್ನ ಮತ್ತೊಮ್ಮೆ ನೋಡ್ಕೊಳ್ಳಿ. ನಿಮ್ಮ (ಜಾತಿ ಸೂಚಕ ಹೆಸರನ್ನ ತೆಗೆದುಕೊಳ್ಳುವ) ಅಭಿಪ್ರಾಯ ಮೊದ್ಲು ನಿಮ್ಮಿಂದಾನೆ ದೂರ ಆಗ್ಲಿ. ಮೊದ್ಲು ನೀವು ನಿಮ್ಮ ಹೆಸರ ಹಿಂದೆ ಇರೋ ಪ್ರಸಾದ್ ಅನ್ನೋ ಪಡವಣ್ಣ ತೆಗೆದು, ಇಲ್ಲಿಂದ ನಿಮ್ಮ ಜಾತಿ ಶ್ರೇಷ್ಠತೆಯನ್ನ ದೂರ ಗೊಳಿಸಿ",0
Neen yav sule handige huttidiya,1
Chakravarti sulibele 🙏💐🌹 jai Sri Ram,0
ಅವಿವೇಕ ಮನಸ್ಥಿತಿಯ ಯತ್ನಾಳ್,0
Jai sriram 🚩🚩🚩🚩👍👍👍,0
ಉತ್ತಮವಾದ ಮಾತುಕತೆ ನೆಡೆಸಿದ್ದೀರಾ. ದನ್ಯವಾದಗಳು. ನಾವು ಭಾರತೀಯರು ಮರೆಯಬಾರದು.,0
"CHANNAPATNA JANATHE  ⚠️ ALERT ...! mathanda hindu 🕉  drohi galu ondagiddare ,yechara Mathanda CONGRESS  SOLISI",1
ಏನೇ ಆಗಲಿ ಆ ಶ್ರೀಹರಿಯ ಹೃದಯ ದಲ್ಲಿ ಎಲ್ಲರಿಗೂ ಸ್ಥಾನವಿದೆ❤❤❤❤❤,0
"ಇವರು 3 ಶುಧ್ಧ ಸುಳ್ಳು,ಇವರ ಮತ ಕಲಿಸಿದೆ ಅಲ್ಲಾ ನಾ ನಂಬದವರು ಬದುಕಲು ಅರ್ಹರಲ್ಲ ಅವರನ್ನು ಹೊಡಿ,ಬಡಿ ಕೊಲ್ಲಿ ಇದೆ ಮದರಾಸ್ ಶಿಕ್ಷಣ ಹೇಳಿಕೊಡೋದು 🤧🤧🤧🤧👿👿👿🐷🐷🐷🐷😡😡😡",1
ಸರ್ ಹಾಗಿದ್ದರೂ ನೀವು ಗೊಡಸೇ ಗೆ  ಪೂಜಿಸತಿರಾ ಇದಾವ  ಅಜೆಂಡಾ,1
"Nimmanta nijawada nayakaru beku nammadeshada tale hidiyokke 
🇮🇳🇮🇳🇮🇳🇮🇳🇮🇳🇮🇳 Desha na 🚩 desha madakke hortiro Desha drohi galu 
Sotantra horatada samaya dallie RSS Nauru yen madru anta yellarigu gottila antn kanutte 🇳🇿 English aura tale hidiyo kelsa madi deshdrohi aanta patta katkondidu iro RSS na yejent agi kelsa mado gulamru E pepar sima 
Pakistan Pakistan antiralla yake hogbeku E desha namdu bekadre niu hogi 
🇳🇿 English to English aura ⛸️ butanna nekiddu niu tane deshadrohi kelsa madiddu niu tane niu hogi desha bittu 🇳🇿🇳🇿🇳🇿🇳🇿 English aura deshakke hogi aurgye tane tale hidri 
Madiddu mosa baiyellie desha bakti 
Nataka lo nimma nataka nadiyolla 
Namgye pakistan gye hogri  anta helokke yawa sulemagangu adikara illa 
🇮🇳🇮🇳🇮🇳🇮🇳🇮🇳🇮🇳🇮🇳",0
 @zuhra2391   corettagi eliddiraa😂,0
"ಧರ್ಮ ಉಳಿಬೇಕು ಅಂದ್ರೆ ಇಸ್ರೇಲ್ ರೀತಿ ದೇಶ, ಹಿಂದೂ ಧರ್ಮ ಎರಡನ್ನು ಪ್ರೀತಿಸುವ ನಾಯಕ ಇದ್ದಾರೆ ಮಾತ್ರ ದೇಶ ಉಳಿಯುತ್ತೆ ಜೈ ಹಿಂದ್ ಜೈ ಭಾರತ 🇮🇳❤️❤️❤️❤️",0
 @shaikusman536   ramnatha kovind yaru karjola yaru  jagajeevan ram yaru ambedkar samvidhna opokondiro ru yaru gandhi yaru patel yaru ninge gotilla halli yalli maramma n devadtandalli pooje madoru avar beedli ero devastandalli pooje madoru dalitre dalitru andre yaru helappa swalapa namma acharane yalli diversity edde we are not following bilndly books adakke tapiro manu smruti suttvi takat ayat allah nambde erovana kollu anta helo nin quran sudokke,1
Ley yatnal tinu tena darma davare gey yanu validu madieya holu  ninu bari sulu hiludo hindu Muslim anta ot mad a key toooo,1
Rss ನವರು ದೇಶದ ದ್ರೋಹಿಗಳು,1
Evanu yaru helakke,1
ಜೈ ಶ್ರೀ ರಾಮ್ ಬಿಜೆಪಿ ಸರ್ಕಾರ ಚೆನ್ನಾಗಿದೆ,0
Tumba chennagide  speech sir,0
"ಶಾಲಾ ಕಾಲೇಜು ಗಳಲ್ಲಿ ಜಾತಿ ಆಧಾರಿತ ಮೀಸಲಾತಿ, scholarship, ಡೊನೇಶನ್ ಎಲ್ಲವೂ ಇರುವಾಗ... ಮಕ್ಕಳ ಮನಸ್ಸಿಂದ ಅದು ಹೇಗೆ ತಾನೇ ಸಂಪೂರ್ಣವಾಗಿ ಜಾತಿ ಭಾವನೆ ಕಿತ್ತು ಹಾಕಲು ಸಾಧ್ಯ ಸರ್...",0
ಬಿಜೆಪಿ   ನಾಯಕರ ಬೂಟು ನೆಕ್ಕುವ ನಾಲಾಯಕ ಅಜಿತ್,1
ಹುಟ್ಟಿದ ಸಮಗ್ರ ದೇಶದ ಮಕ್ಕಳು ಈ ದೇಶದ ಏನೇ ಶಿಕ್ಸಣ ಕ್ಕೆ ಸಂಬಂದಿ ಸಿ ದ ಜ್ಞಾನ ವನ್ನ ಆಚಾರ್ ವಿಚಾರ ಭಾರತೀಯ ಶಿಸ್ತು ದೇಶದ ಪ್ರೇಮ ಭದ್ರತೆ ಗೌರವ ನೀತಿ ಸಂಪೂರ್ಣ ವಾಗಿ ತಾರತಮ್ಯ ವಿಲ್ಲದೆ ನಮ್ಮ ಮಕ್ಕಳು ಎಂದು ಕೇಂದ್ರ ಸರಕಾರ ಆದಿಯಾಗಿ ಗ್ರಾಮ ಪಂಚಾಯತ್ ತನಕ ಏಕ ಮುಖವಾಗಿ ಬದ್ಧತೆ ಯಿಂದ ನಿಯಮ ಅಥವಾ ಖಾನೂನ್ ತರಬೇಕಾಗಿದೆ ಆಗ ಮಾತ್ರ ಸಾಧ್ಯ,0
ಭಾರತ ಜಾತಿ ಬಿಟ್ಟರೇ ಬಲಿಷ್ಠ. ಭಾರತ ಅಗುವುದರಲ್ಲಿ ಯಾನ ಅನುಮಾನ ಇಲ್ಲಾ,0
Kari toppi bittu ulideradu bele toppi swataha terrorst galu.. ide mulla provoke maadi hubli police station suttirodu 😮,1
ಜೈ ಹಿಂದ್ ಜೈ ಶ್ರೀ ರಾಮ್ ಜೈ ಬಿಜೆಪಿ ಜೈ ಯತ್ನಾಳ್,0
ಬಿಷ್ಣೊಯಿ ತರ ತಯಾರಾಗಿರಿ ಹಿಂದೂ ಧರ್ಮದವರೆ,0
Nim sc avru seere eleda antha sumne case aakidru nammuralli adu miss use taane,0
"Jaati hodare brastachara hogutta  jaati hodre yallaru
Ppramanikaragi iruttara  
Deshadalli kalaha  jagala
Looti kallatana kole sulige
Hogutta haagadre jaati tagibahudu",0
​ @NilafAhmad-sc3mr ಮೊದಲು ನೀವು ಮದರಾಸ್ ಚಾಪ್ ಗಳು ಮಾಡಿಸಿ🤧🤧🤧🤮🤮🤬🤬🤬👿👿👿😡😡,1
 @anilrai6875  yo guru... Debate mado haagidhre sariyagi maathadu... Nim culture yenu antha niv mathado bhashele goththaguththe....,1
"Sooli magne,muslimru tax kattutthare",1
ಎಚ್ಚರವಾಗು ಹಿಂದೂ ಇಲ್ಲಾಂದ್ರೆ ವಿನಾಶ ಖಂಡಿತ 🇮🇳🕉️🚩🎪🔥🔥,0
Hatts off sir kuvempu avra mathu school makkla thilsi mundina generation adru navu kannda samasya nuv nodadu beda nan ondu company nalli work madtha idde nan caste gothadakshnanada inda nange koda treatment bere aythu still nav yestu dina sullu heli jeevana madbeku,0
Avinashlowda yako tikauri 😂😂😂 nima mane ge benki akbekethu aavaga Channgieruthe 😂,1
ಬಿಜೆಪಿ ಸರ್ಕಾರಿ ಫೇಲ್ ಆಲ್,0
ಕಾಂಗ್ರೆಸ್ ಬೊಳಿಮಕ್ಕಳು ಶೋಕ ಬಂದಿದೆ,1
ಹಿಂದೂಗಳೇ ದಯವಿಟ್ಟು ಈ ಜಾತಿ ಪದ್ಧತಿಯನ್ನು ಅನುಸರಿಸಬೇಡಿ 🕉️🚩 ಹಾಗಾದರೆ ಮಾತ್ರ ನಮ್ಮ ಧರ್ಮ  ಉಳಿಯುತ್ತದೆ 🕉️🚩😊 2:48,0
ಜೈ ಪಿಜೆಪಿ,0
ಜೈ ಬೀಮ್ ನಮ್ಮ ದೇವರು,0
ಇದು ಮತ ಓಲೈಕೆ ಅಷ್ಟೇ,0
ಜೈ ಬಿಮ್ ಅಲ್ಲ ಲೇ ಮೀಸಲಾತಿ ನೆಕ್ಕೋರ್ ಅಂತ,0
Ugiri avlige mokke maana maryade elladavalu thoo nin yogyathege next lady terror evle,0
Che ಅವ್ರು ಮಾಡಿದ್ದೂ ತಪ್ಪು ಇದೆ.. Adre ಈತರ ಶಿಕ್ಷೆ ಬೇಕಿರಲಿಲ ಮನೆಗೆ ಬೆಂಕಿ ಅಚ್ಚಿದ್ರೆ ಅವರಗಳ ಅತ್ರನೇ ಮನೆ ಕಟ್ಟಿಸಿಕೊಡ್ಬೇಕಿತ್ತು ಅದು ಬಿಟ್ಟು ಜೀವವಧಿ ಶಿಕ್ಷೆ ನಾ,1
"@ bhava

Neevu obba police tara matadi",0
Arun ediot math kaltidaane aste vidye enu anta tildilla,1
ಜೈ ಪ್ರತಾಪ ಸಿಂಹ 🚩👑ಸಿಂಗಲ್ ಸಿಂಹ 🚩ಜೈ ಶ್ರೀ ರಾಮ್ 🚩👑,0
ವೆರಿ ಗುಡ್ ಅಬ್ದುಲ್ ರಝಾಕ್ ಅವರೇ,0
ವಕ್ಫ್. ನಮ್ಮ್. ದೇ ಶ ದಿಂದ. ಓಡಿಸಿ,0
"ನಿನ್ನ dum ಇದ್ರೆ chamaraj ನಗರದಲ್ಲಿ ನಿಲ್ಲು, ಯಾರ ಊರಲ್ಲಿ ಅವರೇ ರಾಜರು, ಒಂದು ಊರಿನ ರಾಜ ಇನ್ನೊಂದು ಊರಿಗೆ ಪಕೀರ್ ಅನ್ನೋದು ನೀನು ಮರಿಬೇಡ basanna",0
​ @FarhanshariffShariff ninage bullana krape irutte adane togo,1
"ಜೈ ಭೀಮ್... ಜೈ ಬಸವ.... ಜೈ ಶಿವಾಜಿ... ಅನ್ನೋ ಜನಕ್ಕೆ ಒಂದು ಮಾತು, ವ್ಯಕ್ತಿ ಮುಖ್ಯ ಅಲ್ಲ ವ್ಯಕ್ತಿತ್ವ ಮುಖ್ಯ . ಅವ್ರ ಮೂರ್ತಿ ಇಡೋದು ಜೈಕಾರ ಹಾಕೋದು ಅವ್ರ ಜನ್ಮ ದಿನಕ್ಕೆ dolbi ಮತ್ತು ಸೌಂಡ್ box ಹಚ್ಚಿ  ಕುಣಿಯೋಡು ಅವ್ರನ್ನ ಗೌರವಿಸುವ ರೀತಿ ಅಲ್ಲ ಅವ್ರ ವ್ಯಕ್ತಿತ್ವ palisodu ಮುಖ್ಯ",0
"To abolish the caste system in india 
The Indian government should create a new caste as visha manava for those who married intercaste and allocate a special privilege to those community 
Then we can see a ಬಸವ ಲೋಕ🙂.",0
1:27  ಮೊದಲನೇ ಮಹಾ ಯುದ್ಧ 2014 😂😂,0
Hindugale oggatagi,0
"Yellivargu hindhu, muslim,anno jaathi jagala erutto, allivargu melu keelu yemba paddathi kuda tholagalla edhu satya 💯💯💯💯💯💯💯💯",0
Agadre samvidana na na kithkoltara avru,0
Simha ninna thra kej ninda outside bitre yella hindu muslim Christian  nannu thinthiya😀😃😃😃,1
ಮಂಗನಿಂದ ಮಾನವ ಅಂತಲ್ಲ ಸರ್ ಅದು ಹೇಗೆ,0
ಇಂತಹ ತೀರ್ಪು ಕೊಟ್ಟ ನ್ಯಾಯಾಧೀಶರಿಗೆ ನಮ್ಮ ಅಭಿನಂದನೆಗಳು ಬಹಳ ಸಂತೋಷವಾಗಿದೆ 🙏🙏🙏🙏🙏,0
Oye sule magane dum eidre single baru sule magane,1
ಜಾಗೃತ ರಾಗೋಣ  ಹಿಂದೂಗಳೇ... ಜೈ ಶ್ರೀ ರಾಮ 🙏🙏,0
Howdu huliya ❤😊,0
Nenu baa nin mane auranna karkond baa nin thamma appa anna yaridru karkond baa,1
ವಕ್ಫ್ ಬೋರ್ಡ್ ತಂದ ಮೂರ್ಖ ಯಾರು?,1
"ಎರಡು ಸಾವಿರರದ ಅಲ್ಲ ಸ್ವಾಮಿ
ಸಾವಿರದ ಒಂಬೈನೂರ ಅಂತ ಹೇಳಿ.",0
Nenu nimmappa huttidre kalso,0
Nin hendatihi siddarama  jamir hattat enu,1
"ಹೆಸರಿಗೆ ಜಾತಿಯ ಟ್ಯಾಗ್ ಹಾಕೊಂಡಿರೋ ಸೋ ಕಾಲ್ಡ್ ಪೀಪಲ್ಸ್ ಯಲ್ಲಿದ್ದೀರಾ ಒಮ್ಮೆ ಬಿಡುವು ಮಾಡ್ಕೊಂಡು ಇ ವೀಡಿಯೊ ನೋಡಿ ,",0
HINDU GALLA KATE SARVA NASHA DALITA RU HINDU      GALLAA JAI BHEEM JAI MUSLIM JAI KRISCHAN JAI BAHIJAN JAI SAMVIDDAN ✍️✍️✍️✍️💪💪💪🙏🙏🌹🌹,0
"Ella jatiya boys hostel alle ella jatiyaru erbeku .. but lingayts hostel alle lingayts ge aste avakasha 
Brahamins hostel alle brahmins ge aste yake ? N again u ask for talent based reservation!  😂but kurubru ,viswakarma ,Idiga,vaishya, sc,st n bere samudaya gala hostel alle ellrugu avakasha ede ? E taraTammya yake ? N bjp cm lingayats e agbeku bere janangakke ella ? Yake ?",1
Entha nan maklana yenu kelthira,1
ಇದು ನೂರಾಕ್ಕೆ ನೂರು ನಿಜ,0
ಅಬ್ವಿರ್ದಿ ಮಾಯ😀😀😀,0
Sulemaganne razag bolimagane,1
"Nimge bere kelsane ilva, 
Kelsa madokke time illa ansutte, 
Namgu nodi nodi sakagide. 
Nimma kelsa mathadbeku",1
"ಕಣ್ಣು, ಕಿವಿ, ಬಾಯಿ ಎಲ್ಲ ಮುಚ್ಚಿಕೊಂಡು ಇರುವ ನಿರಭಿಮಾನಿ, ಜುಜುಬಿ ಕಟಾಕಟ್ ದುಡ್ಡಿಗೆ ಜೊಲ್ಲು ಸುರಿಸುವ ಹಿಂದೂಗಳು ಈಗಲಾದರೂ ಎಚ್ಚತ್ತುಗೊಳ್ಳುತ್ತಾರೆಯೆ? ನಾಚಿಕೆಯಾಗ್ತಿದೆ.",0
Sullubele illa,1
Nim appa yatnaal,1
"ನಮ್ಮ ದೇಶ ಅನೇಕ ಸಂಸ್ಕೃತಿ , ಅನೇಕ ಆಚರಣೆ  , ಎಲ್ಲದರಲ್ಲೂ ವೈವಿಧ್ಯತೆ ಇರುವದೇಶ ,  ಹಿಂದೂ , ಮುಸ್ಲಿಂ ಕ್ರೈಸ್ತ , ಪಾರ್ಸೀ ಸಿಕ್ , ಬೌದ್ಧ ಜೈನ  ಎಲ್ಲರೂ ವಾಸಿಸುವ ದೇಶ ಆದುದರಿಂದಲೇ  ನಮ್ಮ ದೇಶವನ್ನು ಎಲ್ಲರೂ  , ಎಲ್ಲಾ ಧರ್ಮದವರೂ ಒಟ್ಟಾಗಿ ಅಣ್ಣ ತಮ್ಮ ಅಕ್ಕತಂಗಿಯರಂತೆ ಬಾಳುತ್ತಿರುವ ಜಾತ್ಯಾತೀತ  ದೇಶ ಎನ್ನಲಾಗುತ್ತಿದೆ.
 ಆದರೆ ಕೋಮುವಾದಿ  ಪ್ಯಾಸಿಸಟರು ಇದನ್ನು ಸಹಿಸಲು ಸಾಧ್ಯವಿಲ್ಲ , ಸಮುದಾಯ ಸಮುದಾಯಗಳ ನಡುವೆ  ಸಾಮರಸ್ಯ ವನ್ನು , ಭ್ರಾತೃತ್ವ ನನ್ನು  ಹಾಳುಮಾಡಿ  ದ್ವೇಷ ಬಿತ್ತುತ್ತಿದ್ದಾರೆ ,  ಎಲ್ಲಾ ಸಮುದಾಯದವರು ಒಟ್ಟಾಗಿ ಬಾಳುವುದು  ಫ್ಯಾಸಿಸ್ಟರಿಗೆ ಒಗ್ಗುವುದಿಲ್ಲ . ಎಲ್ಲರು ಒಟ್ಟಿಗೆ ಬಾಳಿದರೆ ದೇಶ ಅಭಿವೃದ್ಧಿ ಯಾಗುತ್ತದೆ . ದೇಶಕ್ಕೆ ಒಟ್ಟಾಗಿ ಶ್ರಮಿಸಿದರೆ ದೇಶ ಅಭಿವೃದ್ಧಿ ಯಾಗುತ್ತದೆ  ,  ಇಲ್ಲದಿದ್ದರೆ ದೇಶದ ಕತೆ ಇಷ್ಟೇ 
 ಧರ್ಮದಿಂದ  , ದೇಶ ಉದ್ಧಾರ ಸಾಧ್ಯವಿಲ್ಲ ,   ದೇಶದ ಅಭಿವೃದ್ಧಿಯನ್ನು ನಿರ್ಧರಿಸುವ ಅಂಶಗಳು , ಕೋಮುಗಲಭೆ ಇಲ್ಲದಿರುವಿಕೆ , ಜನರಶ್ರಮ.  ವಿದ್ಯಾಭ್ಯಾಸ , ತಾಂತ್ರಿಕತೆ , ಬಂಡವಾಳ. , ತರಬೇತಿ  ,ನೈಪುಣ್ಯತೆ , ಹಣಕಾಸು  , ಪ್ರಕೃತಿ ಸಂಪತ್ತು . ಇವೆಲ್ಲವೂ ದೇಶದ ಅಭಿವೃದ್ಧಿ ಯನ್ನು ನಿರ್ಧರಿಸುತ್ತದೆ ಯೇ ಹೊರತು. , ಧರ್ಮ ಅಲ್ಲ ಅಲ್ಲ .  
 ಧರ್ಮ , ಸಂಪ್ರದಾಯ, ಮೂಡನಂಬಿಕೆ ಆಚಾರ , ಸಂಪ್ರದಾಯ  ದಿಂದ , ದೇಶ ಅಭಿವೃದ್ಧಿ  ಸಾಧ್ಯವಿಲ್ಲ .",0
"ಪ್ರೀತಿ, ಸ್ನೇಹ ಮತ್ತು ಅಧಿಕಾರ ಈ ಮೂರು ಜಾತಿಯನ್ನ ಮೀರುತ್ತದೆ!",0
Sul*** ma***,1
ಬೊಗಳೆ ಒಳಗೆ ಬೇರೇನೇ ಯಾರಿಗ್ ಗೊತ್ತಿಲ್ಲ ಥೂ,1
ಭೂಮಿಯ ಅವನತಿ ಆಗೋವರೆಗೂ ನಮ್ಮ ದೇಶದಲ್ಲಿ ಜಾತೀಯತೆ ಹೋಗಲ್ಲ ಯಾಕಂದ್ರೆ ಅ ತ್ಯುನ್ನತ ಶಿಕ್ಷಣ ಪಡೆದ ಬುದ್ದಿವಂತರೆ ಜಾತೀಯತೆ ಮಾಡೋದು ಸಾರ್... ಜಾತಿ ಹೋಗ್ಬೇಕು ಅಂದ್ರೆ ಭೂಮಿ ಅವನತಿ ಹೊಂದಬೇಕು ಅಷ್ಟೇ,0
Bhemmanu Namavane Ramanu Nam avane idrali Bheema Nana Hesar itkond Beli Beyiskond avaru Cross Beed Biksukaru Pakistan nivasi galu ...sabru galu Nav yene idru Unity ali irbeku Jai shree ram 🚩🚩Jai Bheem💙💙,0
Evanige yestu knowledge ede Eleguruthagide,1
ಎಂಥಾ ಗಾಂಡು ಹಿಂದುಗಳನ್ನ ಹಡೆದಳೋ ಈ ಭೂ ತಾಯಿ ಅಂ ದುಃಖ ಆಗುತ್ತೆ ಅಣ್ಣಾ ಏನ್ಚಮಾಡೋದು ನಮ್ಮ ಹಿಂದುಗಳು ಮುಂದಿನ ವರ್ಷದವರೆಗೆ ಜೀವನ ಪರ್ಯಂತ ಇಟ್ಟು ಕೊಳ್ಳುವ ಹಾಗೆ ಮಾಡ್ತಾರೆ ಕಾಂಗ್ರೆಸ್ ಹಾಗೂ ಮುಸಲ್ಮಾನರು ಸೇರಿ ಹಿಂದುಗಳ ತಮ್ಮ ತಮ್ಮ ಹಣದ ಬಲಿಗೆ ಬಿದ್ದು ಹೇಣಗಳಾಗೋ ಕಾಲ ದೂರ ಇಲ್ಲ ಥೂ ನಾಯಿಗಳಿಗೂ ಒಂದು ತುತ್ತಿನ ಋಣ ಇರುತ್ತತೆ ನಿಮಗೆ ನಿಮ್ಮ ತಾಯಿಯ ಈ ಭೂತಾಯಿಯ ಋಣ ಇಲ್ಲಂತಾದರೆ ಇದ್ದರೂ ಸತ್ತಂತೆ ಹೇಡಿ ಹಿಂದುಗಳೇ ಆ ಕಾಂಗ್ರೆಸ್ ಪಕ್ಷದ ಶವವಾಗಿರೋ ರಾಜಕಾರಣಿಗಳೆ ನಿಮ್ಮ ತಾಯಿ ಮಗಳನ್ನ ಮುಸ್ಲಿಮರ ಜಿತೆ ಮಲಗಿಸಿದ ಹಾಗೆ ಒಂದು ಓಟು ಕಾಂಗ್ರೆಸ್ಸಿಗೆ ಹಾಕಿದೃಎ ತಿಳಿದು ಕೊಳ್ಳಿ ಇಂದಲ್ಲಾ ನಾಳೆ ಮಲಗಿಸ್ಥೀರಾ ಆ ಲೊಂಡರನ್ನ ಈ ದೇಶದಿಂದ ನಾಶ ಮಾಡಿದ್ರೇ ಅದೇ ನನಗೆ ಶಾಂತಿ ನಿಮ್ಮ ಮನೆಯವರಿಗೂ ನೆಮ್ಮದಿ ಜೈ ಹಿಂದ್ 💪🙏💪,1
Where is valmiki agarana​ @syedabdulrahaman7304 ,1
Nimmind esto vishaya thilkondange ayithu super,0
Jathi bidi mundakke Nadi    jathi illa idanna thilidone bella,0
"Mr. Pappu, Justice systeem in india seeks evidence for every atrocity case filed againt anybody, simply one cant file atrocity case. Got it.",1
Great chakravarthy sullibelle sir .,0
"Thu public tv..
Hey anchor ninu ene maadidru nin elli ella religious ottage badkuthare...
I am really proud ""i am indian  Muslim """,0
ವಿಶ್ವ ಮಾನವನಾಗು ಎಂದು ಕುವೆಂಪು ಹೇಳಿದ್ದಾರೆ ಅಣ್ಣಾ,0
ಇಂತ ವೀರ ವಾಗ್ಮಿಗಳು ಬರಬೇಕು 👌🏻👌🏻,0
Rajkeeyaa 😂😂😂 gimik neevella ondhe hogo😂😂😂😂😂,0
ಇನ್ನಾದರೂ ಹಿಂದೂಗಳು ಆರ್ಥ ಮಾಡಿಕೊಳ್ಳಬೇಕ್.,1
Shadyanta nadstirodu nimma  kesri dala,1
ನಡೆ ಮುಂದೆ ನುಗ್ಗಿ ನಡೆ ಮುಂದೆ ಕನ್ನಡದ ಕಂದ ನಿನ್ನ ಜೊತೆ ಭಗವಂತ ಯಾವಾಗಲೂ ಇದಾರೆ,0
"ನಿನ್ನ ಮಕ್ಕಳಿಗೆ ಶೋಷಿತರ ಜೊತೆ ಸಂಬಂಧ ಮಾಡು, ಹಿಂದೂಗಳೇ ಕಣೋ ಅಂಬೇಡ್ಕರ್ ಅವರನ್ನು ಮತಾಂತರ ಮಾಡಿದ್ದು.",1
"ಕಾಂಗ್ರೆಸ್ ಅನ್ನುವುದು ಮುಸಲ್ಮಾನರ ಗುಲಾಮಿ. ಅಷ್ಟೇಕೆ ಕಾಂಗ್ರೆಸ್ನ ಉತ್ತರಾಧಿಕಾರಿ ನೆಹರೂನೇ (ಫಾರೂಕ್ ಅಬ್ದುಲ್ಲಾ, ಜಿನ್ನ ಇವರು ಮೂವರು ಒಂದೇ ಸಂತತಿಗೆ ಸೇರಿದವರು)ಕಾಶ್ಮೀರಿ ಮುಸ್ಲಿಂ. ಚಕ್ರವರ್ತಿಯವರೆ ವಕ್ಫ್ ಬೋರ್ಡ್ ಕಾಯ್ದೆ ತಿದ್ದುಪಡಿಗೆ ಭಾರತ ಸರಕಾರ ಎನ್ದು ಕೈ ಹಾಕಿತೋ ಅಂದಿನಿಂದ ದೇಶದ ಎಲ್ಲಾ ಕಡೆ ಹಳೆ ಮದರಸಾಗಳು ಮಸ್ಜಿದಗಳಾಗಿ ಬದಲಾಗತಾ ಇದಾವೆ ಮತ್ತು ಹಳೇ ಮಸೀದಿಗಳ ಸುತ್ತು ಎತ್ತರವಾದ ಕಾಂಪೌಂಡ್ಗಳು ಕಟ್ಟಲಾಗ್ತಾಇದೆ ಹೀಗೆ ನೋಡಿದರೆ ವಕ್ಫ್ ಬೋರ್ಡ್ ಎಚ್ಚೆತ್ತು ಕೊಂಡು ಏನೋ ಸಡಯಂತ್ರ ರಚನೆ ಮಾಡ್ತಾ ಇದೆ. ಇದನ್ನು ತಾವು ಸ್ವಲ್ಪ ಗಮನಿಸಬೇಕಾಗಿ ವಿನಂತಿ ಸರ್. ಮೋದಿಜೀ ಅವರು ಈಗ ಹಳೇ ಸಬ್ಕಾಸಾಥ್ ಸಬ್ಕಾವಿಕಾಷ್ ಅನ್ನೋದು ಬಿಡಬೇಕು.",1
Hai kortage hogabahudu alva,0
 @yuvashakthisunilmysore  ಸಮಾನ ನ್ಯಾಯ ಆಗಿಲ್ಲ ಬರಿ ಮೋಸ ಆಗಿದೆ,1
"ಆಯ್ತು ಸ್ವಾಮಿ... ನಿಮ್ಮ..ಅಭಿಪ್ರಾಯ,.ನಿಮ್ಮ BJP ಅಜೇಂಡಾ...ಏನೇ ಇರಲಿ...ಮತಾಂತರಬೇಡ ಹೌದು...ಆದರೆ ದೇಶದ ಎಲ್ಲಾ ಹಿಂದು ಜಾತಿಗಳನ್ನು...ಒಂದೇ !!ಅದು ಹಿಂದೂ ಧರ್ಮ ಹಿಂದೂ ಜಾತಿ ಅಂತ ಮಾಡಿ ಪುಣ್ಯ ಕಟ್ಟಿಕೊಳ್ಳಿ....ರಾಷ್ಟಪತಿ ಕೊವಿಂದ್ ರವರನ್ನು ಅಯೋಧ್ಯಗೆ ಆಹ್ವಾನ ಮಾಡಲಿಲ್ಲ ಏಕೆ? ಸ್ವಾಮಿ...ಮಾತೆತ್ತಿದ್ದರೆ,...ಬಾಬ ಸಾಹೇಬ್ ಅಂಬೇಡ್ಕರ್ ರವರ ಹೆಸರು ಹೇಳಿ ಹೊಗಳಿ ರಾಜಕೀಯ ಮಾಡ‌ಬೇಡಿ...ಕಪ್ಪು ಹಣ ಎಲ್ಲಿ ? ನಡೆದು ಕೊಂಡು ಬರ್ತಾ ಇದ್ಯಾ?          7 ವರ್ಷ ಆಯ್ತು,? ..ಹಿಂದುಳಿದವರ ಓಟಿಗಾಗಿ...ರಾಜಕೀಯ ಪಕ್ಷಗಳೆಲ್ಲರೂ ಆಡುವ ನಾಟಕವೇ!!!!!!",0
"ನಿಮ್ಮ ಪ್ರತಿಕ್ರಿಯೆ ಅನಿಸಿಕೆ ಅಭಿಪ್ರಾಯ ನಿರೂಪಣೆ ಸೊಗಸಾಗಿದೆ.
ಜಾತಿ ಡಿಎನ್ಎ , ರಕ್ತ, ರೋಮ ರೋಮಗಳಲ್ಲಿ ಬೇರೆತುಹೋಗಿದೆ.
ಬೆಂಗಳೂರಿನಲ್ಲಿ ಜಾತಿ ಕಂಡು ಬರಲ್ಲ ಎಂಬುದು ಸತ್ಯಕ್ಕೆ ದೂರವಾದ ಸಂಗತಿಯಾಗಿದೆ.
ರಾಜಕೀಯ, ಮಠಾಧಿಪತಿಗಳು ಜಾತಿಯ ಪೋಷಕರು.
ಪ್ರತಿ ಜಾತಿಗೂ ಮತ ಇದೆ , ಪಕ್ಷ ಇದೆ
ಕುವೆಂಪು ಅವರು ಹೇಳಿದಂತೆ ಜಾತಿ 
ಹೋಗಲೇಬೇಕು.
ಯುವಜನರಿಂದ ಮಾತ್ರ ಇದು ಸಾಧ್ಯ. ಜಾತಿ ಹೋಗಲೆಂದು ಆಶಿಸೋಣ.",0
Sidaramulkan  government  Pakistan  government,1
ನಿಜಕ್ಕೂ ತುಂಬಾ ಗಂಬೀರ ವಿಚಾರವೊಂದನ್ನ ತೆಗೆದುಕೊಂಡು ಇಷ್ಟು ವಿಸ್ತಾರ ವಿವರಣೆ ಕೊಟ್ಟಿರುವ ನಿಮಗೆ ನಮ್ಮ ಅಭಿನಂದನೆಗಳು 🎉💐,0
ಹೋಗೋಲೆ ಹೆತ್ನಾಳ್ 😂,1
ಜೈ ಯತ್ನಾಳ್ ಜೀ 👌👏👍🙏,0
Nice joke jokeraja,1
ಎ. ರಝಾಕ್. ನೀನು. ಯದ್ದೂ. ಹೀಗೂ ಪ್ಪ.,0
Nind sullu baige badane kai,0
ಕಾಲಿಗೆ ಸಣ್ಣ ಹುಣ್ಣು ಆಗಿದೆ ಎಂದು ಇಡೀ ದೇಹವೇ ಕೊಳೆತು ಹೋಗಿದೆ ಎಂದು ಹೇಳಬೇಡಿ ಮನುಸ್ಮೃತಿಯನ್ನು ಪೂರ್ತಿ ಓದಿ ಅರ್ಥೈಸಿಕೊಂಡು ವರದಿ ತಯಾರಿಸಿ,0
ಬಾ ಬಾರ್ಡರ್ ಗೆ ಹೋಗೋಣ ಯಾರು ದೇಶಪ್ರೇಮಿ ಅಂತ ಗೊತ್ತಾಗ್ತದೆ,1
"ಯಾರೆಲ್ಲ ಜಾತಿ ಜಾತಿ ಅಂತ ಸಾಯಿತ್ತಿದ್ದರೋ ಅವರು ಬಹುತೇಕ ಜಾತಿ ಬಿಟ್ಟು ಹೊರಬಂದಾಗಿದೆ 
ಆದರೆ ವಿಪರ್ಯಾಸವೆಂದರೆ ಯಾರು ಜಾತಿಯ ಕೂಪಕ್ಕೆ ಸಿಲುಕಿದ್ದರೋ ಅವರೆ ಜಾತಿ ಮತ್ತು ಅಸ್ವಸ್ಥತೆ ಉಳಿಯಲಿ ಅಸ್ವಸ್ಥತೆ ಉಳಿದರೆ ಮಾತ್ರ ಭಾರತದಲ್ಲಿ ನಾವು ಧೈರ್ಯವಾಗಿ ಬದುಕಬಹುದು ಅನ್ನುವ ನಂಬಿಕೆಯನ್ನು ಭ್ರಷ್ಟ ರಾಜಕಾರಣಿಗಳು ಬಡಜನರಿಗೆ ತುಂಬಿದ್ದಾರೆ",0
ಅಂಬೇಡ್ಕರ್ ಅಂಥ ಮಹಾತ್ಮ ನನ್ನೆ ಬಿಟ್ಟಿಲ್ಲ ಈ ಜಾತಿ ಪಿಶಾಚಿಗಳು ಇನ್ನೂ ಸಾಮಾನ್ಯ ದಲಿತ ಹಾಗೂ ಹಿಂದುಳಿದ ವರ್ಗದವರಿಗೆ ಬಿಡ್ತಾರಾ ಥೂ,0
ಹೌದು ನನಗೂ ತುಂಬಾ ನೋವಾಗುತ್ತೆ ಈ ಜಾತಿ ಪದ್ಧತಿ ಯಾವಾಗ ಉಧ್ಧಾರ ಆಗುತ್ತೋ ಈ ಭಾರತ ಯಾವಾಗ ಜಾತಿ ನಿರ್ಮೂಲವಾಗುತ್ತೋ ಅದು ಯಾವ ದೇವರು ಬಂದು ತಿಳಿಸಿ ಬದಲಾಯಿಸ್ತಾನೋ ಗೊತ್ತಿಲ್ಲ ಎಂಥೆಂಥವರೆಲ್ಲ ಹುಟ್ಟಿ ತಿಳಿಸಿದರೂ ಬದಲಾಗದ ಈ ಭಾರತ ಏನಂಥ ಹೇಳಬೇಕು ಅಂಥ ಗೊತ್ತಾಗ್ತಿಲ್ಲ ಸರ್ ನಿಮಗೆ ಧನ್ಯವಾದಗಳು,0
This is called KHAN  GREES😂😂😂😂😂😂😂😂😂😂,1
Ninage yaro kodithare kathe bajane madu,1
Jaati seydalli idi Ella onde makkalagi jevana madona onde jaati onde athma onde devaru✝️🛐🙏🙌🏻❤️,0
devaru onnododu dhrmakke ondonodilla devaru elrigu onde,0
ಜೈ ಕರ್ನಾಟಕ ಮಾತೆ ಜೈ ಶ್ರೀ ರಾಮ್ ರಾಮ್ ಜೀ,0
Le ಕರೆ ಹೇಳ್ le ಹುಚ್ಚು 😂😂😂,0
Badarinath muslimera ddante.,0
೪೨೦ ಬಿಜೆಪಿ ನಾಯಕ,1
ಜೈ ಭೀಮಾ ಜೈ ಹಿಂದು ಹುಲಿ❤,0
ಸೂಲಿಬೆಲೆ ಅವರೇ ಚುನಾವಣೆಯಲ್ಲಿ ಗೆದ್ದು MLA ಆದಮೇಲೆ ಮಾತನಾಡಿದರೆ ನಿಮ್ಮ ಮಾತಿಗೆ ಬೆಲೆ ಬರುತ್ತದೆ ಇಲ್ಲದೆ ಇದ್ದರೆ ಈ ಒಣ ಭಾಷಣ ಅಂತ ಜನ ಭಾವಿಸುತ್ತಾರೆ,0
ನಮಸ್ಕಾರ ಸರ್ ತುಂಬಾ ಸಂತೋಷ ಹಾಗೆ ಜಾಂಬುವಂತ ಪುರಾಣ ಬಗ್ಗೆ ಸ್ವಲ್ಪ ವಿವರಿಸಿ ನೋಡಿ,0
Manushyanige manushyathvakke matra bele kodabeku jathigalla.,0
ಹುಚ್ಚಾನಾ ನೀನು ಬೇರೆಯವರು ಮಾತಡಬೇಕಾದರೆ ಕಂಡ ತೆರೆದು ನಗುತ್ತೀಯಾ?,1
7:10 ದ ವಿರುದ್ಧ ಸತ್ಯ ಸರ್,0
Hucha goud hoga,1
ಹಾಸ್ಯ ಗರ ಅಬ್ದುಲ್ ರಜಾಕ್,1
ಇವರ ಹಿಂದೆ ಯಾರೂ ಇರೋದು ಮಾತ್ರ ಖಂಡಿತ ಅಂತ ನನಗೆ ಅನಿಸುತ್ತೆ,0
"Nammalle iruva kela nasli haramigalu, Dheshadhrohi galu iro thanaka intelligence thaane yenu maadutthe",1
ಅಮರ್ ಸರ್ ತುಂಬಾ ಚನ್ನಾಗಿ ಅರ್ಥ ಮಾಡ್ಸಿದಿರಿ 👏👏👏,0
"ಹಲೋ ಅಮರ್, ಕೇವಲ ಜಾತಿ ನಿರ್ಮೂಲನೆಯಿಂದ ನಮ್ಮ ದೇಶ ಸುಧಾರಣೆ ಆಗುವುದಿಲ್ಲ. ಆದರೆ ಉತ್ತಮ ಶಿಕ್ಷಣ ವಿಶೇಷವಾಗಿ ಉತ್ತಮ ಆದರ್ಶಗಳು ಹಾಗೂ ಸಂಸ್ಕಾರಗಳನ್ನು ನಮ್ಮ ಯುವ ಪೀಳಿಗೆಯಲ್ಲಿ ಬೆಳೆಸಬೇಕು. ನೂರು ವರ್ಷದ ಹಿಂದೆ ಇದ್ದ ಪರಿಸ್ಥಿತಿ ಈಗ ಇಲ್ಲ.  ಹಿಂದುಳಿದ ವರ್ಗದವರು ಹಾಗೂ ಮುಂದುವರಿದ ವರ್ಗದವರು ಈಗ ಬಹಳಷ್ಟು ಬದಲಾಗಿದ್ದಾರೆ. ಸಾಕಷ್ಟು ಸುಧಾರಣೆಯಾಗಿದೆ. ಈಗ ಸರ್ಕಾರಿ ನೌಕರಿಗಳಲ್ಲಿ ಹಾಗೂ ಬ್ಯಾಂಕ್ ರೈಲ್ವೆ ಜೀವವಿಮೆ ಮುಂತಾದ ಕ್ಷೇತ್ರಗಳಲ್ಲಿ ಮೇಲ್ವರ್ಗದ ಜನರು ಕಾಣುತ್ತಲೇ ಇಲ್ಲ. ಹಾಗೆಯೇ ಅಲ್ಲಿ ಸಿಗುವ ಸೇವೆ ಸೌಲಭ್ಯಗಳು ಸಾರ್ವಜನಿಕರಿಗೆ ದೊರೆಯುತ್ತಿಲ್ಲ. ಅಪರಾಧಿ ಚಟುವಟಿಕೆಗಳಲ್ಲಿ ಯಾವ ವರ್ಗದವರು ಹೆಚ್ಚಿಗೆ ಇದ್ದಾರೆ ಎಂಬುದು ಸಂಶೋಧನೆಗೆ ಬಿಟ್ಟ ವಿಚಾರ. ಈ ಬಗ್ಗೆ ದಯವಿಟ್ಟು ಸಂಶೋಧನೆ ಮಾಡಿ ಒಂದು ವಿಡಿಯೋ ಮಾಡಿ. ಕಾಲ ಬದಲಾಗಿದೆ.",0
Aboli magane kittal soole magane,1
96%.hindhu.17%muslims. Aadru muslim hechchi anthira,0
" @girishrm3923  swami, civil case nalli aya cast ge adarde process irtave... example - matrimony case muslimarige bere act hindu ge bere act idave through sections.....",0
Sir nange nim to manisinali heluvaga  nimge  novu ettu alw sir,0
ಬಹಳ  ಉತ್ತಮವಾದ ಮಾತುಗಳನ್ನು  ತಿಳಿಸಿದ್ದೀರಿ  ಸರ್  ಆದರೆ  ಹಣದ ಮದವಿರುವ  ಕೆಲವು  ಮನುಷ್ಯರು  ಬಡವರನ್ನೂ ಅತಿ ಕೀಳಾಗಿ   ನೋಡುವ   ರೀತಿ  ಎಲ್ಲಾ  ಜನರಿಗೂ  ತಿಳಿದಿದೆ   ಅವರನ್ನು ಸರಿಪಡಿಸಲು   ಯಾರಿಗೂ ಸಾಧ್ಯವಿಲ್ಲ   ಇದೇ  ಮನಸ್ಸಿನ  ದುಃಖಕ್ಕೆ kaarana,0
Heeg ankond ankonde alli jammu kashmira terrorist hub aagirodhu..road gst ankondu kunthkondre terrorism activities innu jasti agutte..we have to stop hijab trennds in schools and colleges..,1
Love u from kalaburgi,0
 @dostiwalalove4089  ಯಾಕೋ turka.. ನಗ್ತಾ ಇದಿಯಾ?,1
ಚಕ್ರವರ್ತಿ ಅಣ್ಣ ಕಣ್ಣಿನಲ್ಲೇ ಎಲ್ಲ ಉತ್ತರಿಸಿ ಸುಮ್ಮ ನಿದ್ದಾರೆ. ನೋಡಿ,0
ಮುಸಲ್ಮಾನರಿಗೆ ಪ್ರತ್ಯೇಖ ದೇಶ ಬೇಕು ಅಂತ ಕೇಳಿದವರು ಹಿಂದೂಗಳಲ್ಲ ಪಾಕಿಗಳು 🤣😂,1
Bevarsi ninobna hinduva sari thilko. Ninu congress adru nin nan muslimaru bidalla aytha nenpitko nayi hindu darmavannu maribeda,1
ಸೂಳೆ ಸಹವಾಸ ಸನ್ಯಾಸಿ ಕೆಟ್ಟ ಹೇಳೊದು ವೇದಾಂತ ತಿನ್ನೊದು ಬದನೆಕಾಯಿ,1
ಹೆಂಗ್ ಪಂಗ್ ಲೀ 😂😂😂,1
ಉಗಿರಿ ಕಾಂಗ್ರೆಸ್ ಸರ್ಕಾರಕ್ಕೆ ಉಗಿರಿ ಬಿಎಸ್,0
ಅದ್ಭುತ ಸ್ಟೇಟ್ ಮೆಂಟ್ ಸರ್  ತುಂಬಾ ಧನ್ಯವಾದಗಳು ಸರ್,0
Barathathiyarige no caste  science prakara 4 varnagalu elodu asi asi sullu  e jathi aa jathi nahu melu evru kilu thai garbadalle  utbeku brahma illve illa  bainda bujadinda thode inda padadinda antha yav obba scientists  elidre oppbahudagithu  e mukha sik sika mani galige yavga artha   videsi daligalu bartha mele naddu soloke castsystem   karna  ellaru unity inda oradidre  mohgalru  ayareru bartha mele uddamadthirlilla,1
Sullu sulebele,1
ನಮಗೂ ಕೂಡ ಜಾತಿಯಂತೆ ಎಂಬ ಭೂತವನ್ನು ಬಿಡುವ ಆಸೆ ಆದರೆ ಹೀಗೆ ಇರುವ ಮತ್ತು ನಡೆಯುತ್ತಿರುವ ಮತ್ತು ನಡೆಯುವ ಮುಖ್ಯವಾಗಿ ಶಿಕ್ಷಣ ಮತ್ತು ರಾಜಕೀಯದ ನಡವಳಿಕೆಯ ಬೆಳವಣಿಗೆಯನ್ನು ನೋಡಿದರೆ ಜಾತಿಯತೆ  ಯಾವ ರೀತಿ ಅವನತಿ ಆಗಲು ಸಾಧ್ಯವಿದೆ...,0
ಭವ್ಯ ಗೆ ಮದುವೆ ಆಗಿಲ್ಲ ಅದಿಕ್ಕೆ ದೀಪರೇಷನಲ್ಲಿ ಮಾತಾಡ್ತಿದಾಳೆ,0
Nin agbeku guru cm❤,1
ದೇವಸ್ಥಾನದ ಹೆಸರೂ ಹೇಳಿ ಬ್ರಾಹ್ಮಣರು ಬೇರೆಯವರ ದುಡ್ಡು ನಲ್ಲಿ ಬದಕಿ ಬೇರೆಯವರಿಗೆ ನಾಮ ಹಾಕುವ ಹುನ್ನಾರ,1
Henge pungli,1
ಜೈ ಶ್ರೀ ರಾಮ್ ಜೈ ಆಂಜನೇಯ jai. Modiji,0
ಲೇ ಸುಲೆ ಬೆಲೆ ಚಕ್ರವರ್ತಿ 2000 ನೋಟಲ್ಲಿ ಇಟ್ಟಿರೋ ನಾಯಿ ಬ್ರಾಹ್ಮಣ ಹೆಣ್ಣು ಮಕ್ಕಳಿಗೆ ಜನಿವಾರ ಯಾಕೆ ಹಾಕಲ್ಲ .ಅದೇ ತರ ಅವರ ಧರ್ಮ ಇರುತ್ತೆ,1
"ಜೈ ex muslim ಸಮೀರ್,ಸಾಹಿಲ್, ಆಡಂ, ಜಾಫರ್ ಹೆರಿಟೇಜ್, ಕುರಾನ್ ವಾಲ, ಜಾವೀದ್ ಬೈ,ಯಾಸ್ಮಿನ್,extra 🙏🏻🙏🏻🙏🏻🙏🏻🙏🏻",1
ಎರಡು ಅಲ್ಲ ನಿನ್ನ ಹೆಂಡತಿ ಮಿಂಡನ ಜೊತೆಯಲ್ಲಿ ಓಡಿ ಹೋಗಿದ್ದಾಳೆ,1
ಸಾಬರು ಹೆಸರು ತೆಗೆಯದಂತೆ ಬಂದು ಚುನಾವಣೆ ಗೆದ್ದು ತೋರಿಸಲಿ ಬಿಜೆಪಿ?,1
Sule ge hutidava sulebele chakra,1
ಸಿಂಹರನ್ನು ಮುಖ್ಯಮಂತ್ರಿಯನ್ನಾಗಿ ಮಾಡಿ,0
"ಭಯೋತ್ಪಾದಕರು, ಭ್ರಷ್ಟ ಅಧಿಕಾರಿಗಳು, ಭ್ರಷ್ಟ ರಾಜಕಾರಣಿಗಳಿಗೆ ಶಿಕ್ಷೆ ವಿಧಿಸದ ಭಾರತದ ನ್ಯಾಯಾಲಯಗಳು ಇಂತ ಸಣ್ಣ ಪುಟ್ಟ ಪ್ರಕರಣಗಳಲ್ಲಿ ಬೇಗನೆ ತೀರ್ಪು ಕೊಡುತ್ತಾರೆ, ಭ್ರಷ್ಟರೆಲ್ಲರು ಅಧಿಕಾರದಲ್ಲಿ ಇಂದಿಗೂ ಇದ್ದಾರೆ,",1
Satya vaada maathugalu 😊,0
Mabbu hindugalige gulamarige artha agalla bidanna deshdrhigalige gottagalla,1
ಜೈ ಹಿಂದ್ SHVBKKS ಸಾಮ್ರಾಜ್ಯ👌,0
Bhavani avarice thaleyalli samanu hilla,1
bevardi sarkara hindu paravagiro vidiogalannu ban mathra madbodu aadre egagle hindugalu oggattagiddare congresge chaplili sevemadi mundina chunavaneli odisthare pakka jai shri Ram,1
"ಲೇ ಲೋಫರ್ ಬೊಮ್ಮಾಯಿ ಇದ್ದಾಗ, ವಕ್ಫಾ ಅಸ್ತಿ ನಿಮ್ಮದೇ ನಿಮ್ಮಗೆ ಸೇರ್ಬೇಕು ಅಂತ ಹೇಳಿ process ಮಾಡಿದಾಗ ಏಳಿದ್ದೇ ಸುಳ್ಳುಬೇಲೆ ಚಕ್ರವರ್ತಿ.",1
"Bjp brahmana baniya party.
Hindi gulamas. Gujrati dandekora gulamas 😂",1
ಪ್ರತಾಪಣ್ಣನ ಪ್ರಕಾರ ಮೊದಲನೇ ಮಹಾಯುದ್ಧ ಆಗಿದ್ದು 2014 ರಲ್ಲಿ...,0
Nin amman pinda,1
Huttat batte irall beliyatta butte akoltre,0
 @inspirationalriseyoursoul3560  ಅವನು ಪ್ಲಾಸ್ಟಿಕ್ ಸಿಂಹ😀😀😀😀,1
ಮೊದಲು ನಿಮ್ಮ ಧರ್ಮದಲ್ಲಿ ಬ್ರಾಹ್ಮಣರಿಗೆ ಕೊಡುವಷ್ಟು ಗೌರವ ದಲಿತರಿಗೆ ಕೊಡಿ ಅವರಿಗೂ ದೇವಸ್ಥಾನ ಪ್ರವೇಶಿಸಲು ಪೂಜೆ ಮಾಡಲು ಬ್ರಾಹ್ಮಣರ ಜೊತೆಯಾಗಿ ಕೂತು ಊಟ ಮಾಡಲು ಅವಕಾಶ ಕೊಡಿ ಆಮೇಲೆ ಹಿಂದೂ ನಾವೆಲ್ಲ ಒಂದು ಅಂತ ಹೇಳಿ,1
ನೀವು ಬಿಜೆಪಿ ಗೋಸ್ಕರ ಯಲ್ಲಿ ಮುಸ್ಲಿಂ ಆಳ್ವಿಕೆ ಮಾಡುತ್ತೆ ಅಂತ ಭಯ ಪ್ರಭಾಕರ್ ರವರಿಗೆ ಇದು ಜ್ಯಾತ್ಯತೀತ ರಾಷ್ಟ್ರ ರೀ ಸಾಹೇಬರೇ,1
"Jathi padatthi nirmulane agala bidi  sir,namma deshanu uddara agala edu samajika pidugu, jai bheem👊",0
ಜೈ ಭೀಮ್ ಅಂಬೇಡ್ಕರ್ ಹೇಳಿದ್ದು ಈಗ ನಿಮಗೆ ಸರಿ ಅನಿಸುತ್ತಾ ಇದ್ಯ ....... ಎಲ್ಲ ಸಮಯ ಸಾಧಕರು ನೀವೆಲ್ಲ .... ನೀವು ಬಿಜೆಪಿ ....ಕಾಂಗ್ರೆಸ್ ಎಲ್ಲ ಒಂದೇ ಧರ್ಮದ ವಿಚಾರದಲ್ಲಿ ರಾಜಕೀಯ ಮಾಡ್ತಾ ಇರುವ ಪಕ್ಷಗಳು.....,0
Jathi yembudannu huttihakiddu manushyarre edu besaradda sangathi   adarre evaginna yuva peelige budivantharu gamanaharisi adannu hogalladisallu neravagabekidde 🙏,0
"Super brother,  nijvaglu evaglu castism edy, estu Education edru enu upyoga ella.",0
abdhul Razak ನಾ ಪಾಕಿಸ್ತಾನಕ್ಕೆ ಕಳ್ಸಿ,1
ಹಲ್ಕಾಕಚಡಾ ಸುಳೆಮಕ್ಕಳೆ ನಿಮಗೆ ಈ ಸಮಯದಲ್ಲಿ ಇದೆಲ್ಲ ಬೇಕಿತ್ತೆನ್ರೋ ನಿಮ್ಮಾಮಂಡಿರ ಹಂದಿ ಬೋಲಿಮಕ್ಕಳೆ.,1
Sulibele allwa sule maga😂,1
🥿 inda odibeko anchor ge,1
🙏🏾 ಕಾಂಗ್ರೆಸ್ ಗೆ ವೋಟ್ ಹಾಕಬೇಡಿ ಮುಸ್ಲಿಮನ್ನು ಬೆಳೆಸುತ್ತದೆ ನಮ್ಮ ರೈತರ ಭೂಮಿಯನ್ನು ಕಿತ್ತು ಅವರಿಗೆ ಕೊಡುತ್ತದೆ ಹಿಂದೂ ಧರ್ಮ ಎಲ್ಲಾ ಜಾತಿ ಒಂದಾಗಿ ಜೈ ಶ್ರೀ ರಾಮ್ ಜೈ ಯತ್ನಾಳ್ ಬಾಸ್ ಹಿಂದೂ ಹುಲಿ 💪🏾💪🏾,0
Hindu: muslim: ::prakrutige elldiro bheda bhava ningeyako,0
"I think,,, 😭😭 ಅಬ್ದುಲ್ ರಜಾಕ್ 😂and ಸೂಲಿಬೆಲೆ 😂😂 both r the trains which transport the indians in opposite directions 😍😂😍",1
"ನಾಲಾಯಕ್ ಸ್ವಾರ್ಥಿ ಯೆಡ್ಡಿ, ಬೊಮ್ಮ, 
ಕರ್ನಾಟಕ ದಲ್ಲಿ ಬಿಜೆಪಿ ನಾಮಾವಶೇಷ ಮಾಡಲು ಪಣ ತೊಟ್ಟು ಕುಳಿತಿದ್ದಾರೆ...
ಬಿಜೆಪಿ ಸೋಸಿ ಶುದ್ಧ ಗೊಳಿಸೋ ಕೆಲಸ ಕೂಡಲೇ ಆಗಬೇಕಿದೆ...
ಆರೆಸಸ್ ಕರ್ನಾಟಕ ತೆರೆಮರೆಯಲ್ಲಿ ಕುಳಿತಿದೆ...",1
ಇದರಿಂದ ಯಾವ ಜನಕ್ಕೂ ಏನು ಪ್ರಯೋಜನ ಇಲ್ಲ ನಿಮ್ಮ ಭಾಷಣದಿಂದ... 👎,0
hadbi   sulemakklu,1
"ಭಾರತೀಯ ಯಾರದ್ದು, ನಿನ್ನ ಅಪ್ಪನದ್ದಾ?",0
Ninu nijavadha hindhu ne agiddhre prathiyondhu dhevasthanadhalli ella hindhu galu Jyathi gala mele holgade hogdhe  prathi yobbru  hogo thara  madu adhu hindhuthva hinge bjp bucket hiddhu  dhuddu madodhalla,1
 @chiranjivih8465  ಅವರ್ ರಾಜಕಾರಣಿಗಳು ಅವರ್ ಹೆಲ್ ತಿನ್ನ್ ಅಂತಾರೆ ತಿಂತೀಯಾ ಚೋದಿಮಗನ ನೀ ಮಾಡಕ ಕೆಲಸ್ ಇಲ್ಲ ಏನ್ ತುಣ್ಣೀ ಇಲ್ಲ ನೀನು ಅವನ್ ಜೊತಿ ನಿಂತ ಸಪೋರ್ಟ್ ಮಾಡ್ತೀ ಅವನಿಗೆ ಅವನ್ ತುಣ್ಣೀ ಸೀಪ್ ಹಾಗಾದ್ರೆ,1
..nee nimmapage huttilla nin hindu nu alla bolimagne,1
Super sir dum Beku Sir navu ondagtidivi bhaya congress gu terrorist gu start agidr,0
ನೀವು ಅಲ್ಪ ಸ್ವಲ್ಪ ಹಿಸ್ಟರಿ ಓದಿದಿರಿ ಆದ್ರೆ ಇನ್ನುಳಿದವರಿಗೆ ಕೆಲವರು ಹಿಸ್ಟರಿನೇ ಗೊತ್ತಿಲ್ಲ 🤦‍♂️🤦‍♂️🤦‍♂️🤦‍♂️,0
 @jeelanbasha8787  ನೆನ್ನೆ ಎಲ್ಲೋ ನೋಡಿದ ಜ್ಞಾಪನ ಮೊಹಮ್ಮದ್ ಅವರ 41 ನೇ ತಲೆಮಾರು ಕೂಡ ಹಿಜಬ್ ಹಾಕೋಲ್ಲವಂತೆ 😀😀😀😀😀😀😀,1
ಬಿಜೆಪಿ ಸರ್ಕಾರ ಎಷ್ಟೊಂದು ಭಯೋತ್ಪಾದನೆ ಆದರೂ ಕೂಡ ಮೀಸೆಗೆ ಮಣ್ಣಾಗಿಲ್ಲ ಎನ್ನುವ ರೀತಿಯಲ್ಲಿ ಹೇಳುತ್ತದೆ ಅಂದರೆ ಇವರಿಗೆ ನಾಚಿಕೆ ಇಲ್ಲ  ಮರ್ಯಾದೆ ಇಲ್ಲ,0
Samavastra anta yak sir madtare yelru onde anno manobava ellapa navy hijabe dharsabeku annodadre manele erli. Edu hindustana not Pakistan,1
🔥🔥🔥🕉️🕉️🕉️🔥🔥🔥benki bai,0
"""  ಶ್ರೀ ಸಿದ್ದಗಂಗಾ ಮಠ ತುಮಕೂರು ನಲ್ಲಿ ವಿದ್ಯಾಭ್ಯಾಸ ಮಾಡಿದಂತ ವಿದ್ಯಾರ್ಥಿ"" ಯಾಲ್ಲಾ ಜಾತಿಯ ಗೆಳೆಯರೊಂಡ್ಡನೇ ಜೀವಿಸಿದಂತವನು, ಜಾತಿ ಮುಕಾಂತರ ಹುದ್ಯೋಗಗಳನ್ನು ನೀಡುಹುದು ನನ್ನಗೆ ತುಂಬಾ ನೋವ್ವು ಹುಂಟುಮಾಡುತದೆ, ಲಿಂಗಾಯತ, ಗೌಡರು , ಭ್ರಹ್ಮಣರು , ಕುರುಬರು, ಇತ್ಯಾದಿ..... ಯಲ್ಲರಲ್ಲೂ ಬಡವರಿದ್ದಾರೆ, ವಿದ್ಯಾಭ್ಯಾಸ ಪ್ರಾರಂಭದ್ದಲ್ಲೇ ಜಾತಿ ಮುಕಾಂತರ ಸೀಟ್ಸ್ ಕೊಡುವಂತಹ ನಿಯಮವನ್ನು ಮೊದಲು ನಿಲ್ಲಿಸಬೇಕು 🙏🏽🙏🏽🙏🏽, ವಿದ್ಯಾರ್ಥಿ ವಿದ್ಯಾಭ್ಯಾಸದ  ಗಳಿಕೆಯ ಅಂಕಗಳ ಮುಕಾಂತರ ಸೌಲಭ್ಯಅಳು ದೊರಕಬೇಕೆಂಬ ಭಯಕೆ, ಆಗ ಯಾಲ್ಲರಿಗೂ ಸಮಾನತೆ ಸಿಗುತದೆ, ಆಗ ಯಾರಲ್ಲಿಯೂ ಜಾತಿ ವಿವಾದ ಇರುಹುದಿಲ್ಲ ಎಂಬ ಯೋಚೆನೆ ನನ್ನಲ್ಲಿ ಸದಾ ಚಿಂತಾಯುತ ಹಾಗಿರುಹುದು,",0
"ಜಾತಿ ವ್ಯವಸ್ಥೆ ಮೊದಲು ತೊಲಗ ಬೇಕು,",0
Arun shanta ninaghe law yen helthaithi ghotha..... Study maadu law first....,0
"ಟಿವಿಗಳಲ್ಲಿ ಕುಳಿತು ಜನರನ್ನು ದೇವರ ಹೆಸರಿನಿಂದ ಬಯಪಡಿಸಿ ಆಚಾರ, ಕಂದಾಚಾರ, ನಂಬಿಕೆ, ಮೂಡನಂಬಿಕೆ ಗಳನ್ನು ಹೇಳುತ್ತಾರಲ್ಲಾ ಇದರ ಜೊತೆಗೆ ಈ ಶೂದ್ರರು, ದಲಿತರು, ನಮ್ಮಂತೇ ಮನುಷರು ಹಾಗಿರುವುದರಿಂದ ಅವರನ್ನು ದ್ವೇಷಿಸುವುದು ಮಹಾಪಾಪ ಎಂದು ಹೇಳಿದರೆ ಮತ್ತು ಸರ್ಕಾರ ತಮ್ಮಲ್ಲಿ ಇರುವ 1ಎ,2ಎ, ವಲಯ, ಮಾದಿಗ, ವಕ್ಕಲಿಗ , ಗೌಡ ಇತ್ಯಾದಿ ಸಾವಿರಾರು ಜಾತಿ ಒಳಜಾತಿಯ ಕಟ್ಟುಪಾಡುಗಳನ್ನು ತೆಗೆದು ಹಾಕಿ, ಜಾತಿ ಬೇದ ಮಾಡುವವರನ್ನು ಉಗ್ರವಾಗಿ ಶಿಕ್ಷಿಸಿದರೆ ಮಾತ್ರ ಈ ತಾರತಮ್ಯವನ್ನು ಶೀಘ್ರ ವಾಗಿ ನಿವಾರಿಸಬಹುದೇನೂ ಎಂಬುದು ನನ್ನ ವಿಚಾರ. ಇಲ್ಲದಿದ್ದರೆ ಈ ಶೂದ್ರರು, ದಲಿತರು ಜಾತಿ ಬೇದದ ಅನುಮಾನವನ್ನು ಸಹಿಸಲಾರದೆ ಮುಸ್ಲಿಮ್  ಸಮುದಾಯಕ್ಕೆ ಸೇರ್ಪಡೆಗೂಂರೆ ಈ ಸವರ್ಣಿಯರಿಗೆ ಮತ್ತೂಮ್ಮೆ  1000 ರಾರು ವರ್ಷಗಳ ಗುಲಾಮಗಿರಿ ಗ್ಯಾರಂಟಿ ಅಲ್ಲವೇ ಸಾರ್.",0
Neenu yaavano namma nu kalisoke nina aantha yasto banddu hogide masana ke pakisthan ke nimaa dady ne hoggidu hijab sa gift madidu nimaa yalara apaa ne,1
"Literally fact truthfulness video, Ur real journalist sir, Thank you.",0
 @kesar971  e case alli dalit community avru edare avru benki hacchiro aparadha prove agide but avru dalit so atrocity act apply agolla anta avrige 5 year ginta kadime punishment kottidare if criminal case and act is same why change in punishment?,0
Sulibale dodda kalla,0
ಮನಸ್ಮೃತಿ ಪುಸ್ತಕ ಚನ್ನಗಿದೆ,0
 @mahaboobali9874  ಬಂದ ನೋಡಪ್ಪ ಪಾಕಿ ಎಜೇಂಟ್ 😂😂😂,1
ನ್ಯಾಯ ಮಂಡಿಸಿದ ತೀರ್ಪು ನೀಡಿದ ಇಬ್ಬರಿಗೂ ನನ್ನ ನಮಸ್ಕಾರಗಳು,0
Nya yallIde. Sir Ella Nehru Mahi e Hindu galige,0
"..naanu
Yava



Sideuindha.....",0
Muslim buddhi iruva Razak fellow.😮😮😮,1
Prajaprabhutvakkake ninobba kalanka,1
"ಗೆಳೆಯರೇ.... ಏಷ್ಟೊಂದು ವಿಚಿತ್ರ ಅಲ್ವಾ ?ವಿಚಿತ್ರವಾದರೂ ಸತ್ಯ.ಒಬ್ಬ ಮುಸ್ಲಿಂ ವಿಧ್ಯಾರ್ಥಿನಿ ಬರೆದ ಈ ಹೃದಯಸ್ಪರ್ಶಿ ಪತ್ರವನ್ನೊಮ್ಮೆ ಓದೋಣಾ..❤🌹

ಪ್ರತೀ ವರ್ಷ ಶಾಲೆಯಲ್ಲಿ ವಾರ್ಷಿಕ ಪ್ರವಾಸಕ್ಕೆ ಶಿಕ್ಷಕರು ನಮ್ಮನ್ನು ಧರ್ಮಸ್ಥಳ, ಮುರುಡೇಶ್ವರ, ಚೆನ್ನಕೇಶವ ಅಂತ ದೇವಸ್ಥಾನಗಳಿಗೆ ಕರೆದುಕೊಂಡು ಹೋಗಿ ಮಧ್ಯಾಹ್ನದ ಬಿಸಿಯೂಟ ಅಲ್ಲೇ ತಿನ್ನಿಸಿ ಸಂಜೆ ತನಕ ಅಲ್ಲೇ ಸುತ್ತಾಡಿ ಪ್ರಸಾದ ತಿಂದು ರಾತ್ರಿ ಹೊತ್ತು ಅಲ್ಲಿಂದ ಮನೆಗೆ ಹಿಂತಿರುಗಿದ ಯಾವುದೇ ದಿನವೂ ನಮ್ಮನ್ನು ಮಸೀದಿಗೆ ಯಾಕೆ ಕರೆದುಕೊಂಡು ಹೋಗಿಲ್ಲ ಎಂದು ನಮ್ಮಲ್ಲಿ ಯಾವುದೇ ಒಬ್ಬ ಮುಸಲ್ಮಾನ ವಿದ್ಯಾರ್ಥಿಯು ಕೇಳಿಲ್ಲ, ದೂರೂ ನೀಡಿಲ್ಲ. ಯಾಕಂದ್ರೆ ನಮಗೆ ಅದು ಕೇವಲ ನಮ್ಮ ಕರ್ನಾಟಕದ ಶಿಲ್ಪಕಲೆ, ವಾಸ್ತುಶಿಲ್ಪ, ಪುಸ್ತಕದಲ್ಲಿ ಓದಿದ ಪುರಾಣಗಳನ್ನು ಮಾತ್ರ ನೆನಪಿಸುತಿತ್ತೇ ಹೊರತು ಧರ್ಮ ತಾರತಮ್ಯ ಎಂದು ಅನಿಸಿಲ್ಲ.

ಗೌರಿ ಪೂಜೆ ದಿನ ಸಹ ವಿದ್ಯಾರ್ಥಿನಿಯರು ತೊಟ್ಟು ಬರುವ ಕಪ್ಪು ಗಾಜಿನ ಬಳೆಗೆ ಕಾದು ಕುಳಿತು ಅದರಲ್ಲಿ ಎರಡು ನಾವು ಕೈಗೆ ಹಾಕಿ ಖುಷಿಪಡುತ್ತಿದ್ದೆವೋ ಹೊರತು ಹಿಂದೂಗಳ ಧಾರ್ಮಿಕ ಆಚರಣೆ ಶಾಲೆಯಲ್ಲಿ ಯಾಕೆ ಎಂದು ನಮಗೆ ಅನಿಸಿಲ್ಲ. ಯಾಕಂದ್ರೆ ನಾವು ಗೆಳೆಯರೆಲ್ಲ ಒಂದೇ ತರ ಒಟ್ಟಾಗಿ ಇರಬೇಕೆಂದು ಬಯಸುತ್ತಿದ್ದೆವು. 

ಪ್ರತಿ ಬಾರಿ ಶಾಲಾ ಸಮಾರಂಭಗಳಲ್ಲಿ ಪ್ರಾರ್ಥನಾ ಗೀತೆಯಾಗಿ ಭಗವದ್ಗೀತೆ ಪಠಿಸುತ್ತಿದ್ದಾಗ ಯಾಕೆ ನಮ್ಮ ಕುರ್ ಆನ್ ಇಲ್ಲ ಎಂದು ನಾವು  ಪ್ರಶ್ನಿಸುತ್ತಿರಲಿಲ್ಲ. ಯಾಕಂದ್ರೆ ನಾವು ಭಗವದ್ಗೀತೆಯನ್ನೂ ಗೌರವಿಸುತ್ತಿದ್ದೆವು. 

ಪ್ರತೀ ಶುಕ್ರವಾರ ಸಂಜೆ ಮುಖ್ಯೋಪಾಧ್ಯಾಯರ ಕೊಠಡಿಯಲ್ಲಿ ಹಿಂದೂ ವಿಧ್ಯಾರ್ಥಿಗಳು ಸೇರಿ ಭಜನೆ ಹಾಡುವಾಗ ನಮ್ಮ ಮೌಲೀದ್ ಯಾಕೆ ಇಲ್ಲ ಅಂತ ನಾವು ಹೊಡೆದಾಡುತ್ತಿರಲಿಲ್ಲ, ಬದಲಾಗಿ ಅವರ ಭಕ್ತಿಯನ್ನು ನಾವು ಗಮನಿಸುತ್ತಿದ್ದೆವು.

ಪ್ರತೀ ಬಾರಿ ಶಾಲೆಯಲ್ಲಿ ಉದ್ಘಾಟನಾ ಕಾರ್ಯಕ್ರಮಗಳಲ್ಲಿ ವಿಭಿನ್ನ ದೇವರುಗಳ ಚಿತ್ರವನ್ನಿತ್ತು ದೀಪ ಹಚ್ಚಿ ಅಗರಬತ್ತಿ ಹೊತ್ತಿಸಿ ಉದ್ಘಾಟನೆ ನೆರವೇರಿಸುತ್ತಿದ್ದಾಗ ಇದು ತಾರತಮ್ಮ ಎಂದು ದಂಗೆಳಿಸುತ್ತಿರಲಿಲ್ಲ. ಯಾಕಂದ್ರೆ ನಮಗೆ ಎಲ್ಲ ಧರ್ಮಗಳನ್ನು ಗೌರವಿಸಬೇಕು ಎಂದು ಕಲಿಸಿಕೊಡಲಾಗಿತ್ತು.

ಪ್ರತೀ ವರ್ಷ ಶಾಲಾ ವಾರ್ಷಿಕೋತ್ಸವಕ್ಕೆ ಭರತನಾಟ್ಯ, ಯಕ್ಷಗಾನವನ್ನು ಮನರಂಜನಾ ಕಾರ್ಯಕ್ರಮವಾಗಿ ಪ್ರದರ್ಶಿಸುತ್ತಿದ್ದಾಗ ನಮ್ಮ ಬುರ್ದಾ ಯಾಕೆ ಇಲ್ಲ ಅಂತ ನಾವು ಗಲಾಟೆ ಮಾಡುತ್ತಿರಲಿಲ್ಲ. ಯಾಕೆಂದ್ರೆ ನಮಗೆ ಶಾಲೆಯ ಕಾರ್ಯಕ್ರಮಗಳು ಚೆನ್ನಾಗಿ ನೆರವೇರಬೇಕಿತ್ತು ಅಷ್ಟೇ.

ಪ್ರತೀ ವರ್ಷ ಆಯುಧ ಪೂಜೆಗೆ ಪೂಜಾರಿಗಳು ಶಾಲೆಗೆ ಬಂದು ಪೂಜೆ ಮಾಡಿ ಆಯುಧಗಳಿಗೆ ಕುಂಕುಮ ಹಚ್ಚುತ್ತಿದ್ದಾಗಲೂ  ನಮಗೆ ಅದರ ಪರ ಮಾತನಾಡಬೇಕೆಂದು ಅನಿಸುತ್ತಿರಲಿಲ್ಲ ಯಾಕಂದ್ರೆ ನಮಗದ್ಯಾವುದು ಪ್ರಶ್ನೆಗಳಾಗಿ ತೋಚುತ್ತಿರಲಿಲ್ಲ.

ಪ್ರತೀ ವರ್ಷ ಶಾಲೆಯಲ್ಲಿ ಶಾರದಾದೇವಿ ಪೂಜೆ ನಡೆಸುವಾಗಲೂ ಎಂದಿಗೂ ನಾವು ಕೋಪಗೊಂಡು ಶಾಲೆಗೆ ಕಲ್ಲು ತೂರಾಟ ನಡೆಸುತ್ತಿರಲಿಲ್ಲ. 

ನಮ್ಮ ಸಹಪಾಠಿಗಳು ಶಾಲೆಗೆ ಬರುವಾಗ ಕೈಯಲ್ಲಿ ಕೆಂಪು ದಾರ, ಹಣೆಯಲ್ಲಿ ಕುಂಕಮ ಇದ್ಯಾವುದೂ ನಮಗೆ ಸಮಸ್ಯೆಯಾಗಿ ತೋಚುತ್ತಿರಲಿಲ್ಲ.

ಆದರೆ ಮುಸಲ್ಮಾನ ವಿದ್ಯಾರ್ಥಿನಿಯರು ತಮ್ಮ ಸ್ವಇಚ್ಛೆಯಿಂದ, ಯಾರಿಗೂ ಉಪದ್ರವಾಗದಂತೆ, ತಮ್ಮ ರಕ್ಷಣೆಗೋಸ್ಕರ ಧರಿಸುವ ಹಿಜಾಬ್ ಎಲ್ಲರಿಗೂ ಪ್ರಶ್ನೆಯಾಗುತ್ತಿದೆಯೆಂದರೆ ಇದು ಜಾತ್ಯಾತೀತ ದೇಶದ ಶಾಂತಿಗೆ ಕೇಡೇ ಸರಿ.
ನಮ್ಮ ಜಾತ್ಯಾತೀತ ರಾಷ್ಟ್ರವನ್ನು ಕೋಮುವಾದಿ ರಾಷ್ಟ್ರವಾಗುವುದನ್ನು ನಾವೆಲ್ಲರೂ ಸೇರಿ ತಡೆಯಬೇಕಿದೆ.
ಅರ್ಥವಾಗುವವರೆಗೆ ಓದಿ ,ಅರ್ಥವಾಗದೆ ಇದ್ದರೆ ಮತ್ತೆ ಮತ್ತೆ ಓದಿ.ಇದನ್ನು ಓದಿದ ಮೇಲು ವಿಷ ಕಾರುತ್ತೀರಿ ಎನ್ನುವುದಾದರೆ ನೀವು ಮನುಷ್ಯರೆ ಅಲ್ಲ.",0
Saaku muchchappa nin kathe. Olle un educated tara comment haakiddiya 😂,1
...swamy.  ..naanu.  kunbaar,0
ಜೈ ಚಕ್ರವರ್ತಿ ಜಿ   ನಮ್ಮ ಹಿಂದೂ ಗಳಿಗೆ  ಬುದ್ಧಿ ಬರೋದರೊಳಗೆ,1
Thappu madidorabagge helidare ikyathe dakke agodilla  congress sigo 4muslim vote hogutte anno bhaya adakke.,1
Yathnal is sula magna chapal sa matthu gandu,1
ಅತ್ತ್ಯುತ್ತಮವಾಗಿ ವಿವರಿಸಿದ್ದಿರ. ❤,0
ಲೋ ಜಮೀರ ಎಂಬವ ಹಾದರಕ್ಕೆ ಹುಟ್ಟಿದ ಬೇವರ್ಶಿ,1
Heng pingli😂😂 chakku mama😂😂😂,1
Next cm brp boss,0
ಈ ಜಾತಿ ವ್ಯವಸ್ಥೆ ಸಂಪೂರ್ಣ ನಾಶವಾಗಿಲಿ ಎಂದು ನಾವು ಎಲ್ಲರಿಗೂ ತಿಳಿಸಿ ಅದನ್ನು ಸಂಪೂರ್ಣ ನಾಶ ಮಾಡಲು ನಾವೂ ಎಲ್ಲಾರು ಕೈ ಜೋಡಿಸೋಣ ಎಂದು ನಿಮ್ಮಲ್ಲಿ ಕೇಳಿಕೊಳ್ಳುತ್ತೇನೆ 🙏🙏,0
Yak guru ettavarnella kardu kuratira ratapi janranna kardu matadsi,0
ಧರ್ಮದ ದಂಧೆ,0
ಒಂದ್ ಪದ ಮಿಸ್ಟೆಕ್ ಆಯ್ತು,0
"ನನ್ನ ಪ್ರಕಾರ,ನಿಜ ಹೇಳ್ಬೇಕು ಅಂದ್ರೆ ಶಾಲೆಯಲ್ಲಿ ಸರಸ್ವತಿ ಪೂಜೆ ಮಾಡಲಿಕ್ಕೆ, ವಸ್ತ್ರ ಸಂಹಿತೆ ಬಗ್ಗೆ ಇನ್ನಿತರ ಹಿಂದೂಗಳ ಆಚರಣೆ ಬಗ್ಗೆ ಮುಸ್ಲಿಮರು ತಲೆ ಕೆಡಿಸಿಕೊಂಡಿರಲಿಲ್ಲ ಆದ್ರೆ ಈ ಹೊಲಸು ಕಾಂಗ್ರೆಸ್ ನವರು ತಮ್ಮ ರಾಜಕೀಯ ತೆವಲಿಗಾಗಿ, ಅಧಿಕಾರದ ದುರಾಸೆಗಾಗಿ ಅವರಲ್ಲಿಲ್ಲದ ಕೆಟ್ಟ ಗುಣಗಳನ್ನು ಅವರಿಗೆ ತುಂಬಿ ನಮ್ಮ ಆಚರಣೆಗಳನ್ನು ತೆಗೆದುಹಾಕುತ್ತ ಅವರನ್ನು ಓಲೈಕೆ ಮಾಡುತ್ತಿದ್ದಾರೆ.",0
Deshakke maraka edub,1
Arun jothe muslims para mathada bedi sir avanige muslims andre allergic anisutthade,1
Ninna appa na deshakke sutantra tandido first history nodo nayi,1
420 congress bevarsi gallu bangladesh mulla galana entry madsi,1
Lofer 😢😢😢😢,1
Ajith ninage Bjp davaru ninn mane nadesiddare idarinddhle ninu belethe idiya tho ninn janamkke nachike yaagali,1
Government a caste certificate kodutthe yallrigu jathi misalathi kottide yallru onde antha government madbeku yallru manushyare......,0
ಒಹ್ ನೀನು ಪೆಗ್ ಗಿರಾಕಿನಾ,1
Jai hanuman man senne,0
Elru ondhe antha samadhanavagi nirdhara madi adhanna bittu uriyo benkili thuppa hakbedi buddhi upayogisi,1
Yar yasht tika harkondru aste nanu ganchali matugalige utra kotirodu nanu jati dharma mateno nodi matadonu kuda alla APJ ABDUL kalam na follow madonu adre yalrugu avr avr dharma heche agiratte bere dharmagalna preethi madodu bekilla konepaksha gowrava inda nodbeku annodu nan bhavane prati ondrallu dwesha kaarta hodre yallavu dweshadalle kone agodu,1
"Rama raajya andare enu chimma?
Ninna nalage seri illa
Oosaravalli chimma",1
ಸೂಳೆ ಮಕ್ಕಳು ಹುಟ್ಟಿಸಿರುವ ಸೂಳೆ ಮಕ್ಕಳಿಗೆ ಜಮೀನು ಬೇಕು ಅದಕ್ಕೆ ಹೀಗೆ ಮಾಡುತ ಇದ್ದಾರೆ.,0
Le shanda ninthara hedi sawarkariga huttidavaralla ninthara komu bashana maduvavaralla.zamir sir yavathu inobbariga help madthara horathu.nin thara halkat alla,1
Yaru adru heli adre e India dhali jathi erbhardhu agle hudhara aghodhu,0
Mukaam  nimage  matadlo bsrudilaa  ninu deshavaasiyon bettu   hogo,1
ಅಬಿವೃದ್ಧಿ ಕೆಲಸ ಮಾಡದ ನಾಯಿಗಳು🐶🐩🐶🐩,1
Sharifa ge modalu chennagi kannada mataduke helari avanige,0
ಸರ್ಕಾರಿ ದಾಖಲೆಗಳಲ್ಲಿ ಜಾತಿ ಕಾಲಂ ತೆಗೆದರೆ ಮಾತ್ರ ಎಲ್ರೂ ಒಂದಾಗಬಹುದು.,0
"ವ್ಹಾವ್, ಕೆಟ್ಟ ಜಾತಿ ವ್ಯವಸ್ಥೆ ಬಗ್ಗೆ ಎಂತಹ ವಿಶ್ಲೇಷಣೆ , ನಿಮಗೆ ಧನ್ಯವಾದಗಳು ಸರ್.",0
 @inspirationalriseyoursoul3560  bere avrige compare madudre erodralli Pratap simha Is best,0
ಅಮಾಯಕ ಭಕ್ತರಿಗೆ ಯಾಮಾರಿಸಿದ ಸೂಲಿಬೆಲೆ ಮೊದಲು ಚಿನ್ನದ ರಸ್ತೆ ಕಥೆ ಹೇಳು ಗುಜರಾತ್ ನಾಯಕ,1
ಉತ್ತಮ ಸಂದೇಶ ಸಾರಿದ್ದಿರಿ 🙏🙏🙏🙏,0
ಡೇಂಜರ್ ಆರ್ ಎಸ್ ಎಸ್,1
"​ @NilafAhmad-sc3mr  mohammad avna family avru yav Dharma fallow madthidru quran srusti agiro base 4 Book yavu antha thilkondba 
Nabi krishanige help madidru anno kivig udo kathe kelkondu kurbeda udku mula udku",1
Tq amar prasad sir idanna naanu 30 varshagala hindhene hudukide aadre nanage sikkida bahumaanane bere. Jai hind jai bhaarath maatha..,0
ಬಾಡಿಗೆ ಮನೆ ಕೇಳೋಕ್ ಹೋದ್ರೆ ಯಾವ್ caste ಅಂತ ಕೇಳೋ ಜನಕ್ಕೆ ಈ ಸತ್ಯ ಅರ್ಥ ಆಗ್ಬೇಕು,0
Bangalore ali jaati Hesarli Mane kodlil sr,1
nin intelligent anta godu bidu yenake sumne buildup kodta  ediyaa. 2014 ninda 2019 . 2019 ninda 2024 yeno kano idyalla,0
@imam123 nenu  7 mindre maga  bereke hindhu tukali congress  loafer nenu 😂😂😂,1
Madalane world War 2014 to 2024 wah yenri nim hitishasa chintane,0
Modalu karetagi matanadu kali modalane udha agidu 1914 to 1918 varage your are thinking  what about speaking,0
Edara hinde BJP kai ede,0
ಅದು ಎಲ್ಲರಿಂದಲೂ ಸಾಧ್ಯವಿಲ್ಲ ಆದಷ್ಟು ಪ್ರಯತ್ನ ಪಡಿ,0
Yavagnudu visha ne idiyelappa nin bayiyali,1
ರಿಪೋರ್ಟರ್ ಮಾತಿಗೆ ಉತ್ತರ ಕೊಡದೆ ಓಡಿ ಹೋದ ಹಿಜಡ್ಯಾ,1
Super anna,0
"ಅಂದ್ರೇ ಇಸ್ಲಾಮ್ ತತ್ವಗಳು ಪ್ರೇರಕ ಶಕ್ತಿ, ಆಗಿರ್ ಬೇಕೂ....",0
Le sulibele ninu onde tandege huttiddare ninu musalmanarige desha bidsu,0
ಭವ್ಯ ಪಾಕಿಸ್ತಾನಕೆ ಹೋಗ್ಲಿ ಅವಾಗ ಗೊತಾಗುತ್ತೆ ಇವಳೇ ಭಾರತ ದೇಶದ ಬಹು ದೊಡ ಭಯೋತ್ಪಾದಕಿ ದೇಶ ದ್ರೋಹಿ ಕಾಂಗ್ರೆಸ್ ನವರು ಭಯೋತ್ಪದನೆ ಸಪೋರ್ಟ್ ಬಡಿದ್ರೇದಲೇ ಬಿಹಾರದಲಿ ಹೀನಾಯ ಸೋಲು ಅಗಿದು ಬಿಹಾರದ ಜನರು ಬುದ್ದಿ ವಂತರು,1
"ಕಲಿಯುಗದ ಸತ್ಯ ಹರೀಶ್ ಚಂದ್ರ ಜೈ ಚಕ್ರವರ್ತಿ ಸೂಲಿಬೆಲೆ ಅಣ್ಣ.
ಸತ್ಯಂ ಚಕ್ರವರ್ತಿ ಒಂದೇ ಗುರು.",0
Abdul Razak obba shakuni .. Hindu maadtharey moharam.nim Muslim population Hindu festival maadtharey..,1
"ಪುಣ್ಯಾತ್ಮ ಸೂಲಿಬೆಲೆ ಚಕ್ರವರ್ತಿ ನರೇಂದ್ರ ಮೋದಿ ಬಿಜೆಪಿ ಸರಕಾರ  ಕರ್ನಾಟಕ ರಾಜ್ಯಕ್ಕೆ ಸರಿಯಾಗಿ ಅನುದಾನ ಕೊಡುತ್ತಿಲ್ಲ ಈ ಬಗ್ಗೆ ನರೇಂದ್ರ ಮೋದಿಯಿಂದ ಅನುದಾನ ಕೊಡಿಸಯ್ಯ 
ಶಿವಾನಂದ ಮಾಳಣ್ಣವರ ಬೆಳಗಾವಿ ನಗರ",0
"ಬ್ರಹ್ಮ, ಬ್ರಹ್ಮನೇ, ಬ್ರಹ್ಮನ ಶರೀರದ ಅಂಗಾಗಳಿಗೆ ಜಾತಿಗಳು ಎಷ್ಟು ಸರಿ?",0
Ninu nettagidiya anta nodko,1
ಜಮೀರ್ ಅಹಮದ್ ಅನ್ನು ಮೋದಲು 👉🏼 ಗಲ್ಲಿಗೆ ಹಾಕಬೇಕು ಇಲ್ಲದಿದ್ದರೆ ರೈತರ ಜಮೀನು 👉🏼 ಕಳ್ಳರ ಪಾಲು,1
"ನೀವು ದೇಶದ ಪ್ರತಿ ಹಳ್ಳಿಯಲ್ಲೂ ನೆಲೆಸಿರುವ ಹಿಂದೂಗಳಿಗೆ ತಲುಪುವಂತೆ ಮಾಡಬೇಕು, ಇಂತಹ ವಿಷಯಗಳು ಅವರಿಗೆ ತಿಳಿದಿಲ್ಲ",1
Ninna hendathinu haaku,0
"​ @poorboy1707 ​​@poorboy1707 yako thuleshi .Nin amma  bejar madkonala est  dina nange kaita ivaga pratham hendti hatra hogidhane anta..
Sory  magane  Nin ammanige last. Stage aids bandidhe nan  thune  nin  tayi Thull olge haklike agalla .bekidhre nan thune  hidkond chiplike hellu. 
Doctor hatra solution keli muklige kaibodhu Andre bandhu kaitini OK.
Yavdhuku nin  ammanige shata clean madlike hellu",1
Swamy neev ಸ್ವಲ್ಪ ದಿವಸ ಮಾತಾಡಬೇಡಿ,1
"Abdul razzak avare neevu pubic tv gr yeste  helidaru avaru nimma mathannu helalu bedudilla , nanu nanna maneyaru  e public tv  news channel ye nodudannu bittiddeve , ankere prachodabe kodtha Eddane,",0
"Eee matanna modalu aaa jihadi galige heli, amele namige helu gulama... Ade kuvempu helida jnana degulavi.... Anno vakyavannu badalisiddu yaru aga ellogidde.",1
ಹಿಂದೂ ಇರಬೇಕು ಇಲ್ಲ ಮುಸ್ಲಿಂ ಅಲ್ಲಿಗ್ ಬರೋದ್ ಪಕ್ಕಾ ಈ ದೇಶ 👍,0
"2024 innu bandilla,yanthah history create madidare ivaru.yanthadu maraya.",1
ಚಡ್ಡಿ ಹಾಕೋಕೆ ಬಕೆಟ್ ನನ್ ಮಗನೇ,1
ಹಿಂದೂ ಧರ್ಮದಲಿ ಸಮಾನತೆ ಎದೆಯ ಗೌಡ್ರೇ,0
"ಬಾಬಾ ಸಾಹೇಬ್ ಅಂಬೇಡ್ಕರ್ ಅವರ ಮದುವೆಯ ಸಂಪ್ರದಾಯ ಹಾಗೂ ಹಳ್ಳಿಗಳನ್ನು ಜಾತೀಯ ಬಿಲ ಎಂದು ಹೇಳಿದ್ದಾರೆ.. ಮೀಸಲಾತಿಯನ್ನು ಪ್ರಶ್ನೆ ಮಾಡುವ ಪ್ರಜ್ಞಾವಂತರು, ಜಾತಿಯ ವ್ಯವಸ್ಥೆಯ ಬಗ್ಗೆ ಯಾಕೆ ಪ್ರಶ್ನೆ ಮಾಡುವುದಿಲ್ಲ..?  ಸ್ವಾತಂತ್ರ ಬಂದು 75 ವರ್ಷ ಕಳೆದರೂ ಇಂದಿಗೂ ಜಾತಿಯ ವ್ಯವಸ್ಥೆಯ ಜೀವಂತವಾಗಿದೆ. ಇಂದಿಗೂ ದಲಿತರನ್ನು ಅವಕಾಶಗಳಿಂದ ದೂರ ಇರಿಸಿದೆ. ಈ ದೇಶದ ಸಂಪತ್ತನ್ನು ಕೆಲವೇ ಮೇಲುವರ್ಗದವರಿಗೆ ಕ್ರೂಡಿಕರಣ ಆಗುತ್ತಿದೆ, ಇದಕೆಲ್ಲ ಮುಖ್ಯ ಕಾರಣ ರಾಜಕೀಯ ವ್ಯವಸ್ಥೆಯೇ ಕಾರಣ..
ಬಾಬಾ ಸಾಹೇಬ್ ಅಂಬೇಡ್ಕರ್ ಅವರು ಗುಲಾಮಗಿರಿ ಇಂದ ಹೊರಗೆ ಬರಬೇಕು ಎಂದು ಮತದಾನ ಹಕ್ಕನ್ನು ಪ್ರಜೆಗಳಿಗೆ ಕೋಟ್ಟಿದರೆ ನಮ್ಮ ಬಹುಜನರು ಆಮಿಷಗಳಿಗೆ ಬಲಿಯಾಗಿ ಪವಿತ್ರವಾದ ಮತದಾನ ಹಕ್ಕನ್ನು ಮಾರಿಕೊಳ್ಳುತಿದ್ದರೆ... ಮತದಾನ ಎಂಬುವುದು ನಿಮ್ಮ ಮನೆಯ ಹೆಣ್ಣು ಮಗಳು ಇದ್ದಂತೆ ಸಹೋದರಿ ಇದ್ದಂತೆ ಮತದಾನ ಹಕ್ಕನ್ನು ಮಾಡಿಕೊಂಡರೆ ಇವರನ್ನು ಮಾರಿ ಕೊಂಡತ್ತೆ..
ದಯವಿಟ್ಟು ಪವಿತ್ರವಾದ ಸಂದೇಶವನ್ನು ಅರ್ಥಮಾಡಿಕೊಂಡು ಪ್ರಜಾಪ್ರಭುತ್ವವನ್ನೂ ಕಟ್ಟಿಗೊಳಿಸಿ...🙏jai bheem ✊ Jai Indian constitution 📖",0
Ninu yarigi huttidiya modalu tilko sule magane,1
"ಜಾತಿ, ವರ್ಗ, ಧರ್ಮ ಇವೆಲ್ಲ ಸ್ಕೂಲ್ ನಲ್ಲಿ TC, ಬೇರೆ ರೆಕಾರ್ಡ್ಸ್ ನಲ್ಲಿ ಬರಿದೆ ಇರ್ಲಿ ಇವತ್ತಲ್ಲ ನಾಳೆ ಜಾತಿ ತಾರತಮ್ಯ ನಿಲ್ಲುತ್ತೆ cast resevation ತೆಗಿಲಿ ವಿಶ್ವೇಶ್ವರಯ್ಯ ನವರು ಹೇಳಿದ್ದು ಜಾತಿ ಮೀಸಲಾತಿ ಬೇಡ ಜ್ಞಾನಕ್ಕೆ ಬೆಲೆ   ಸಿಗಲ್ಲ ಅಂತ ಅಮರ್ ಸರ್...",0
Helodondu maadodondu nambabedi,1
Supar  anna  🏹🚩🚩🕉🚩🚩🏹,0
Jai bhim  jai sri ram,0
12 ನೆ ಶತಮಾನ ದಲ್ಲೇ ವಿಶ್ವ ರತ್ನ ಬಸವೇಶ್ವರರು ಈ ಅನಿಷ್ಠ ಜಾತಿ ಪದ್ಧತಿ ತೊಡೆದು ಹಾಕಲು ಶ್ರಮಿಸಿದ್ದಾರೆ ಆದರೆ ಈಗಿನ ಜಗತ್ ಗುರುಗಳು ಜಾತಿ ಪದ್ಧತಿ ಹೆಚ್ಚಿಸಲು ಪ್ರಯತ್ನಿಸುತ್ತಿದ್ದಾರೆ,0
ಆದಷ್ಟು ಬೇಗ ಬಿಜೆಪಿಯಲ್ಲಿ ಹೀರೋ ಆಗಳು ಹೊರಟಿದ್ದಾನೆ ಕುರಿ ಪ್ರತಾಪ,1
India Muslim rastra,1
"ಇಂದಿಗೂ ಕೂಡ ನಮ್ಮ ಊರಲ್ಲಿ ಜಾತಿ ವ್ಯವಸ್ಥೆ ಇದೆ, ತುಂಬಾ ಸಿಟ್ಟು ಕೊಡ ಬರತ್ತೆ...
ಕೆಳವರ್ಗದವರು ಇನ್ನೂ ಮುಂದೆ ಬರಬೇಕು , ಶಿಕ್ಷಣ ತಗೊಂಡು ಜಾತಿ ವ್ಯವಸ್ಥೆ ಯನ್ನು ತೊಡೆದುಹಾಕಲು ಪ್ರಯತ್ನಿಸಬೇಕು...
ನಾನು ಯಾವುದೇ ಜಾತಿ ಪರ ಅಲ್ಲ,
ಮಾನವ ಒಂದೇ ಜಾತಿ..",0
Ennu change ugeeri avara mukake,1
Jai brp,0
Ivanu dr. Baba saheb bagge sullu helta iddane,1
" @prabhu-q1d  ಅಂದ್ರೆ ನಿಮ್ ಪ್ರಕಾರ ಇದೆ ಕೆಳಜಾತಿಯವರು ಮಾಡಿದ್ರೆ , ಇದೆ ಶಿಕ್ಷೆ ಕೆಳಜಾತಿವರಿಗೆ ಕೊಟ್ಟಿದ್ರೆ ಇದೆ ಮಾತು ಅಂತಿದ್ರ????",1
Suule bele chakravarty...,1
Thoo nin janmakke  A mahan  wyakti na  yako nin holsu baiyalli  hesur tokotiya,1
ಇವಳು ಮುಸ್ಲಿಮರ ಹೆಂಡತಿ,1
Islam dharma alla... its just a religion... soole ge huttidh soole makla,1
Namadu hindu rastra,1
Arun bjp tale hediga le buli magne nin yawnu madaresa ge hugkakke heulkke sarkari shale nim abbundu...,1
ಈ ನಾಯಕರ ಮಕ್ಕಳು ಯಾರು ಬರಲ್ಲ. ಬರೇ ಇವರ ಹಿಂದೂ ಮುಸ್ಲಿಂ ಅಂತ ಬೆಂಕಿ ಅಚ್ಚುವ ಕೆಲಸ ಬಿಟ್ಟು ಬೇರೆ ಏನು ಮಾತಾಡಲ್ಲ... ತಮ್ಮ ಪಕ್ಷದವರು ಏನಾದರೂ ಮಾಡಿದರೆ ಅವರ ವಯಕ್ತಿಕ ಅಂತ್ತಾರೆ... ಇವರು ಬೇರೆಯವರ ಮಾಡಿದರೆ ಇಡೀ ಸಮುದಾಯ ತಗೆದುಕೊಳ್ಳುತ್ತಾರೆ..,0
"ಯಾರಪ್ಪಂದು ಅಂತ ತೀರ್ಮಾನ 
ಮಾಡೋಕೆ ಇರುವುದು ಒಂದೇ ದಾರಿ...

ಅಗ್ನಿಪಾರಂಗತ ರಣತಂತ್ರ ಆಯುಧ ಬಲ ಯಾರಿಂದ?

1. ಹಿಂದೂ
2. ಮುಸ್ಲಿಂ
3. ಕ್ರಿಶ್ಚಿಯನ್
4. ಪಾರ್ಸಿ
5.",0
ಜೈ ಶ್ರೀ ರಾಮ್ 🚩,0
Sulibe. Ninu. Ibaru. Ontara. Naigalidante,1
Eee jaathi indagi nan preethi nan kalkoloo paritishi barutee😢😢😢,0
ನಾನ್ ನಿಮ್ಮ ಮನೆಗೆ ಬೆಂಕಿ ಇಟ್ಟರೆ ಸುಮ್ಮ್ನೆ ಬಿಡ್ತಿಯ ಗಾಂಡು ನನ್ ಮಗ್ನೆ,1
Edhay. Rajaku gay,1
Sulibele you do dare to speak about true about virendra heggade darmastala howmany deaths of hindus,1
Kurubaa should see this video,0
ಋಗಗ್ವೇದ ಬರೆದವರು ಯಾರು,0
ಕಿರಿಚೋದು ಬೇಡ ಅವರು ಏನು ಹೇಳುತ್ತಿದ್ದಾರೆ ಅಂತ ದಯವಿಟ್ಟು ಕೇಳಿ,0
Uluvavane boomi odeya Elli,0
❤❤❤❤ಅಣ್ಣಾ ❤❤,0
Hogale bolimagane muklag dam edre madu😂😂😂😂😂,1
Ee lofer ge Muslims thunne unnillandre nidde barolllla,1
D K S & S Mulla Khan to ans to this,0
E Abdul rajak rantha daddarinda..yenu mathadakke baralla,0
"ತಿಕದಲ್ಲಿ ಧಮ್ ಇದ್ದರೆ.. ಅಂಬೇಡ್ಕರ,  ಗಾಂಧಿ ವಿರುದ್ಧ ಹೋರಾಟ ಮಾಡಿ,, ನಕಲಿ ಜ್ಯಾತ್ಯಾತಿತರೆ.. ಗಂಜಿ ಗಿರಾಕಿಗಳೆ,, ಶಾಂತಿ ದೂತರೆ..",1
ಯಾವ ಬಸವಾದಿ ಲಿಂಗಾಯತರಿಂದ ಜಾತಿ ಪದ್ಧತಿ ವಿರುದ್ದ ಹೋರಾಟ ಆಯಿತೋ ಅದೇ ಲಿಂಗಾಯತರು ತಾವೇ ಶ್ರೇಷ್ಟ ಅಂತ ಅವರಿಂದಲೇ ಜಾತಿ ಪದ್ಧತಿ ಇನ್ನೂ ಹಳವಾಗಿ ಬೇರೋರೋ ಪರಿಸ್ಥಿತಿ ಬಂದೋದಗಿದೆ 🤦🥲,1
Jay Sanatan Jay Bheem Jay Modi,0
​ @chetanbca1183  ಜೈಭೀಮ್ ಜೈ ಶ್ರೀರಾಮ್ ಜೈ ಸಂವಿಧಾನ ಮೊದಲು ನಾವು ಹಿಂದೂಗಳು,0
​ @mustakbk4000  lo thurrka soolle magne .,1
 @pms-Safuwanpm  ಉಗ್ರ ಎನ್ಲಾ ಪ್ಯಾಡ್ ಅಂತ ಹೆಸರು ಇಟ್ಕೊಂಡು ಬೆರೆಯವರಿಗೆ ಹೇಳ್ತೀಯಾ ಯಾಕೆ ಉರಿನಾ,0
hindutvadalliruva  jatiyate nillisu muttala muttala anista,1
Anchor Jant sariyagi Mata Dali,0
Amithsha rajiname kodalla terrors ge jannath ge kalistare aste jai amithsha jai modiji,0
"Halka Nan maga, Ambedkar avrugu ivra jothe serskondu Dodda sullugaara anta prove madkontavne",1
"​ @kesar971 idhu atrocity case ashte , civil or criminal alla",0
ಯತ್ನಾಳ್ ಒಬ್ಬ ಲೋಫರ್.... ವಿಜಯ್ಪುರದಲ್ಲಿ ಏನು ಮಾಡಿಲ್ಲ... ಬರಿ ಮಾತು ಅಷ್ಟೇ.,1
Congress party ge vote hakida murkha hindugale yeddeli,1
"ನೀವು ಹೇಳುವಷ್ಟು ಸುಲಭವಾಗಿಲ್ಲ ಈ ಜಾತಿ ಎಂಬ ವಿಕೃತಿ 
ಇದು ಎಷ್ಟು ಕ್ರೂರವಾಗಿದೆ ಎಂದರೆ 
ಯುವಕರಲ್ಲಿ ಮತ್ತು ವಿದ್ಯಾವಂತೆರಲ್ಲೇ ಹೆಚ್ಚು ಹೆಚ್ಚಾಗಿ ಆಚರಣೆಯಲ್ಲಿ ಇರುವುದು ನಿಜಕ್ಕೂ ಈ ದೇಶದ ದುರಂತ 
ಅದನ್ನು ಅಳಿಸೋದು ಎಂದೆದಿಗೂ ಸಾಧ್ಯವೇ ಇಲ್ಲ ಈ ವಿಷ ವರ್ತುಲದಲ್ಲಿ ಸಿಲುಕಿ ಈ ಕಾಲಮಾನದಲ್ಲೂ ನರಳುತ್ತಿರುವವರ  ನೋವು ಅನುಭವಿಸುತ್ತಿರುವವರಿಗೇ ಗೊತ್ತು.

ಈ ಜನ ಅಚಾನಕ್ಕಾಗಿ ಕಲಿತ ಕೆಟ್ಟ ಚಟಗಳನ್ನೇ ಬಿಡೋದಿಲ್ಲ ಅಂತಹದರಲ್ಲಿ ಈ ಜಾತೀಯತೆಯನ್ನು ಬಿಟ್ಟು ಬಿಡ್ತಾರಾ....???? 
ಊಟದೊಳಗಿನ ಉಪ್ಪಿನಂತೆ ಬಳಸುತ್ತಾರೆಯೇ ಹೊರತು ಅದನ್ನು ಬಿಟ್ಟು ಬದುಕೋದಿಲ್ಲ.",0
"Avaru hange aagakke kaarana, bloody so called caste system.... Have you people ever support them at least once in your life time? You means not you... The whole hindu community... Even today, you know, how you people are treating them? So try to change all your mindsets.. Treat them as human beings... Then they will also change",1
Dg Alli kg Halli case Alli yaakilla e neethi,0
Pratap Simha sir ge Ella kannadigaru support madbeku,0
ಲೋ ಕುರಿ ಪ್ರತಾಪ ಗಾಂಧೀಜಿಯ ಹೆಸರು ಹೇಳೊಕ್ಕೆ ಯೋಗ್ಯತೆ ಇಲ್ಲದ ಅಯೋಗ್ಯ ನೀನು,1
"Dear amar prasad jati hogabekadre ond kelsa madbeku nanna prakara helbekendre yavudrallu caste aagli  all are indian baratiya yendu declere madbeku yelle aagli school college sarkari uddeyog caste certicate kelabardu caste colum mention madbardu merrit income male rajkiyadalle aagli uddogdalle aagli income kadime irror aayke madbeku avrava castelli marrage agbaudu bekendre oppodadre itate castenallu aagli aadre dayavittu marryda attya madbardu buddivada heli kelada pakshadlli bittubidi drutigettu yava tappanna madabaradu nantara manssige gasiyaguttade, caste hogabekandare city sertta hodalli kalakramena todedu hakabaudu income kadime iruvavrige some,./.hechhige sahaya madutta barbeku sarkaradinda, 29:09",0
ಸರ ನಾನು ನಿಮ್ಮ ಜೊತೆ  ಬರ್ತೇನಿ,0
Jaathi keluvavanannu nodi kopa gollabedi yekandare avanobba maanasika rogi agiruttane..,0
ಸರ್ ನಾವು ಹಿಂದೂಗಳು ಹಿಜಡಾ ಇದ್ದಹಾಗೆ ಏನೆ ಹೇಳಿ ಬೋರಗಲ್ಲಿನ ಮೇಲೆ ನೀರು ಹಾಕಿದಂಗೆ,1
Nimma CM HM resign madokey helhu Bangalore RCB stampede case nalli kottra resignation nachikey agabeku ninaghey,0
"Manawaru .naawellaru...aadre...kelavaru..naamelu .ieewan..kieelu....annuvude..mookyaa.waagide..intha..jathi..paddati..bitu..nawella..sari..saamana......  .manawaru..andu.kondagale..melu.....kilu....yelliya..tanaka..iru.
Vudu..allyawaregu..badatana..kittu........tinnuviri..?????.",0
"ಅಲ್ಪಸಂಖ್ಯಾತರ ವಿಶ್ವವಿದ್ಯಾನಿಲಯದ ಲ್ಯಾಬೊರೇಟರೀಸ್ ನಲ್ಲಿ ಬಾಂಬ್ ತಯಾರಿ ಮಾಡಿದವರು, ಕಾಪೀರನ್ನು ಕೊಲ್ಲಲು.ಅಷ್ಷೇ",1
ಆದ್ರೆ ಕೆಳವರ್ಗದವರಿಗೆ ಯಾವಾಗ ಬುದ್ದಿ ಬರುತ್ತೋ ಯಾವಾಗ ಒಟ್ಟು ಗೂಡುತ್ತಾರೋ  ಅಂಬೇಡ್ಕರ್ರೆಬಲ್ಲ,1
"Sir ನಾನು ಕೂಡ ಒಬ್ಬ ದಲಿತನಾಗಿ ಹೇಳ್ತಾ ಇದ್ದೀನಿ ನಾವೇ ಸರಿ ಇಲ್ಲ ಮೊದಲೆಲ್ಲ ನಮ್ಮ ಮೇಲೆ ಅಸ್ಪೃಶ್ಯತೆಯಿಂದ ಕೀಳಾಗಿ ನೋಡ್ತಾ ಇದ್ರು ಇವಾಗ ನಾವು ಮೀಸಲಾತಿ ಅನ್ನೋ ಹೆಸರಿನಲ್ಲಿ ಇವತ್ತಿಗೆ ಜನರನ್ನ ಹಾಳು ಮಾಡ್ತಾ ಇದ್ದೀವಿ ನಮ್ಮಲ್ಲೂ ಹಲವಾರು ಜಾತಿಗಳಿವೆ ನನ್ನ ಸ್ನೇಹಿತ ಸುನಿಲ್ ಎನ್ನುವವನು ಹೊಲಿಯ ಜಾತಿ ನಾನು ನಾಯಕ ಜಾತಿ ನಾನು ಜಾತಿ ಪದ್ಧತಿ ವಿರುದ್ಧವಿದ್ದೇನೆ ಆದರೆ ಆತ ಧರ್ಮವನ್ನು ವಿರೋಧ ಮಾಡ್ತಾನೆ ಹಿಂದೂ ಧರ್ಮ ಸರಿ ಇಲ್ಲ ದೇವರು ಇಲ್ಲ ಅನ್ನೋ ಅವನು ಗೋ ಮಾಂಸ ತಿಂದರೆ ತಪ್ಪೇನು ಗೋವು ದೇವರಲ್ಲ ಎನ್ನುವವನು ತನ್ನ ಮನೆಯ ಗೃಹ ಪ್ರವೇಶಕ್ಕೆ ಗೋವನ್ನು ಪೂಜೆ ಮಾಡಿದನು ತನ್ನ ಮನೆಯಲ್ಲಿ ತುಂಬಾ ದೇವರ ಫೋಟೋ ಇಟ್ಟಿದ್ದಾನೆ ಅವನ ಮನೆಯಲ್ಲಿ ದೇವರುಗಳ ಆರಾಧನೆ ಮಾಡಿ ಸಮಾಜಕ್ಕೆ ಧರ್ಮ ದ್ವೇಷ ಮಾಡುವ ಸಂದೇಶ ಕೊಡ್ತಾ ಇದ್ದಾನೆ, ನನಗೆ ಹೇಳ್ತಾನೆ ಆಯ್ತು ನೀನು ಜಾತಿ ಪದ್ದತಿಯ ವಿರುದ್ಧ ಇದ್ದೀಯ ಅಲ್ವ ಹಾಗಿದ್ರೆ ನಿನ್ನ ಜಾತಿಯಲ್ಲಿ ನನಗೆ ಹೆಣ್ಣು ಕೊಡಿಸು ಅಂದ ನಾನು ಹೇಳಿದೆ ಇನ್ನೊಬ್ಬರ ಜೀವನದ ವಿಷಯ ನನಗೆ ಸಂಬಂಧ ಪಟ್ಟಿಲ್ಲ ನಿನ್ನ ಪ್ರಕಾರ ನೀವು ಕೀಳು ನಾವು ಮೇಲು ಅಲ್ವ ಹಾಗಿದ್ರೆ ನಿನ್ನ ಜಾತಿಯಲ್ಲಿ ನಾನು ಮದುವೆ ಆಗ್ತೀನಿ ನೀನು ನಿನಗಿಂತ ಕೆಳ ಜಾತಿಯ ಹೆಣ್ಣನ್ನು ಮದ್ವೆ ಆಗು ಅಂದ್ರೆ ನಾನ್ ಯಾಕ್ ಆಗ್ಬೇಕು ಅಂತಾನೆ ಏನ್ ಮಾಡೋಣ ಈ ಸಮಾಜಕ್ಕೆ 😂",0
ಇನ್ನು ಸುಳ್ಳಿನ ಚಕ್ರವರ್ತಿ ಮಾತನ್ನ ಕೇಳುವ ಜನ ಇನ್ನು ಇದ್ದಾರಾ,1
Komuvadi pament giraki,1
"Le avarna evarna bayyodhe bin kelsana,neenu mpge NALAYAK, kelsa mado modalu, Hindhugalige yen madidheeya bogulo,Dhastusab thara gadda bittideeya ninen muslimma",1
ಚುನಾವಣಾ ಬಂತಂದ್ರೆ ಎಲ್ಲರೂ ನಾಟಕ ಮಾಡೋದೆ. ಬರಿ ಮೈಕ್ ನಲ್ಲಿ ಹೇಳಿದರೆ ಸಾಲದು ಬೀದಿಗೆ ಬಂದು ನಿಮ್ ಜನಕ್ಕೆ ತುಳಿವಳಿಕೆ ಮೂಡಿಸಿ.ಬೆಂಕಿ ಹಚ್ಚೊದು ನೀವೆ ನೀರು ಹಾಕೋದು ನೀವೆ.ಎಂತ ವಿಪರ್ಯಾಸವೆಂದರೆ ಇದು,0
Namage jatene gotela maduwe agutade node,0
ದೇಶಕ್ಕಾಗಿ ಮೋದಿ ಮೋದಿಗಾಗಿ ನಾವು ❤🚩🚩🚩,0
Heng pungli 😂,1
Zamir bhai Nina appa na,1
"Kal sulemagana yathnal,,,,vote kallaa",1
"Hi nappa 70years inda silentagi rule madkond bandidare namnella haal maadi ,,,,  congress base irode firoz gandhi ,, nam deshana 70years inda haal maadi ittidare,,,",1
"Jai Bheem Jai Rama
Rama nu namavri Bheema nu namavri

Prathap sir yelida vishya na Media Masters channel ali yelidari nodi",0
Howdu. Marana dandane bittu jeevavadi kottidare. Sari illa judge,0
"ಇನ್ಮೇಲೆ intercaste marriages ಮಾಡಿಸಲಿ rss ಎಲ್ಲರನ್ನು ಒಂದು ಮಾಡಲಿ....rss ಮುಖ್ಯಸ್ಥರನ್ನಾಗಿ ದಲಿತರು, obc ಗಳನ್ನು ಮಾಡಿಕೊಳ್ಳಲಿ....ಆಗ ಒಪ್ಪಬಹುದು...ಏನಂತೀರಿ acnhor ಅಣ್ಣ??",0
ಇದನ್ನು ನಮ್ಮ ಸರ್ಕಾರವೆ ಮಾಡಬೇಕು ಶಾಲೆಯ ಮಕ್ಕಳನ್ನು ಒಂದೇ ರೀತಿಯಲ್ಲಿ ನೂಡಬೆಕು ಜಾತಿ ಹೆಸರನ್ನು ಅಳಿಸಬೆಕು ಒಂದೇ ಸಮಾನತೆ ಸಿಗಬೇಕು ಜಾತಿ ಹೆಸರಲ್ಲಿ ಅಡ್ಮಿಶನ್ ಮಾಡಿಕೊಳ್ಳ ಬಾರದು ಆಗಿದ್ದರೆ ಮಾತ್ರಾ ಸಾದ್ಯ ಏನಂತಿರಾ ಸರ್,0
ಸಾರ್ವಜನಿಕ ವಾಗಿ ನೇಣಿಗೆ ಹಾಕಬೇಕಿತ್ತು 91 ಜನರನ್ನು .... ತುಂಬಾ ಮನಸಿಗೆ ಕುಶಿ ಆಗ್ತಾ ಇತ್ತು,1
ನಿನಗೆ ತಿಕದಲ್ಲಿ ದಮ್ಮ ಇದ್ರೆ ನಿನ್ ಜಮೀರ್  ವಿರುದ್ಧ  ಗೆಲ್ಲೂ ಅವರ ಕ್ಷೇತ್ರಕ್ಕೆ ಹೋಗಿ,1
ಉತ್ತರ ಪ್ರದೇಶದಲ್ಲಿ govt ಯಾವುದು ಗುರು ಸಾಕು ಮುಚ್ಚಿಕೋಳಯ್ಯ 😂😂😂,1
ಜೈ ಎತ್ನಾಳ್ 🔥🔥🔥🔥🔥,0
Evru constitution tegitivi andoru evrene...tane...bjp.big courpt party...,0
ಪೂಜಾರಿ ಕೆಲಸದಲ್ಲಿ ಮೀಸಲಾತಿ ಯಾಕೆ ಇಲ್ಲ ಒಂದೆ ಗುಂಪು ಅಲ್ಲಿ ಯಾಕೆ ಕೆಲಸ ಮಾಡುತ್ತಿರುವುದು,0
Jaathi vyavasthe Ban Rule Tarbeku...yak Tartha illa nam Rajkaranigalu...,0
Rss avaru ivaru😅,0
ಕೋರ್ಟ್ ಹೇಳಿದ್ದೆ ಸರಿ ಇಲ್ಲಿ ಮಾತಾಡಿ ಪ್ರಯೋಜನ ಇಲ್ಲ,0
ಮೋದಿ ಬಗ್ಗೆ ಯಾಕೋ ಮಾತಾಡ್ತೀಯಾ ಅಬ್ದುಲ್ ರಜಾಕ್ ಯೋಗ್ಯತೆ ಇದೇನು ನಿನಗೆ ಮೋದಿ ಬಗ್ಗೆ ಮಾತಾಡಕ್ಕೆ,0
Nanu E bubeyale wotedake  gateklau nemge mathadalu yawa gatege news kodutera wewaresee😂🎉,0
ನಿಮ್ಮ ಸಾಮಾಜಿಕ ಕಳಕಳಿಗೆ ಧನ್ಯವಾದಗಳು 🙏,0
"ಅಮರ ಪ್ರಸಾದ, ನಮ್ಮ ದೇಶದ ಒಳಗೆ ಪರಕೀಯರನ್ನು ಒಳಗೆ ಬಿಟ್ಟು ಕೊಟ್ಟವರು ಯಾರು, ಯಾಕೆ ಮತ್ತು ಹೇಗೆ ಎನ್ನುವುದನ್ನು ಸವಿಸ್ತಾರವಾಗಿ ತಿಳಿಸಲು  ಮನವಿ.",0
ಮೊದಲನೇ ಮಹಾ ಯುದ್ಧ 2014😂,0
Nimmantorindane: desha halagtide bolimagne enhelltidya: :ninu obba appange huttidre: :ninninda adre kallsonodana,1
"ಇದು ಇದೇ ಹೇಳಬೇಕಾಗಿದ್ದು ಸತ್ಯ ಯಾವಾಗಲೂ ಕಹಿಯಾಗಿರುತ್ತದೆ,  ಇದನ್ನು ಕೇಳಿ ಕಾಂಗ್ರೆಸ್ ಗುಲಾಮರ ಮುಕುಳಿ ಉರಿಯುತ್ತಿರಬೇಕು.",0
ನೋಡಿ ಪ್ರತಾಪ್ ಅವರೇ ನಿಮಗೆ ಯಾರನ್ನು ಯಾವ ದೇಶಕ್ಕೆ ಕಳ್ಸಿ ಅಂತ ಹೇಳುವ ಅಧಿಕಾರ ಇಲ್ಲ .ಕರ್ನಾಟಕ ಹೊರತು ಪಡಿಸಿ ಇಡೀ ದೇಶದಲ್ಲಿ ನಿಮ್ಮ ಹೇಳಿಕೆಗೆ ವಿರೋಧ ಉಂಟಾಗಿದೆ.ಯಾಕೆ ನಿಮಗೆ ಯಾರು ಮುಸ್ಲಿಮರ ಮತ ಹಾಕಿಲ್ವ.ಯಾಕೆ ಇಷ್ಟು ತುಚ್ಚವಾಗಿ ಅವರನ್ನು ನಿಂದಿಸುತ್ತಿರಿ .ಸಿಖ್ ಸಮುದಾಯ ಕೂಡ ಹಿಜಾಬಗೆ ಬೆಂಬಲ ಸೂಚಿಸಿದೆ.ಇಂದು ಹಿಜಾಬ್ ತೆಗಿಸಿದರೆ ನಾಳೆ ನಮ್ಮ ಪಗಡಿ ಕೂಡ ತೆಗ್ಸ್ತಾರೆ ಅಂತ ಹೇಳಿದೆ.ದಯವಿಟ್ಟು ಪ್ರಚೋದನಕಾರಿ ಹೆಳಿಕೆಗಳನ್ನ ಕೊಟ್ಟು ಕರ್ನಾಟಕದ ಮರ್ಯಾದೆ ತಗಿಬೇಡಿ ಪ್ಲೀಸ್ ಸರ್.,1
ಹಿಂದೂ. ಜನಗಳಿಗಿoತ..ಅವರು..ಕಮ್ಮಿ..fake News 😂😂😂😂😂😂😂😂😂😂😂😂😂😂,0
razaak tika urkobita,1
Avra mele alle madidha avra asthi kithkollabeku adu bittu enri edu 98 janarige uava seeme nyaa edu,1
" @mdsharifshahidk5873  Metre Kilo meter gatle ayti 
 kano juttu😄",1
"ಜಾತಿ ಜಾತಿ ಯಾವ ಜಾತಿ ದರಿದ್ರ ರಾಜಕೀಯದ ಬೆಳವಣಿಗೆಗೆ ಮಾತ್ರ ಜಾತಿ. ಜಾತಿ ಎಂದು ರಾಜಕೀಯ ವ್ಯಕ್ತಿಗಳು ಬೆಳೆದರು ಬಿಟ್ಟು ನನ್ನಂತಹ ನಿಮ್ಮಂತಹ ಸಾಮಾನ್ಯ ಮಧ್ಯಮ ವರ್ಗದ ಯುವಕರ ನಾಶವಾಗಿದೆ ಬಿಟ್ಟು ಬೇರೆ ಏನಿಲ್ಲಾ. ನಾನು ಸಹ ಅತೀ ಹಿಂದುಳಿದ ಜಾತಿಯವನು ಆದರೆ ಯಾವುದೇ ರೀತಿಯಲ್ಲಿ ಸರ್ಕಾರ ಹಾಗೂ ರಾಜಕಾರಿಣಿಗಳು ಸಹ ನಮ್ಮ ಬೆಳವಣಿಗೆಗೆ ಸಹಾಯ ಮಾಡಿಲ್ಲ ಯಾಕೇ? ಯಾಕೆಂದರೆ ರಾಜಕಾರಣಿಗಳಿಗೆ ಮತ ಹಾಕಲು ನಮ್ಮದು ದೊಡ್ಡ ಸಮುದಾಯವಲ್ಲ.
ಗೆಳೆಯರೇ ನಿಮಗೆ ಒಂದು ಪ್ರಶ್ನೆ? ದಯವಿಟ್ಟು ಕೋಪ ಬೇಡ. ನನ್ನ ನೋವು ನೀವು ತಿಳಿದಿದ್ದರೆ ಕೋಪ ಬರುವುದಿಲ್ಲ.
1. ಜಾತಿಯವನನ್ನು ನೋಡಿ ಮತ ಹಾಕುವ ನಾವು ಮೂರ್ಖರ. ಇಲ್ಲ ನಮ್ಮ ಜಾತಿಯವರು ಎಂದೂ ಜಾತಿಯವರನ್ನು ನಂಬಿ ಚುನಾವಣೆಯಲ್ಲಿ ನಿಲ್ಲುವ ರಾಜಕಾರಣಿಗಳು ಮೂರ್ಖರ.?(ಜಾತಿ ಇಂದ ಬಂದ ರಾಜಕಾರಣಿಗಳು ಜಾತಿನೂ ಉದ್ದಾರ ಮಾಡಲ್ಲ ಯಾವುದೇ ಸಾರ್ವಜನಿಕರಿಗೂ ಸಹಾಯ ಮಾಡಲ್ಲ ಏನ್ ಇದ್ರು ಅವರ ಕುಟುಂಬ ಮನೆ ಮಕ್ಕಳು ಅಷ್ಟೇ ಉದ್ದಾರ ಆಗೋದು. )
2. ಪ್ರಜಾಪ್ರಭುತ್ವದಲ್ಲಿ ಯಾರು ಬದಲಾಗಬೇಕು. ರಾಜಕಾರಣಿಗಳ ಅಥವಾ ಮತದಾರರ.?(ನಮ್ಮವನು ಎಂದು ನಮ್ಮ ಸ್ವಾಭಿಮಾನ ಮಾರಾಟ ಮಾಡುವವರ ಇಲ್ಲ. ನಮ್ಮ ದುರ್ಬುದ್ದಿಯನ್ನು ಉಪಯೋಗ ಮಾಡಿಕೊಳ್ಳುವ ರಾಜಕಾರಿಣಿಗಳ.)
3. ಜಾತಿಯಿಂದ ಜೀವನ ನಡಿಯುತ್ತದೆಯ.?(ಮಧ್ಯಮ ವರ್ಗದಲ್ಲಿ ಸಾಮಾನ್ಯವಾಗಿ ಅಪ್ಪ ದುಡಿತರೆ ಅಮ್ಮ ಮನೇಲಿ ಇರ್ತರೆ ಮಕ್ಳು ಶಾಲೆ /ಕಾಲೇಜು. ಒಬ್ಬ ದುಡಿಯೋದ್ರಲ್ಲಿ ಎಷ್ಟು ಅಂತ ಉಳಿಸೋಕೆ ಸಾಧ್ಯ.)
4.ನಮ್ಮ ಜೀವಕ್ಕಿಂತ ಜಾತಿ ದೊಡ್ಡದ.?(ಎಲ್ಲರಿಗೂ ಕೊರೋನ ಬಂದಾಗ ಅರ್ಥ ಆಗಿದೆ ಅನ್ಕೋತಿನಿ.)
5. ನಮ್ಮ ಹಿಂದೂ ಧರ್ಮದ ಯಾವುದೇ ಧರ್ಮಗ್ರಂಥದಲ್ಲಿಯೂ ಜಾತಿ ವ್ಯವಸ್ಥೆ ಇಲ್ಲ ಆದರೂ ಅದು ಹೇಗೆ ಉಟ್ಟಿತು.? (ನೀವು ಹೇಳಬಹುದು ಬ್ರಾಹ್ಮಣ, ಕ್ಷತ್ರಿಯ, ವೈಶ್ಯ, ಶೂದ್ರ. ಎಂದು ಆದರೆ ಇವೆಲ್ಲವೂ ಕಾರ್ಯಗಳ ಆಧಾರದ ಮೇಲೆ ಯಾರಾದ್ರೂ ಸಹ ಈ ಕಾರ್ಯಗಳನ್ನು ಮಾಡಬಹುದು.)
6. ನೀವೇ ಹೇಳಿ ಈಗ ಅತೀ ಹೆಚ್ಚು ವಿದ್ಯಾಭ್ಯಾಸ ಪಡೆದವರೆ ಜಾತಿ ಪರ ವಹಿಸುತ್ತಾರೆ ಯಾಕೇ.?
7. ನಮ್ಮಿಂದ ಜಾತಿ ವ್ಯವಸ್ಥೆ ತೆಗೆಯಲು ಸಾಧ್ಯವೇ.?
8. ನಮಗೆ ಸಹಾಯ ಮಾಡುವವರು ಯಾರು.? (ನಾವು ಅತೀ ಶ್ರೀಮಂತರು ಅಲ್ಲ ಬಡವರು ಅಲ್ಲ. ಬೇರೆಯವರ ಬಳಿ ಕೇಳಲು ಸ್ವಾಭಿಮಾನ ಅಡ್ಡ. ನಮ್ಮ ಸ್ಥಿತಿ ಹೇಗೆಂದರೆ 🤣 ಬಡವರು ನಮ್ಮನ್ನು ನೋಡಿ ನಗುವರು ಶ್ರೀಮಂತರು ಕೂಡ ನಗುವರು 🤣 ಹೆಷ್ಟೇ ನೋವಿದ್ದರೂ ನಾವೇ ಮಹಾನ್ ಮಾನ ಮರ್ಯಾದೆಗೆ ಜೀವ ಕೊಟ್ಟಬಿಡ್ತಿವಿ ಅಲ್ವಾ.)
9. ನಮ್ಮ ಕನಸು ನನಸಾಗುವುದೇ.? (ಪ್ರೀತಿ ಮಾಡ್ತಿವಿ ಜಾತಿ ಅಡ್ಡ. ಮನೇಲಿ ನೋಡಿ ಮದ್ವೆ ಮಾಡ್ತಾರೆ ಅಂದ್ರೆ ದುಡ್ಡಿನ ಅಡ್ಡ. ಕಷ್ಟ ಪಟ್ಟು ಹೊಡುತೀವಿ ಕೆಲಸ ಇಲ್ಲ. ಬಿಡು ಬೇರೇ ಕೆಲಸ ಮಾಡೋಣ ಅಂದ್ರೆ ಯಾರದು ಸಹಾಯ ಇಲ್ಲ. ಇದ್ದರು ಹೇ ಅಸ್ಟೆಲಾ ಓದಿ ಈ ಕೆಲ್ಸ ಮಾಡೋಕ್ ಬಂದ ಅಂತ ಅದ್ರಲ್ಲೂ ಅವಮಾನ.)
10. ಇಷ್ಟೆಲ್ಲಾ ಇದ್ರು ನಮ್ಮಂತ ಮಧ್ಯಮ ವರ್ಗದ ಜನರಿಗೆ ಇದೆಲ್ಲ ಬೇಕಾ.?
(ಹೌದು ಬೇಕು ಜಾತಿ ಅಲ್ಲ ಧರ್ಮ ಬೇಕು ಆದರೆ ಅದು ಅವಮಾನ, ನೋವುಗಳಿಗೆ ದಾರಿ ಮಾಡಿ ಕೊಡುವ ತೋರಿಕೆಯ ಧರ್ಮವಲ್ಲ.ನಮ್ಮ ಸನಾತನ ಸಂಸ್ಕೃತಿಯಲ್ಲಿ ಇರುವ ಅಂಶಗಳು ಕಷ್ಟದಲ್ಲಿ ಇರುವರಿಗೆ ಸಹಾಯ ಮಾಡು. ಯಾರಿಗೂ ನೋವು ಕೊಡಬೇಡ. ಎಂದಿಗೂ ಸ್ವಾಭಿಮಾನ ಕಳೆದುಕೊಳ್ಳಬೇಡ. ಯಾರಿಗೂ ಅವಮಾನ ಮಾಡಬೇಡ. ಪ್ರತೀಯೊಬ್ಬರಲ್ಲೂ ನಮಂತೆ ಮನಸಿರುತ್ತೆ. ಪ್ರತಿಯೊಬ್ಬರು ನಮ್ಮವರೇ )",0
ಅಮರ್ ಸರ್ ಸಮಾಜಕ್ಕೆ ನಿಮ್ಮ ಮಾಹಿತಿ ಅವಶ್ಯಕತೆ ಇದೇ ಧನ್ಯವಾದಗಳು,0
ಹಿಂದೂಗಳು ಹೆಂಡ್ತಿ ಮಕ್ಕಳು ಜೊತೆಗೆ ದೇಶನೂ ಪ್ರೀತಿಸಿ,0
Komu vadi ivunu,1
"Halliyalli hindugale mohorum
Acharisuttare",0
2014 - 2019 1st worldwar and swatantra chaluvali na,0
Andha bhaktru eva heluva sulligalige murkaragi tale adisutidre e andha bhakatrige gothilla munde namage chembu kodutare hage bekshe  beduva paristiti brute antha karma definitely returns to blind devotees jai sathyameva jayathe jai Gandhi ji,1
Nima aman tulu sule magane nima desha bidasbeku boli Makla,1
ಇಂದು ಸತ್ತು ಬಿಡು,1
"ನಿನ್ ಹೆಂಡ್ತಿ ಚಿಕ್ಕುದ್ರಲ್ಲಿ ಸ್ಕೂಲ್ ಗೆ ಓಗುವಾಗ ಹೂವು, ಕುಂಕುಮ, ಬಳೆ, ಆಕೊತಿರ್ಲಿಲ್ವ ಆಗಿದ್ರೆ?
ಕೇಳು ಒಂದ್ಸಲ, ಆಮೇಲೆ ಬಾ ಮೀಡಿಯಾ ಮುಂದೆ.
ಅಶೋಕ, ಅಕ್ಬರ್ ಈ ದೇಶಕ್ಕೆ ಎಂಥಾ ಕೊಡುಗೆ ಕೊಟ್ಟಿದಾರೆ, ಹೇಗೆ ಬಾಳಿದರೆ.
ನಿಮ್ಮಂಥ ಸ್ವಾರ್ಥ ರಾಜಕಾರಣಿಗಳು ಅವರ ಮುಖಕ್ಕೆ ಮಸಿ ಬಳಿತಿದಿರ.",0
"ಶೂದ್ರರಿಗೆ ಎಲ್ಲ ಕೊರತೆನೇ ಬಿಡು. ಮನುವಾದಿ ಸಮಸ್ಯೆ, ಜಾತಿವಾದಿ ಸಮಸ್ಯೆ.",1
Sir nann jeeva kott adru avranna desha bittu odisona 👍,0
ಸುಳ್ಳು ಸುದ್ದಿ ಹಬ್ಬಿಸ್ತಾ ಇದಾನೆ ಇವನ ಮೇಲೆ ಅಲ್ಟ್ರಾಸಿಟಿ ಕೇಸ್ ಹಾಕಿ ಒಳಗೆ ಹಾಕ್ ಬೇಕು.,1
"ಮಾನ ಗೆಟ್ಟ್ ಕಾಂಗ್ರೆಸ್ ಗೆ ವೋಟ್ ಮಾಡೋ  ಮತದಾರರೇ. ಇನ್ನಾದರೂ. ಹೆಚ್ಛತ್ಕೊಳ್ಳಿ. ಇಲ್ಲದಿದ್ರೆ. ಮೂಒದೆ ಹುಳi gala ಇಲ್ಲ 
ದೆಹಲಿ. ಜನ. AAp. &. Congress  malagissiddare. 
2028 ಕ್ಕೆ. Congress ge matha ಹಾಕ್ ಬೇಡಿ
ಜೈ ಶ್ರೀರಾಮ್
ಜೈ ಆಂಜನೇಯ",1
Sumaru jana hogidhare sir,0
ಸತ್ಯ ಮತಡಿದೀರಿ ಸರ್ ❤❤❤❤❤,0
ಪರಿಶಿಷ್ಟ ಜಾತಿಗಳ ಮೇಲೆ ದಾರ್ಜಿನ್ಯ. ಅತ್ಯಾಚಾರವಾದಾಗ ಎಷ್ಟು ಬಾರಿ ಹೋರಾಡ ಮಾಡಿರುವೆ,0
Vijayeebava modiji,0
Yako ar harckotaidya,1
"ಹಿಂದ್ ಸ್ಥಾನದಿಂದ ಓಡಿಸಲೇ ಬೇಕು. ಇದಕ್ಕಿಂತ ಮೋದಲು ಅವರಿಗೆ ಸಹಾಯ ಮಾಡುತ್ತಿರುವ ಹಿಂದುಗಳನ್ನು ಸೆದೆ
ಬಡಿಯಬೇಕು.ಮತ್ತು ಅವರ ಆಸ್ತಿಗಳನ್ನು ಸರ್ಕಾರ ಮುಟ್ಟುಗೋಲು ಹಾಕಿಕೊಳ್ಳಬೇಕು.",0
ಜೈ ಹಿಂದುಸ್ತಾನ. ಸೂಲಿಬಲೆ ಕರ್ನಾಟಕ ಸಿಂಹ.❤❤❤,0
Nin cd release agutthey nodu jasthi boglbedaa,1
ಬಿಜೆಪಿ ಗೆ ಬಕೇಟ್ ಇಡಿಬೇಡ ದೊಡ್ಡ ಚೀಲನೆ ಇಡೀ,0
OOLU BARI OOLU ..,1
"Obba aasthikanagi noduvudakku haagu obba naasthikanagi noduvudakku vyathyasavide.Bahalashtu vishayagalannu chennagiye heliddheera. Neevu thiliyuvudu saakashtu vishayavidhe adhu yaavaaga saadhyavaagutthade yembudannu neeve thilidukollabahudu athava unnathamattada gurugala maargadarshana athyagathya.
Are you a telepathic?🙂
Tharkabaddhavaagi iruvudu thumba olleyadu,obba pathrakarthanige adhu athi mukya allave Amar prasadh avare?🙂",0
1 child antha kanoonu madi avaru jasti makkalu madikobodu antha kuran li helide antha kate helutare,0
Vote tagoloke ಜಾತಿ ಅನ್ನೋದನ್ನ ಮುಂದೆ itkondidare ಜಾತಿ ಹೆಸ್ರು ಹೇಳ್ಕೊಂಡು ವೋಟ್ ಕೇಳೋಕೆ ಬಂದ್ರೆ ಸರಿಯಾಗಿ ಕೊಟ್ಟು ಕಳಿಸಿ,0
​ @DileepDileepc-x7o ನೀನು ಜಮೀರ್ ಅಹಮದ್ ರ ಮಗ್ ಯಿಲ್ 😂,0
Leee guldu patathapa gandi kondi du nim RSS avre leeee adanna tilko,1
Jai bheem,0
ಜಾತಿ ಕಾಲಂ ಮೊದಲು ತೆಗೆಯಬೇಕು,0
Le magana nam jana nim tahara alla le thu nai,1
ಲೆ ಚೂಲೇಬೆಲೆ ಅತ್ಯಾಚಾರಿಗಳಲ್ಲೂ ಧರ್ಮ ಹುಡುಕಿದವನು ನೀನು. ನಿನ್ನಿಂದ ಕೇಳೋದು ಮೂರ್ಖತನ.,1
Nonsense leaders are spoiling our country otherwise we are Pakistan at the earliest.,1
ಈವನ್ ಹೇಳದಗ್ ಕೇಳ್ಬೇಕ ಇವನ್ ಒಬ್ಬ ಇವನ್ ಮೊದಲೇ ಹುಟ್ಟಿದ ಕಾಣತೈತಿ ಗಾಂಧೀ ಜಿ ಇದ್ದಾಗ,0
Sir awag awra appa Amma yaaru anta Kelli uchhi hoyokotana maga neevu Barri Sar naawu yellaru adevi,1
Reservation beka bedva ond video madi,0
" @zubairahmed8598  ನಿಮ್ಮ ಕನ್ನಡ  ಓದೋದು ಬಹಳ  ಕಷ್ಟ. ಮೊದಲು ವೋಟ್ ಬ್ಯಾಂಕ್ ಬಗ್ಗೆ ತಲೆ ಕೆಡಿಸ್ಕೊ ಬೇಡಿ. ಎರಡನೆಯದಾಗಿ ಇದು ಹಿಂದೂ ರಾಷ್ಟ್ರನೇ,. ನೀವು ಹಿಂದೂ ಗಳೇ, ಮತಂತರ ವಾದವ್ರು. ಅಜಾಲಾಫ್ ಗಳು. ಅಶ್ರಫ್ ಗಳು  ನಿಮಗೆ  ಸಮಾನತೆ  ಕೊಡೋಲ್ಲ.
ನೀವು ಭಾರತ  ನಾಶ  ಮಾಡಲು  ಬೇಕಾಗಿರುವ  ಅವರ ಜನತಾ ಸೈನ್ಯ.  ನೀವು ಸತ್ತರೂ  ಅವ್ರು ಕ್ಯಾರೇ ಅನ್ನಲ್ಲ. ಅಲ್ಲದೆ ಸ್ವರ್ಗ ದಲ್ಲಿ ಎಲ್ಲರಿಗೂ 72 ಕನ್ಯೆ ಸಿಗಲ್ಲ.
ನಿಮ್ಮ ಧರ್ಮ  ಪಾಲಿಸಿ, ನಮ್ಮ ಧರ್ಮ  ನಾವು  ಪಾಲಿಸತೀವಿ. ಶಾಂತಿ  ಕಾಪಾಡಿ.",1
"..swamy
..gochaaradhalli.. Sanimahathmanuge",0
ಹಿಂದೂ ಧರ್ಮದ ಆಸ್ತಿಗಳನ್ನು ಕೊಳ್ಳೆ ಹೊಡೆಯುವ ವಕ್ಫ್ ಬೋರ್ಡ್ ನ್ನು ಈ ಕೂಡಲೇ ರದ್ದುಗೊಳಿಸಬೇಕು.ವಕ್ಫ್ ಬೋರ್ಡ್ ಆಸ್ತಿಗಳನ್ನು ಎಲ್ಲಾ ಹಿಂದೂ ಧರ್ಮದ ಜನರಿಗೆ ಹಂಚಿಕೆಯಾಗಬೇಕು.ವಕ್ಫ್ ಬೋರ್ಡ್ ಆಸ್ತಿ ಎಂದು ಹೇಳುವ ಪ್ರತಿಯೊಬ್ಬನನ್ನೂ ಇಲ್ಲಿಂದ ಪಾಕ್ಗೆ ಮತ್ತು ಬಾಂಗ್ಲಾಗೆ ಓಡಿಸಬೇಕು.ಹಾಗೇನಾದರೂ ವಕ್ಫ್ ಆಸ್ಟಿಯೆಂದು ಹಿಂದೂಗಳ ಅಥವಾ ಸರ್ಕಾರದ ಆಸ್ತಿಗಳನ್ನು ವಶಪಡಿಸಿಕೊಳ್ಳಲು ಈ ಮತಾಂಧ ಸೂಳೆ ನನ್ನ ಮಕ್ಕಳು ಮುಂದಾದರೆ ಅವರ ಕೈ ಕಾಲುಗಳನ್ನು ಕತ್ತರಿಸಬೇಕು.ಜೈ ಮೋದಿಜಿ.ಜೈ ಶ್ರೀರಾಮ್.                   ಜೈ ಅಂಬೇಡ್ಕರ್.ಜೈ ಚಕ್ರವರ್ತಿ ಸೂಲಿಬೆಲೆ .,0
Sule maga dont bogale matu,1
ಈ ಕಳ್ಳ ಸ್ವಾಮಿ ಗಿಂತ ಎಷ್ಟೋ ಮೇಲು,1
ನೀವು ಹೀಗೆಲ್ಲ ಮಾತಾಡಿದರೆ ನಿಮ್ಮನ್ನು ಕಮ್ಯುನಿಸ್ಟರು ಎನ್ನುತ್ತಾರೆ.ಲಿಂಗಾಯತರು ಮಾಡುವಷ್ಟು ಜಾತಿ ಬೇಧ ಬ್ರಾಹ್ಮಣರು ಸಹ ಮಾಡುವುದಿಲ್ಲ.ಕ್ಯಾಪಿಟಲಿಸಂ ಗೆ ಜಾತಿ ಪೂರಕ ಜಾತಿಗೆ ಕ್ಯಾಪಿಟಲಿಸಂ ಬೇಕೇ ಬೇಕು.,1
ಈಗ ಇರೋ ಹೆಣ್ಣುಗಳು ಹಿಂದೂ ಹುಡುಗರನ್ನು ಮದುವೆ ಆಗಲು ಇಷ್ಟ ಆಗದೇ ಮುಸಲ್ಮಾನ ಹುಡುಗರನ್ನು ಒಳಗೇ ಪ್ರೀತಿಸಿ ಓಡಿಹೋಗಿ.. ಚೂಲು ತೀರಿದ ಮೇಲೆ ಘರ್ ಕೀ ವಾಪ್ಸೀ.. ನಾಚಿಕೆ ಆಗೋದಿಲ್ವಾ,1
ಗಾಂಧೀಜಿಯನ್ನು ಕೋಮುವಾದಿ ಎಂಬುದಾಗಿ ಪ್ರತಿಬಿಂಬಿಸುವುದು ಬಿಜೆಪಿ ಪಕ್ಷ ಹಾಗೂ ಗೂಡ್ಸ್ ಸಂತತಿ ನಿಮ್ಮಿಂದ  ಈ ಭಾರತ ದೇಶವು ಸಂವಿಧಾನ ಕಲಿಯಬೇಕಾದ ಅವಶ್ಯಕತೆಯಿಲ್ಲ,0
ಪರ್ವಾಗಿಲ್ಲಾ ಇನ್ನು 3 ವರ್ಷ ಜೈಲಲ್ಲಿ ಇದ್ರೆ ಆಯ್ತು.,1
ಮೊದಲ ಮಹಾಯುದ್ಧ 2014 ರಲ್ಲಿ ನಡೀತಾ?😂😂😂 ಯಾವಾಗ ನಡೀತು ಅಂತ ಗೊತ್ತಿಲ್ವಲ್ಲಪ್ಪ ನಿನಗೆ ನೀನು ಒಬ್ಬ Mp😂,0
Holasu matanaduvane holaya prani paksigali ge himse kodavaru yav pranigalannu bidatilla sir havu kuda tintare😓🥺,0
ಹೋಗೋ lo ಇವ್ರೆಲ್ಲಾ ದೊಡ್ಡ ಕಳ್ಳರು ಕಾಮಿಡಿ ಪೀಸ್ ಗಳು ನೋಡಿದ್ದೇವೆ ನಾವು suli bele 😂,0
"ಹಳೆಯ ಕೆಟ್ಟ ಇತಿಹಾಸವನ್ನು ನವ-ಭಾರತಕ್ಕಾಗಿಯಾದರೂ ಸ್ವಲ್ಪ ಹೊತ್ತು ಮರೆಯೋಣ ಸಾರ್....  ಆದರೆ 35-40 ಕೋಟಿ ಯಷ್ಟು  ಜನ SCST ಗಳು,  ಮತ್ತು 65-70 ಕೋಟಿ ಯಷ್ಟು ಜನ OBC ಗಳು ಇರುವ ಈ ದೇಶದಲ್ಲಿ ಇವರ ಅಭಿವೃದ್ಧಿಯನ್ನು   ಬಿಟ್ಟು ಕೆಲಸಕ್ಕೆ ಬಾರದ ವಿಷಯಗಳನ್ನು ತರುವ ಈ ನವ-ಬ್ರಾಹ್ಮಣರಿಗೆ  ಎನ್ ಮಾಡಬೇಕು ಹೇಳಿ‌ ಸಾರ್, ಒಬ್ಬ ದೇವರು ಅಂತಾನೆ, ಇನ್ನೊಬ್ಬ ಧರ್ಮ ಅಂತಾನೆ, ಮಗದೊಬ್ಬ  ರಾಷ್ಟ್ರೀಯತೆ ಅಂತಾನೆ,  ಎಲ್ಲಿ  ಈ ಬಹುಜನರ ಅಭಿವೃದ್ಧಿ ಅಗುತ್ತೆ ಸಾರ್....  ( ಆ TV9 ಮತ್ತು ಆ  public TV ಅಂತಹ ದರಿದ್ರದವರು ಅಭಿವೃದ್ಧಿಗೆ ಸಂಬಂದಿಸಿದ ವಿಷಯ ವನ್ನು ಬಿಟ್ಟು ಕೆಲಸಕ್ಕೆ ಬಾರದನ್ನು ಸದಾ ಬಿತ್ತುತ್ತಿದ್ದರೆ‌‌...)
ಈ ಅಧುನಿಕ ಕಾಲದಲ್ಲೂ ಈ ನಮ್ಮ ಹೆಮ್ಮೆಯ ದೇಶದಲ್ಲಿ  ಬಹುತೇಕ ಈಗಿನ ಬ್ರಾಹ್ಮಣರ ಮನಸ್ಸು   ಈ ಎಲ್ಲಾ ಶೂದ್ರ ಮತ್ತು ದಲಿತರನ್ನು ಅಂಧಕಾರದಲ್ಲಿಯೆ ಇರಿಸಬೇಕೆಂದು ಬಯಸುತ್ತಾರೆ ಎಂಬುವುದು ಬಹುತೇಕರ ಮಾತು.. ಇನ್ನೂ ಅಭಿವೃದ್ಧಿಯ ಮಾತು ಈ ಬಹುಜನರಲ್ಲಿ ಎಲ್ಲಿ ಬರಲು ಸಾದ್ಯ ಸಾರ್‌..‌‌.. 
 ನಮ್ಮ ಕರ್ಮವೇನೋ ನಮ್ಮ ಈ ಶೂದ್ರ ಮತ್ತು ದಲಿತ ಹುಡುಗರೇ ಈ ನವ-ಬ್ರಾಹ್ಮಣರು ತೋರುವ ಅಜ್ಞಾನವನ್ನು ತಮ್ಮ ಮೈಗೆರಿಸಿಕೊಂಡು  ತಮಗರಿವಿಲ್ಲದೆಯೇ ಆ ಜಾತಿ ವ್ಯವಸ್ಥೆ ಪೋಷಕ ಸಂಸ್ಥೆಯಾದ ಆರ್ ಎಸ್‌ಎಸ್ ಕೂಪಕ್ಕೆ ಬೀಳುತ್ತಾರೆ,  ಎನು‌ ಮಾಡುವುದು‌ ಸಾರ್...
ಎಲ್ಲಿಯವರೆಗೆ ಈ ಆರ್ ಎಸ್‌ಎಸ್‌  ತನ್ನ ಬ್ರಾಹ್ಮಣರಿಗೆ ಮಾತ್ರ ರಾಜಕೀಯ ಅಧಿಕಾರವನ್ನು ಮೀಸಲಿಡಿಸಲು‌  ದೇಶಸೇವೆ, ರಾಷ್ಟ್ರೀಯತೆ, ಸಂಸ್ಕಾರ, ಆಚರಣೆ, ಸಂಸ್ಕೃತಿ ಎಂಬ ಕಪಟ‌ ನಾಟಕ ನಿಲ್ಲಿಸುತ್ತದೆಯೋ ಅಲ್ಲಿಯವರೆಗೆ ಈ ಜಾತಿಗಳು / ಶ್ರೇಣೀಕೃತ ಜಾತಿ ವ್ಯವಸ್ಥೆ ಭಾರತದ ದಿಂದ ಹೊಗಲು ಸಾದ್ಯವೆ ಇಲ್ಲ. ...
ಇತಿಹಾಸದ ಬ್ರಾಹ್ಮಣರು
ಶಿವಾಜಿಗೆ ಮಾಡಿದ ಅಪಮಾನ ಮರೆಯಲು ಸಾಧ್ಯವೇ..‌
ಶಿವಾಜಿ ಮಗ ಸಾಂಬಾಜಿಗೆ ಮಾಡಿದ‌‌ ಅನ್ಯಾಯ ಮರೆಯಲು‌ ಸಾಧ್ಯವೇ....
ಮಹಾತ್ಮ ಜ್ಯೋತಿಬಾ ಫುಲೆ ಅವರಿಗೆ ಮಾಡಿದ  ಅಪಮಾನ ಮರೆಯಲು‌ ಸಾಧ್ಯವೇ....
ವಿವೇಕಾನಂದ ಅವರಿಗೆ ಮಾಡಿದ ಅವಮಾನ ಮರೆಯಲು‌ ಸಾಧ್ಯವೇ....
ಅಂಬೇಡ್ಕರ್ ರವರಿಗೆ ಮಾಡಿದ ಅನ್ಯಾಯ ಮರೆಯಲು‌ ಸಾಧ್ಯವೇ....
ಬಸವಣ್ಣನವರನ್ನು ಅನ್ಯಾಯವಾಗಿ ಸಾಯುವಂತೆ  ಮಾಡಿದ್ದನ್ನು ಮರೆಯಲು ಸಾದ್ಯವೇ...
ಕನಕದಾಸರನ್ನು ಅಪಮಾನ ಮಾಡಿದನ್ನು ಮರೆಯಲು ಸಾದ್ಯವೇ.....
ಈ ದೇಶದ ಬಹು ಸಂಖ್ಯೆಯ ಶೂದ್ರ ಮತ್ತು ‌ದಲಿತರಿಗೆ ಜ್ಞಾನ, ಸಂಪತ್ತು, ಆಸ್ತಿ, ಅಧಿಕಾರ, ನಿರಾಕರಣೆ ಮಾಡಿದ ಅನ್ಯಾಯ ಮರೆಯಲು‌ ಸಾಧ್ಯವೇ...
ಕೆಲವು ಒಳ್ಳೆಯ ಬ್ರಾಹ್ಮಣರು ಇತಿಹಾಸದಲ್ಲಿ  ಇದ್ದರು,   ಮತ್ತು ಈಗಲೂ ಇದ್ದಾರೆ ಎಂಬುದನ್ನು ನಾವು ಎಂದಿಗೂ ಮರೆಯುವುದಿಲ್ಲ,  ಇದರ ಜೊತೆಗೆ  ಅಲ್ಲಲ್ಲಿ ಜಾತಿ ಅಹಂಕಾರವಿಲ್ಲದ ಬಹಳಷ್ಟು ಪ್ರಗತಿಪರರು ಇದ್ದಾರೆ, ಅವರೇ ಈ ದೇಶದ ಬಹುಜನರಲ್ಲಿ ಭರವಸೆ, ಅದಕ್ಕೆ ಭಾರತ ಶಾಂತಿಯುತವಾಗಿ ಮುಂದುವರೆಯುತ್ತಿದೆ.",1
ನಿನೋ ನೀನ್ ಅಪ್ಪನಗೆ ಹುಟ್ಟಿದಿಯ ಅಂತ ನನಿಗೆ ನಂಬಿಕೆ ಇಲ್ಲ 😂,1
Soole maga yatnaal,1
"ಅಸ್ಪೃಶ್ಯತೆ ಯ ಬೇರು ಜಾತಿ ವ್ಯವಸ್ಥೆ ಯಲ್ಲಿದೆ, ಜಾತಿ ವ್ಯವಸ್ಥೆ ಯ ಬೇರು ಚಾ ತುರ್ವರ್ಣ ದಲ್ಲಿದೆ, ಚಾ ತುರ್ವರ್ಣ ದ ಬೇರು ಬ್ರಾಹ್ಮಣ ವಾದದಲ್ಲಿದೆ ಬ್ರಾಹ್ಮಣ ವಾದದ ಬೇರು ರಾಜಕೀಯ ಅಧಿಕಾರದಲ್ಲಿದೆ -ಅಂಬೇಡ್ಕರ್, ಆರ್ಯರು ಮೇಲು ಕೀಳು ಜಾತಿಗಳನ್ನು ಸೃಷ್ಟಿಸಿರುವ ಉದ್ದೇಶ ದ್ರಾವಿಡ ರನ್ನು ವಿಂಗಡಣೆ ಮಾಡಿ ದೇಶ ಅಳುವುದು. ಇಂದಿನ ಬ್ರಾಹ್ಮಣ rss ಬಿಜೆಪಿ ಕಾಂಗ್ರೆಸ್ ಆರ್ಯ ರವಂಶಸ್ಥರು.",0
"Modhal maha yudhha nadeddiu 
2014 2023 alla sir thppu salae kodabedi sir",1
Le yatnal nin paksh bjp davaru madid survey,1
"Ade ide ide ade🤷 what is this bro keli mathunu swalupa keli, chepeli 😵 abba hodyappa namaskara🙏",0
Shata kilu hogi siddaramaiahnadu,1
ಅಪ್ಪ ಸ್ವಾಮಿ ಪ್ರತಿ ಬಾರಿ ಇದೆ ಡೈಲಾಗ್ ಆಯ್ತು ನಿಮ್ಮದು. ಜೀವಕ್ಕೆ ಬೆಲೆನೇ ಇಲ್ಲ,0
ಧಲಿತ ಅಂಬ ಪದ ವೇ ಇರಬಾರುದು ಹಾಗೆ ಆಗಬೇಕಾದರೆ  ಪೌರಾ ಖಾರ್ಮಿಕರಿಗೆ  ಪ್ರೊಬೆಷನರಿ ಅವದಿ ಏಂದು ನಿರ್ಣಯಿಸಿ ವಿದ್ಯಾಹರ್ತೆ ಗೆ  ಸರ್ಕಾರಿ  ಕೆಲಸ ಕೊಟ್ಟು  ಪ್ರಮೋಷನ್ ಕೂಟ್ಟಗ  ಧಲಿತ ಪೌರಾಕಾರ್ಮಿಕ ರ ಹುದ್ದೆ ಕಮ್ಮಿಯಾಗಿ ದಲಿತ ಕ್ರಮೇಣ ನಶಿಸಿ ಹೋಗುತ್ತೆ,0
BJP ಕೋಮುವಾದಿಗಳು ಹಿಜಾಬ್ ಮತ್ತು ಕೇಸರಿ ಗಲಭೆ ಹೊತ್ತಿಸುವ ಹಿಂದಿನ ಕಾರಣ ರಾಯಚೂರಿನಲ್ಲಿ ಜನವರಿ 26 ರಂದು ಗಣರಾಜ್ಯೋತ್ಸವದ ದಿನ ಜಡ್ಜ್ ಒಬ್ಬ ಅಂಬೇಡ್ಕರ್ ಫೊಟೋ ತೆಗೆಯದಿದ್ದರೆ ನಾನು ದ್ವಜಾರೋಹಣ ಮಾಡುವುದಿಲ್ಲ ಎಂದು ಪಟ್ಟುಹಿಡಿದು ದ್ವಜಾರೋಹಣ ಸಮಯದಲ್ಲಿ ಅಂಬೇಡ್ಕರ್ ಫೋಟೋ ತೆಗೆದು ನಂತರ ದ್ವಜಾರೋಹಣ ಮಾಡಲಾಯಿತು ಇದು ಸಂವಿಧಾನ ವಿರೋಧಿಯಾಗಿದ್ದು ಅಂಬೇಡ್ಕರ್ ಅನುಯಾಯಿಗಳು ಸೇರಿದಂತೆ ಜನಾಕ್ರೋಶಕ್ಕೆ ಕಾರಣವಾಯಿತು ವಿರೋಧ ಪಕ್ಷಗಳಿಗೂ ಪ್ರಬಲ ಅಸ್ತ್ರ ಒಂದು ಸಿಕ್ಕಂತಾಗಿತ್ತು ಮಾದ್ಯಮಗಳು ಇದನ್ನೆ ಬಿತ್ತಲು ಶುರುಮಾಡಿದವು ಇ ವಿವಾದ ಹಂತ ಹಂತವಾಗಿ ದೊಡ್ಡಮಟ್ಟದಲ್ಲಿ ಕಾವು ಪಡೆಯಲು ಶುವಾಯಿತು ಇದನ್ನು ಅರಿತ BJP ಗರು ಮಾದ್ಯಮಗಳನ್ನು ಜನರನ್ನು ಡೃೇವೋರ್ಟ್ ಮಾಡಲು ಶುರುಮಾಡಿದ್ದೆ ಹಿಜಾಬ್ ಮತ್ತು ಕೇಸರಿ ಶಾಲು ವಿವಾದದ ಗಲಭೆ ಇದರ ಹಿಂದೆ ಯಾವ ಧರ್ಮ ರಕ್ಷಣೇನೂ ಇಲ್ಲಾ ಮೂರ್ಖರಾ ...?,0
ಜೈ ಪ್ರತಾಪ್ ಸಿಂಹ,0
ಜಾತಿಯತೇ ನಿಲ್ಬೇಕು,0
Kachada dushta samvidana virodhi komuvadi brashta durahankari bhanda Rahul soniya Kharge piyanka siddhu DKshi Cong government ge dhikkara,1
Super speech guru... But e speech keli sayodu.. Shivamoga harsha na Tara amayakru.. Ivru aramagi mathdi.. Cool aggi AC car li ivru Ivr family safe..,0
ಜಾತಿ ಜಾತಿ ಅನ್ನೋದು ದೊಡ್ಡ ಕ್ಯಾನ್ಸರ್ ಇದಂತೆ ಜಾತಿ ಬ್ಯಾನ್ ಆಗಬೇಕು.. ಉತ್ತರ ಪ್ರದೇಶದಂತೆ 🙏🚩,0
"Prathap sir ,nijvaglu, muslimru hindhugalanna govravsodadre hinduglu pujiso mukkoti devruglu nelsiro hasugalu hasugusugalanna hinayavagi ...😭😭.... Nimdhe sarkara nimma rakthadalli prathapa iddre, muslimra prathi  dhampathygalige ondhe magu kaddaya madi  +operation madsi, nimge nijvaglu dam idrey, nimdhe sarkara bega hechethukolli ,bari mathu saldhu, nimma sarkarkarada power thorsi",1
ಯತ್ನಾಳ ನಿಜ ಮಾತಾಡು ನಿನಗೆ ಅಂಬೇಡ್ಕರ್ ಅಂದ್ರ್ ಅಲರ್ಜಿ ಬೊಗಸ ಭಾಷಣ ಮಾಡಬೇಡ  ದಲಿತರು  ಯನು ಹುಚ್ಚರು  ಜೈ ಭೀಮ್ ಜೈ ಟಿಪ್ಪು,0
Bosdike ninge yenu gotthilla paper,1
ಭವ್ಯಾ ನೀನು ಮುಸ್ಲಿಂ  ಹಿಂದೂ ನ ಅರ್ಥ ಆಗಿಲ್ಲ,0
ಇವೆಲ್ಲ ಕಾಲು ಕೈಯಿ ತಲೆ ಕಾಲ್ಪನಿಕ ಕಟ್ಟುಕಥೆಗಳು ನಮ್ಮ ಹಿಂದೂ ಧರ್ಮದಲ್ಲಿ ಜಾತಿ ಹುಟ್ಟಿಕೊಂಡಿದೆ ಬೇರೆ ಧರ್ಮಗಳಿಂದ ನಾವು ದಲಿತರು ಬ್ರಾಹ್ಮಣ ವಂಶದವರು ಈ ವಿಷಯ ಎಲ್ಲಿ ಪ್ರಸ್ತಾಪವಾಗಿಲ್ಲ ಇಂತಹ ವಿಷಯಗಳನ್ನು ಇಂದಿನ ಇತಿಹಾಸಕಾರರು ಇಂತಹ  ಸತ್ಯಕಥೆ ಯಾವುದೇ ಪುಸ್ತಕದ  ರೂಪದಲ್ಲಿ ವರ ತರದೆ ಹಾಗೆ ಮುಚ್ಚಲ್ಪಟ್ಟಿದೆ ಏಕೆಂದರೆ ಇಂಥ ವಿಷಯಗಳನ್ನು ಸಮಾಜ ಜಲ ತನಕ್ಕೆ ತಿಳಿಸಿದರೆ ಹಿಂದೂಗಳಲ್ಲಿ ದೊಡ್ಡ ಬಲವನ್ನೇ ಸಿಕ್ಕು ಬೀಳುತ್ತೆ ಅಂತ್ತನೆ ಇತರ ಧರ್ಮಗಳು ಮೇಲು ಕೀಳು ಎನ್ನುವ ತಂತ್ರಗಾರಿಕೆಯಿಂದನೆ ನಮ್ಮ ಜಾತಿಗಳ ನಡುವೆನೆ ಚಾಡಿ ಮಾತುಗಳನ್ನು ಸೃಷ್ಟಿ ಮಾಡುತ್ತಾ ಬಂದಿದ್ದಾರೆ ಇದರ ಬಗ್ಗೆ ತೆಗೆದುಕೊಂಡು ಒಂದು ಸಾರಿ ಲೈವ್ ಗೆ ಬರಬೇಕಂತ ಕೆಲವು ಎವಿಡೆನ್ಸ್ ಗಳನ್ನು ಮುಂದಿಟ್ಟುಕೊಂಡು ಬರುತ್ತೇನೆ ಸರ್ ಇದಕ್ಕೆ ನಿಮ್ಮೆಲ್ಲರ ಸಹಕಾರ ಇದ್ದೇ ಇರುತ್ತೆ (ಮಲ್ಲಯ್ಯ ಮಾದಿಗ ಹಿಂದೂ),0
Lofer mp,1
Which type stay bro😢,0
Ayogya sullibele idhu consitution pera sarkar . Yaru hindhu virodigalilla..nimmanthavarge muslim pera sarkar anisuthe... Nivu mathadodella consitution virudhavagiye ..ninge vadhu ollagade hakbeku .. .,1
Varna vyavasthe sariyagi thilkolde jathi paddathi madkondidare mathe yaro obbaru enadru hosadagi thandre avrde ennodu jathi madi spardhe madkondu kothirthare,0
Avn makakke Mett Nalli haki heltane avne 😂 first Kannada kaliyappa Mohammad gajni,1
ಜೈಭೀಮ್ 👍👍👍👍👍👍,0
"ಹಿಂದೂ ಹುಲಿಗಳು ಇದ್ದರೆ
ಆದರೆ ಯತ್ನಾಳ್ ಹಿಂದೂ ಇಲಿ ಹೆಗ್ಗಣ 😮😮",1
ಸಿಂಹದ. ಮರಿ... ಯತ್ನಾಳ್... ಸರ್... 🙏🙏🙏👏👏👏👌👌👌qq💐💐💐,0
Jathi tholagali. Yellarum Gowravadinda Balona uddaravagona.,0
ಅದು ಸಾಬರ್ ಪಕ್ಷ,1
420 congie nan makallu,1
ಅರುಣ್ ಸೂಳೆಮಗನೇ,1
Jai Yatnal 🚩🚩,0
"ಜೈ ಶ್ರೀರಾಮ, ಜೈ ಮೋದಿ, ಜೈ ಬಿಜೆಪಿ, ಜೈ ಪ್ರತಾಪ್ ಸಿಂಹ 🚩🚩🚩🚩🚩🚩",0
ನಿಜಕ್ಕೂ ಅದ್ಭುತ ಮಾತುಗಳು....ಮತ್ತು  ಪ್ರತಿಯೊಬ್ಬರೂ ತಿಳಿದುಕೊಳ್ಳಲೇಬೇಕಾದ...ವಿಚಾರ...ಇಂತಹ  ಸರಳ ಮತ್ತು ವಿಶ್ವ ಮಾನವ ಚಿಂತನೆ...ಇಂದಿನ ಮಕ್ಕಳು ಮತ್ತು ಯುವಜನತೆಗೆ ತುಂಬಾನೆ ಅಗತ್ಯ ಮತ್ತು ಅನಿವಾರ್ಯವಾಗಿದೆ....ನಿಮ್ಮಂತ ಪತ್ರಕರ್ತರು...ಮತ್ತು  ಪ್ರತಿಯೊಬ್ಬ ಭಾರತೀಯ .ಮನಸ್ಸು ಮಾಡಿದರೆ ಮಾತ್ರ ಖಂಡಿತವಾಗಿಯೂ ಈ ಜಾತಿ ಎಂಬ ಭೂತವನ್ನ ಮತ್ತೆ ಅದರ ಬೇರನ್ನ ಕಿತ್ತು  ಹಾಕಲು ಸಾಧ್ಯ.....ಅಮರ್ ಸರ್ ತುಂಬಾ ತುಂಬಾ ಧನ್ಯವಾದಗಳು.....,0
"Nammadu ondu maatu 
MUSLIM janakke neevu eshte helidru elladralli dharma tagondu barodu ...Adar bagge kelidri matter na ellilligo tagondu hogodu
Ex :- UTA ayta anta kelidre naanu maadidde aadre Modiji permission kottilla, badavarige uta sikkilla anta heltare keliddu bittu ella berede maatu aadtare",1
ಈ ಜನ್ಮಕ್ಕೆ ಭಾರತದಲ್ಲಿ ಜಾತಿ ಹೆಸರಿನಲ್ಲಿ ಬದುಕುತ್ತಿರುವ ಜನರ ತಲೆಮಾರಿನವರು ಸತ್ತರೂ ಭಾರತದಿಂದ ಈ ಜಾತಿ ಎನ್ನುವ ವೈರಸ್‌ ಸಾಯುವುದಿಲ್ಲ.,0
Super sir🙏🔥,0
 @mdsharifshahidk5873  ide Ning ideya,0
"ಕಷ್ಟಕ್ಕೆ ಸಹಾಯ ವಾಗಲೆಂದು ಸಹಾಯ ಮಾಡುವವರಿಗೆ, ಅವಮಾನವಾಗುವಂತೆ ನಡೆದು ಕೊಳ್ಳುವದು, ಕಷ್ಟಕ್ಕೆ ದುಡುವ ಪ್ರವೃತಿ ಮೊದಲು ಹೋಗಬೇಕು.",0
ಇದರಿಂದ ಇನ್ನು ಅತಿ ಹೆಚ್ಚು ಅಟ್ರಾಸೀಟಿ ಕೆಸ್ ದಾಖಲಾಗುತ್ತವೆ. ಸುಳ್ಳು ಕೆಸ್ ಜಾಸ್ತಿ ಆಗ್ತವೆ..,0
ಶ್ರೀ ಕೃಷ್ಣ ಹೇಳಿದಾಗೆ ಈ ಪ್ರಪಂಚದಲ್ಲಿ ಯಾವ ಜಾತಿ ಇಲ್ಲ ದೇವರಿಗಿಂತಲೂ ನಾವು ದೊಡ್ಡವರಲ್ಲ ನಿಜವಾದ ಒಳ್ಳೆತನಕ್ಕೆ ಜ್ಞಾನಕ್ಕೆ ಪ್ರೀತಿಗೆ ಕರುಣೆಗೆ ಈ ಭೂಮಿಯಲ್ಲಿ ಜಾಗವಿದೆ 🙏🙏,0
"ಜಾತಿ ಎಂಬುವುದು ಆರ್ಥಿಕವಾಗಿ ಹಿಂದಳಿದವರು ಹಾಗೂ ಕಾಡಿನಲ್ಲಿ 
ವಾಸ ಅತವಾ ಅನಾಗರಿಕರು ಎಂದು ಹೆಳಬವುದು 
ಉಳ್ಳವರು ಬಡವರನ್ನು 
ಹೀನಾಯವಾಗಿ  ಕಂಡಿರುವುದು
ಹಾಗೂ ಅವರನ್ನು  ತಿಳಿದಿರುವುದು
ತಿಳುವಳಿಕೆ ಚುರುಕು 
ಬುದ್ದಿವುಳ ವರು ಬಲಾಢ್ಯರು, ಉತ್ತ ಮರು ಬುದ್ಧಿಶಕ್ತಿ  ತಿಳುವಳಿಕೆ ಯೋಚನಶಕ್ತಿ ವುಳವರು ಉತ್ತಮ ಜಾತಿ ಅದರು 
ಆರ್ಥಿಕವಾಗಿ,  ಯೋಚನಾಶಕ್ತಿ ಕಡಿಮೆ ಇರುವವರು  ಹಿನಜಾತಿ. ಆದರು ಹಾಗೆಯೇ ಮೂಡುವರೆದರು shart  ಆಗಿ ತಿಳಿಸಲಾಗಿದೆ.  ನಮಸ್ತೆ ಸ್ವಾಮಿ",0
ಇವಾಗಲು ಕಾಲ ಮಿಂಚಿಲ್ಲ  ಜಾತಿ ಬಿಟ್ಟು ಒಂದಾಗಬೇಕು ಒಂದಾರೆ ಹಿಂದೂಗಳನ್ನು ಯಾರು ಮುಟ್ಟಿಲು ಸಾಧ್ಯವಾಗುವುದಿಲ್ಲ,0
Sullibele nin en madiddiya namma rajyakke,0
❤ಜೈ ಸಂವಿಧಾನ ಜೈ ಭೀಮ್ ❤ ನ್ಯಾಯ ಜೀವಂತ ಇದೆ.ಸತ್ಯ ಮೇವ ಜಯತೇ.,0
"Avru enu madidru antha saha tilidukolli modalu ,e teerpu ondhu thara eka paksha nirdhara agidhe sari illa teerpu ,sullu case dakalu madthre en mele aste",1
Jai Modi Jai Sulibeli,1
Chapli Thakudu vaaditivi nammanna muttidare be careful 😡 naam hijab respect women,1
Howda nodu thamma ninge goth agutte en tharthare  Antha,0
"ನಿಮ್ಮ ಮನಸು ಅಂತರಂಗದಲ್ಲಿ ಸ್ವಚ್ಚತೆ ಇದ್ದರೆ,ಮಹಾತ್ಮ ಬಸವಣ್ಣ ನವರನ್ನು ಕೊಟ್ಟ ಸಮಾನತೆಯ ವಚನ ಹೇಳಿ ನೋಡೋಣಾ,?",0
E nan maklige NIV ene helidru artha agalla bidi sumne nim time west madkothiraaa,1
ಅಣ್ಣ ನಿಮ್ ಅಂಥವರು ಸಿಎಂ ಆಗ್ಬೇಕು🙏👌🙏,0
Nim appanda bharata sulebail baili,0
​ @gireesha4811 😂😅,0
"ಚಕ್ರವರ್ತಿ ಶೂಲಿಬೆಲೆಯವರೇ, ಬಿಜೆಪಿಯಲ್ಲಿ ಸ್ತ್ರೀ ಸಂಗ ಮಾಡಿ ಅದು ಬಯಲಾಗಬಾರದು ಅಂತ ಕೋರ್ಟಿನಿಂದ ಸ್ಟ್ರೆ ಆರ್ಡರ್ ತಂದ ಮೂವರು ಮಾಜಿ ಮುಖ್ಯಮಂತ್ರಿಗಳು, ಹನ್ನೆರಡು ಜನ MLA ಗಳು ಇವರ ಬಗ್ಗೆ ಜನರಿಗೆ ತಿಳಿಸಿ, ನೀವು ಜಾತ್ಯತೀತರಾಗಿ ಪಕ್ಷಪಾತಿ ಯಾಗಬೇಡಿ",1
Loafer Cast ban madidare sariyada dariyalli nedithate,1
howdu sabru bandmele Ella halagide,1
"Matadok agade ododnalla nim leader,😁😁",1
"ಇವತ್ತಿನ  ನೋಡು ಪಾ ಪ್ರತಾಪ .
I am proud be indian muslim.",0
"Eee charche janaralli shanthi kadaduththe.
Suddi madhyamadavaru suddi bittharisi.
Nimage suddi koduva kashta nodi navu suddi channelgalannu thegesiddeve.
Heege munduvarase,nimma suddi madhyamadavaru moolegumpaguththeri.
Neevu yechchethukondu badalagi",0
Hindu darm onde jati agabeku avge balistaragoke sadya,0
" @bharatnaik9891  
Nin kunde",1
ನೀವು ಹೇಳಿದ್ರಲ್ಲ ಅವೆಲ್ಲ ಯಾರು ನೋಡುವುದಿಲ್ಲ  ಬರೀ reservation ಬಗ್ಗೆ ನೇ ಮಾತ್ರ ಮಾತನಾಡುತ್ತಾರೇ,0
Le anchor modlu ellavannu tilko le,0
Sir mama deshada history bage tilkotidre raktha kudiute astu sarvanasha madidare e mughalaru nan deshana.,1
Nin manege beki adre nin sumne erthida swamy,0
Bitti Bhagya Aasege vote ako Hindugale Hindu Dharma nashakke desha Islamic madlikke kaarana Aagtiddare ....,1
". ಬಾಬಾ ಸಾಹೇಬ ಅಂಬೇಡ್ಕರ್ ಜಾತಿ ವ್ಯವಸ್ಥೆ ವಿರುದ್ದ ಸಾಕಷ್ಟು ಹೋರಾಟ ಮಾಡಿದ್ದರು ಜಾತಿ ವ್ಯವಸ್ಥೆ ದೇಶದಲ್ಲಿ ದೂರವಾಗದೆ ಇರಲು ಮುಖ್ಯ ಕಾರಣ  ಮನುಷ್ಯನ ಕೆಟ್ಟ ಮನಸ್ಥಿತಿ ಸ್ವಾರ್ಥ, ಮೂಡನಂಬಿಕೆ, ಅವೈಜ್ಞಾನಕ ಆಚರಣೆ. ಮನುವಾದಿಗಳ ಧೋರಣೆ. ಅನಕ್ಷರತೇ.",0
Election bandidde Hindu Muslim war Start agatade edu nam bjp janaran😃😃😃😃😄😄😄😉😍😍😍😍😍,1
ನಮ್ಮ ಮಠಗಳ ಸ್ವಾಮೀಜಿಗಳು ಭೇದಭಾವ ಮಾಡದೆ ಎಲ್ಲರೂ ಒಗ್ಗಟ್ಟಾಗಿ ನಮ್ಮ ದೇಶದಲ್ಲಿ ಆಗುತ್ತಿರುವ ಅನ್ಯಾಯಗಳನ್ನು ಜನರಿಗೆ ವಿವರಿಸುತ್ತಾ ನಾವೆಲ್ಲರೂ ಒಂದೇ ಎಂದು ಮತ್ತು ಇದನ್ನು ಚುನಾವಣೆ ಗಳ ಸಮಯದಲ್ಲಿ ತೋರಿಸಬೇಕು ಎಂದು ಜನರಿಗೆ ವಿವರಿಸುತ್ತಾ ಪ್ರಚಾರ ಸಭೆ ಗಳನ್ನು ತಪ್ಪದೇ ಮಾಡಬೇಕು.ಇಲ್ಲದಿದ್ದಲ್ಲಿ ನಮ್ಮ ಮುಂದಿನ ಜನರು ತೀವ್ರ ಸಂಕಷ್ಟ ಗಳನ್ನು ಮತ್ತೇ ಅನುಭವಿಸ ಬೇಕಾಗುತ್ತದೆ.ನನ್ನ ಪ್ರೀತಿಯ ಜನರೇ ಎಚ್ಚರ -  - ಎಚ್ಚರ - - ಎಚ್ಚರ.,0
"Sir avaravar jathi avarige sresta adannu mathadokke yarindanu sadya illa.adre ambedker madirodu samvidhana channagidiya, yaru samvidhana madabekagirodu? Videshigarathra lanchagàlu thakondu videshi kanunugalige videshi mathagalige avarige bekaddannu avara maneyalli kulithu barkondare adu samvidhana engagutte?Avattina dinagalalli yalla jathigalige idda kadu kastane bere, adre forrine education madiro Avani badavaru,vishyapoorithavada kattali gaddegalu thindiro avaru savukarara?adannu kelidavaramele atrasiti kesugalu Aki enquari kuda illade jailige akiddare,yesto Jana sullu kesugalinda jailuvasa madiddare,ivattigeu aderithi sullu kesugalu madthane iddare.kanunu thiddupadi samvidhama madodu Mula bharathiya sanathana Hindu raithajanaprajegalu act,go,samithige oppige madabeku.adaralli arharu yaru,anarharu yaru antha we Modalu yeliddini.adre samvidhana sari illa. Namage samvidhana krhutha yugada kaladalli barediddare adu baghavathgitha.ambedker baredirodu deshyadalli vivadagalannu madokke Videshigarinda lanchagàlu thakondu, adannu kelidavaramele sullu kesugalu madodu samvidhana rachane makondiddare.deshya uddarakke Alla.yelodu jasthi ide yalla tipe madokke agalla.dairectogi bekadare yalla yelthini,yalla prasnegalu uttara yelthini,nanna prasnegalige uttarakodi.",0
ರಾಜ್ಹಾಕ್ ಫಕ್ b...... ವ್ಯ,1
Well said ..casteism should be kicked out from our country....ಜಾತಿ ಬೇದ ಮಾಡೊರನ್ನ....ಗಲ್ಲಿಗೆ ಎರಿಸಬೇಕು....,1
Curect agi helidri,0
Bhavya alla evalu Begum...🐷🐖,1
Hucchu yatnal bhashanada  abbara alla bhashanada gobbara ee yettu baayi tegedre  gobbarane irodu bayalli😂😂,1
Le ninapana asti Ala Adu nanu vondu Muslims Nan friends 99 Hindus Nan Yavatu darmada vishaya mathadila kelavu vote goskara divide madabedi 😢.yaru dharma anta Antaro avru Desha development madaka sadyane illa,0
Time West (ಮೊದಲು ನಾನು ಭಾರತೀಯ ಕೊನೆಯದಾಗಿ ನಾನು ಭಾರತೀಯ)...🇮🇳🇮🇳🇮🇳📚📚🌷,0
Ajjanighe  arulumarulu 😀,1
ಸುಳ್ಳಿಗೆ ಹುಟ್ಟಿದ ಮಗ ಇವ,0
ಕಚಡಾ ಕಾಂಗ್ರೆಸ್ಗಳು,0
Donghi magha usarwalli ninu 😂😂😂😂😂,1
Le bolimagne first yavaga yav yearralli hagide anta bevarsi nan magne ninge narakadallu shikshe hagutte yanjalu nai,1
ಸರ್ ಮುಸ್ಲಿಂ ಬಾಂಧವರು ಸಮಾಜಕ್ಕಾಗಿ ಯಾವ ಯಾವ ಸೇವೆಗಳು ಮಾಡ್ತಾ ಇದ್ದಾರೆ.,0
ಹೌದ ಗಂಡಸ ನಮ್ಮ ಮುತ್ತಾಲಿಕ,1
Draupadi murmu avranna Ayodhya devaalaya samsthaapanege yaake invite maadilla Mohan bhagawatar sir??? Alli caste enu addi barlilla thaane??,1
Le appa bidanna saku,0
Avaru school  college gi full uniform haaki barthari  🤗,0
ಯಾಕೆ ನೀನಗೇನಾದರೂ ಬುರ್ಕಾ ಹಾಕು ಅಂದ್ರಾ 🤣,1
Dalitharu eegalu Saha yesto halligalalli husirugatti badukuva paristhiti ede ee ondu case enda matte jeeva bandanthagide,1
Newu newsu maduwudu yawa jatege newu news mdutera🎉,0
ಮುನಿರತ್ನಂ ನಾಯ್ಡುನು ನೇಣಿಗೆ ಹಾಕಿ.,1
ಭೂಗಳ್ಳ ವಾಕ್ಫ್ ಸಂಸ್ಥೆ ರದ್ದಾಗಬೇಕು,0
ರಾಜಕೀಯ ಮಾಡಲ್ಲ ಅಂತ ಹೇಳಿ ಪೂರ್ತಿ ರಾಜಕೀಯನೇ ಮಾತಾಡ್ತಾ ಇದ್ಯಲ್ಲಾ ಜಮ್ಲ ರಾಜ,1
Le sulibele.. BJP duddu kotre ninge jeevana... Swantha dudidu badaku....,1
Kannada maathadu illa english nalle correct aag type maadu..  First neenu correct aag tilko aamele comment maadu,1
ಈ ಸಿದ್ದರಾಮಯ್ಯ ಯಾರಿಗಿ ಹುಟ್ಟಿದನೋ,1
bava olle matu,0
ಸೈಕೋ ಸುಲಿ ಬೆಲೆಗೆ ಚಿಕಿತ್ಸೆ ನೀಡಲು ಸಹಾಯ ಮಾಡಿ😂,1
ಒಳ್ಳೆಯ ಬೆಳವಣಿಗೆ ಜೈ ಭೀಮ್,0
ಗಾಂಧೀಜಿಯನ್ನು ಕೊಂದವರಿಂದ ಬರಿ ಸುಳ್ಳು ಸೃಷ್ಟಿ ಹೊರತು ಏನು ಸಾಧನೆ ಇಲ್ಲಾ ಇವರ ಬಾಯಲ್ಲಿ ಅಭಿವೃದ್ಧಿ ಮಾತು ಬರಲ್ಲ ಇವರ ಬಾಯಲ್ಲಿ ಮುಸಲ್ಮಾನ್ ರಾಮ್ ಪಾಕಿಸ್ತಾನ ಈ ಮೂರು ನಾಮ ಬಿಟ್ಟರೆ ಏನು ಇಲ್ಲಾ 😂,1
 @omkarmurthy8423  ಯಾಕೋ ಅಣ್ಣಾ ಹಂದಿ ಚಿತ್ರ ಹಾಕೊಂಡಿ,0
"ಜಾತಿಗೆ ಬೆಂಕಿ ಹಚ್ಚಿದವರು ಭಗವಾನ್ ಬುದ್ಧರು , ಬಸವಾದಿ ಶರಣರು. ಭಾರತದ ಸಂಸ್ಕೃತಿ , ವೇದ , ಉಪನಿಷದ ಅಂತಾ ಬೊಬ್ಬೆ  ಹೊಡೆದವರು ಅಸ್ಪೃಶ್ಯತೆ ಬದ್ದಲ್ಲ ಏನು ಹೇಳುತ್ತಾರೆ . ವರ್ಣಾಶ್ರಮ ಜ್ಞಾನವೇ ಅಥವಾ ಅಜ್ಞಾನವೋ . ಸಾವಿರಾರು ವರ್ಷಗಳಿಂದ ಕೀಳು ಜಾತಿಯವರಂತ  ಸಾಕಷ್ಟು ಮನಸ್ಸಿಗೆ ನೋವನ್ನುಂಟು ಮಾಡುತ್ತ ಬಂದ್ರಲ್ಲ  ಆ ದುಷ್ಟ  ಬುದ್ಧಿಗೆ  ಏನಂತೀರಾ. ಅದನ್ನೇ ಅವರು ಜ್ಞಾನ,  ಬುದ್ಧಿ ಅಂದರು. ಆದರೆ ಅದು ಕೋಡಿ ಬುದ್ಧಿ . ಈಗ ಮೋಹನ್ ಭಾಗವತ್ ರದು ಹೊಸ ಒರೆಸಿ. ಮೋಹನ್ ಭಾಗವತ್ ಒಬ್ಬ ಉಸುರೊಳ್ಳಿ . ಈಗ ಬಿಜೆಪಿ ಸೋಲುಬಹುದು ಅಂತಾ ಸಂಶಯ ಬಂದಿರಬಹುದು . ಈಗ ಭಾಗವರದು ಹೊಸ ಗಿಮ್ಮಿಕ್. ಇವರನ್ನು ನಂಬಬೇಕೇ .ನಂಬಲೇ ಬಾರದು . ಕಾರಣ
ಇಷ್ಟೇ ವಿಪ್ರರು ನುಡಿದಂತೆ ನಡೆಯರು. ಭಾಗವತ ಮಾತಿಗೆ
 ಕವಡೆ ಕಿಮ್ಮತ್ತು ಕೊಡಬಾರದು . ಬ್ರಾಹ್ಮಣ ಕ್ಷೇತ್ರೀಯ ಹೆಣ್ಣು ಮಕ್ಕಳಿಗೆ ಉಪನಯನ ಇಲ್ಲ. ಯಾಕೆ . ಜನ್ಮನಾ ಜಾಯತೆ ಶೂದ್ರಾ ಕರ್ಮಣಾ ದ್ವಿಜ ಉಚ್ಚತೆ  .ಉಪನಯನ ಆಗದ ಹೆಣ್ಣು ಮಕ್ಕಳು ಶೂದ್ರರೇ. ಏನಂತೀರಿ ಭಾಗವತರೇ",1
ನಾನು ಒಬ್ಬ ದಲಿತ ಅದ್ರೆ ನಾನು ಹಿಂದೂ ಧರ್ಮದಲ್ಲಿ ಹುಟ್ಟಿರೋದು,1
Super sir 🙏🙏🙏 edu mundu varibeku,0
ಬೆಣ್ಣೆ ಅಂತೆ ಮಾತಡಿ ಬಾಂಬ್ ಹಾಕೋದು ಇವರ ಮದರಾಸ್ ಶಿಕ್ಷಣ 😂😂,1
"ಒಂದೇ ದೇಶ,ಒಂದೇ ಕಾನೂನು...
ಜಾತಿ ಧರ್ಮ ತೆಗೆದು ಮೆರಿಟ್ ಆಧಾರದ ಮೇಲೆ..
ತರುವ ಪ್ರಯತ್ನ ಮಾಡಿ ಏಕೆಂದರೆ ನಿಮ್ಮದೇ ಸರ್ಕಾರ ರಾಜ್ಯ ಮತ್ತು ಕೇಂದ್ರ ಸರ್ಕಾರ ಇರುವಾಗ ಮಾಡಿ ಜಾಣ, ಬುದ್ದಿವಂತ ಸಂಸದ ಪ್ರತಾಪ್ ಸಿಂಹ
.......",0
Pakka public TV BJP channel loafer galu BJP channel public TV jhalara Nan maklu 😡😡,1
"100 %  ನಿಜ
 ಜಾತಿ ವ್ಯವಸ್ಥೆಗಿಂತ ಮತ್ತೊಂದು ಭ್ರಷ್ಟಾಚಾರ ಬೇರೊಂದಿಲ್ಲ",0
Sulle maga ivanow,1
Yene agali  Jai Hindu aste Hindustan nali Hindus martene kingmaker 👑 yela Muslim people’s naa Pakistan ge kalsi  yava muslims beda Nama Bharatha dhali enough....Jai sriram 🚩,1
ಏನು ಮಾತು ಸರ್ ?,0
ಜೈ BRP🙏🏿,0
"ಸಾಮಾಜಿಕ ಬದಲಾವಣೆಗೇ 
ಧಾರ್ಮಿಕ ಹಾಗೂ ರಾಜಕೀಯ ಬದಲಾವಣೆ ಅವಶ್ಯಕತೆ ಇದೆ.",0
ಸೂಳೆಮಕ್ಕಳು ಗೆ ಮರಣ ಶಿಕ್ಷೇ ಹಾಕಬೇಕು,1
ಮುಜರಾಯಿ ದೇವಾಲಯಗಳ ಹುಂಡಿಗೆ ಹಣ ಹಾಕಬೇಡಿ . ಕಾಶ್ಮೀರ ಕ್ಕೆ ಪ್ರವಾಸ ಹೋಗುವುದನ್ನು ನಿಲ್ಲಿಸಿ.,0
100% sathya,0
ಕಾಂಗ್ರೆಸ್ ಕಾರಣ,0
"ಜಾತಿಯನ್ನು ಸುಡಲೇಬೇಕು, ಅಂಬೇಡ್ಕರ ನಿಜ ಹೇಳುತ್ತಿದ್ದಾರೆ. ಜಾತಿಗೆ ಮೂಲ ಕಾರಣ ಮನು ಸ್ಮೃತಿಯ ಚಾತುರ್ವರ್ಣ ತಾನೆ?
ಬ್ರಾಹ್ಮಣ, ವೀರಶೈವ ಮಠಗಳ ಜಗದ್ಗುರುಗಳು, ಮುಖ್ಯಸ್ಥರು ಮುಂದಾಳತ್ವ ವಹಿಸಿಕೊಂಡು ಚಾತುರ್ವರ್ಣ ಪಧ್ಧತಿಗೆ ಧಿಕ್ಕಾರ ಹೇಳಬೇಕು. ಇದನ್ನೊಂದು ಚಳುವಳಿ ರೀತಿ ಕಾರ್ಯಕ್ರಮ ಹಾಕಿಕೊಂಡು ಜಾತಿ ನಿರ್ಮೂಲನೆಗೆ ಶ್ರಮಿಸಬೇಕು. 
ಎಲ್ಲಾ ಬ್ರಾಹ್ಮಣ, ವೀರಶೈವ/ಲಿಂಗಾಯತ ಮಠಗಳಿಗೆ ಈ ಜೇತಿಯವರನ್ನು ಹೊರತುಪಡಿಸಿ ಉಳಿದ ಜಾತಿಯವರನ್ನು ಜಗದ್ಗುರುಗಳನ್ನಾಗಿ ನೇಮಿಸಲು ಕ್ರಮ ತೆಗೆದುಕೊಳ್ಳಬೇಕು.",1
"ಹೆಗಡೇವಾರ್.ಸಾವರ್ಕರ್.ಗೊಲ್ವಾಲ್ಕರ್.
ದೇಶದ ಮೊದಲ ಮನುವಾದಿಗಳು.ಇದನ್ನ ಪ್ರತಿ ಭಾರತೀಯರು ಒಪ್ಪಲೇಬೇಕಾದ ಸತ್ಯ.ಸಾರ್",0
All' over India cover by islamic traadions. Next Hindus minoritous in Karnataka.,1
BJP party bucket chakra hi well not give you ticket u understand idiot baala bich beda jaasthi,1
First nina name change madukolpa.sriramana bhaktha hanumatha.le first nina dharma gowravisu.nama manne tayyige harakslu seerey.pakda manne tayyige jarathari seerey.,1
ಪರಿಶಿಷ್ಟ ಜಾತಿಗಳ ಮೇಲೆ ದೌರ್ಜನ್ಯ ನಡೆಯುತ್ತಿದೆ ಕಾನೂನು ಕೈ ಕ್ರಮ ಗೊಳ್ಳಬೇಕು ನಿಮ್ಮ ಮಾತು ಕೇಳಿ ತುಂಬಾ ಸಂತೋಷವಾಯಿತು ಅರ್ಥಪೂರ್ಣವಾಗಿದೆ ಸತ್ಯ ಇದು ಜೈ ಭೀಮ್ ಬಾಬು ಜಗಜೀವನ ರಾಮ್,0
"Sir   Amar. nimage. Dhanyavadsgalu. Nange. 62 varusa. . Nanna mahana. Vaisi. Iraha 29:09 adu,   he vasisinale.  Istondu. Thikivalike.  Kodutjaidira. Nimage.  Anantha. Dhanyiyavadagwlu",0
ಯತ್ನಾಳ್ ಹಿಂದೂ ಗಳ್ಳ ನಾಯಿ😅,1
Missail madida A K Kalam yawaga hindu adru...sir ..he is great he is not hindu not muslim but great Indian,0
​ @Shekar-c4k ನೀನೊಬ್ಬ ಶೆಂಡ್ 😂😂😂😂👆🏻👆🏻👆🏻👆🏻👆🏻👆🏻,1
ಇವನೂ ಸಾಬ್ರಿಗೆ ಹುಟ್ಟಿದ್ದಾನೆ ಅನ್ಸುತ್ತೆ ಅವ್ರ ಹೆಸರು yettidale ಇರಲ್ಲ daily,0
ಬಟ್ರಿಗೆ ಜಾತಿ ಜಾತಿ ಅಂತ ಸಾಯತರೆ ಆದರೆ ಭಟ್ಟರಿಗೆ ಮಾಜಮಾಡೋಕೆ ದಲಿತರ ಹೆಂಗಸರೇ ಆಗಬೇಕು. ಆದರೂ ನಾವು ಶ್ರೇಷ್ಟ ಅಂತಾರೆ,1
ಇವನು ದುಡ್ಡಿಗಾಗಿ ಬಿಜೆಪಿ ಅವರ ತಿಕ ಬೇಕಾದರೂ ನೆಕ್ಕುತ್ತನೆ,1
Jammer tunne unno bolimagne,1
Sabka Saath Sabka Vinaash 😂😂 thu nim janmak nalayak sullu heli heli desha ne looti madi bitru,1
Bjp ge ವೋಟ್ ಹಾಕುವ ಮೂರ್ಖರೆ ಹೆಚ್ಚರ,1
Jai Pratap simma mudina gruhamantri,0
ನಿನ್ನ ಮನೆಗೆ ಬೆಂಕಿ ಬಿದ್ದಿದ್ದರೆ ನೀನು ಸುಮ್ನೆ ಇರುತಿದ್ಯ,0
ಜೈ ಖರ್ಗೆ ಜೀ,0
"ನಿಜ ..ಭಾರತೀಯರೆಲ್ಲರೂ ಸ್ವಾತಂತ್ರ್ಯ ಕ್ಕಾಗಿ ಹೋರಾಡುತ್ತಿದ್ದರೆ ಭಾರತ ದಲ್ಲಿದ್ದ  ತುರಕರೆಲ್ಲರೂ     ಟರ್ಕಿ ದೇಶದ ಖಲೀಫನಿಗಾಗಿ ಖಿಲಾಫತ್ ಚಳವಳಿ ಮಾಡಿ ಕೊಂಡಿದ್ದರು....
ತಾಯಿ ನಾಡಿನ ಮೇಲಿನ ನಿಷ್ಠೆ ಗಿಂತ ಇಸ್ಲಾಂ ಪ್ರೀತಿ ದೊಡ್ಡದು ಈ ಮುಸ್ಲಿಂ ರಿಗೆ ..
 ಹೈದರಾಲಿ ಹಾಗೂ ಟಿಪ್ಪು ಕೂಡ ಬ್ರಿಟೀಷ್ ರಂತೆ ಪರಕೀಯ ದಾಳಿ ಕೋರರೇ..",1
​ @manojnnayak1387 nalayak nayak suley magane hogi hako atrocity case nan mele bevarsi,1
 @boregowda7343  nin ammun dengaa,1
Misalayi kittu bisaki yalla sariyagutte,0
Ni yarige huttdii  na yarige huttidavee,0
Sir kalavu sabaruge hutiruva sulemakalu congress ge vote Madthare siddaramullkhan hutirebeku sullemakalu,1
ನಾವು...ಭಾರತೀಯರು...ಓಂದೆ!!!! ಗಾಂಧಿಯವರು  ಹೇಳಿರುವುದು ಈಶ್ವರ್ ಅಲ್ಲಾ ತೇರೆ ನಾಮ್.....ನೆನಪಿರಲಿ.,0
Kai Hindu power man yatanala 💯💯💯💯💐💐💐💐💪💪💪💪💪💪👌👌👌👌👌jai Panchamashali,0
ಅಂದ್ರೆ ಮತಾಂತರ ಆದವರು 😆😆,1
Badiger sir nivuu sariyagi kelidira prashne,0
NIV yak job bagge nirudyoiguddu bagge mathadthilla yak sir baduvrigella anyaya madthira tumba Jana kashta dalliddare avruna nodi bidi jaathi vyavasthe bidi,0
Gorament davare madodu edu yell jathi annodu ell andra rajakiya agall nodi 🤦‍♂️,0
"Auru Bere vishya maatadtha irli, gaap alli nenu ili 🐀thara ellanu koredu thinbeka saabre 🤔",0
ಜೈ ಭೀಮ್ ಜೈ ಸಂವಿಧಾನ 🙏,0
ಜಿಗಿ ಆಯದು ಅಲ್ಲಾ ಕಣೋ ಮನಸು ಮಾಡಿದರೆ ನೀವು ಯಾವನು ಅಧಿಕಾರ ಮಾಡಲ್ಲ ನಮ್ಮ ಮುಂದೆ ಆಯ್ತಾ ನಿನ್ನ ನಾಲಿಗೆ ಸರಿ ಇರಲಿ ಆಯ್ತಾ,0
ಸರ್ ಈ ಜಾತಿಯನ್ನು ನಮ್ಮ ದೇಶದ ಪ್ರದಾನ ಮಂತ್ರಿಗಳಿಗೆ.. ಎಲ್ಲ ಜಾತಿಯನ್ನು ಸುಟ್ಟು ಆಕಿ ವಂದೇ ಜಾತಿ ವಂದೇ ಕಾನೂನು ಮಾಡೋದಕ್ಕೆ ಅವರಿಗೆ ಮಾಡೋದಕ್ಕೆ ಪರ್ಮಿಷನ್ ಇರಲ್ವ...?,0
Hindus back bone leader,0
ಭವ್ಯ ಮದುವೆ  ಆಗದೆ ನಮ್ಮ  ಹುಡ್ಗರು  ನೊಡಿ ನೊಡಿ  ಹಾಳಾದೃ,1
ಒಂದು ಕಡೆ ಹಿಂದೂ ದೇವರು  ಆರಾಧನೆ ಮಾಡುವುದು ಇನ್ನೊಂದ ಕಡೆ  ಅಪರಾಧಿ ಮುಸ್ಲೀಂರ  ಬಿಡುಗಡೆ ಎಂತಹ  ನಯವಂಚಕ  ಊಸರವಳ್ಳಿ ಸಿದ್ದರಾಮಯ್ಯ  😂😂😂😂😂😂😂😂😂😂😂😂😂😂😂😂,1
420 kalla evnoo yathnal,1
Red light nalli huttida khafir bevarse solemaga ninu namak haram kor,1
ಜೈ ಶ್ರೀ ರಾಮ್,0
"ನನ್ನ ಹಿಂದು ಧರ್ಮದವರೆಗಲ್ಲಿ / ಲಿಂಗಾಯತ ಧರ್ಮದವರಾಗಲಿ Please ನಾವು ನಿಮ್ಮವರು ನಮ್ಮನ ದುರಮಾಡಬೇಡಿ  ನಾನ್ನು ಒಬ್ಬ ಹೊಲೆಯ ಹಿಂದು ಜಾತಿಗೆ ಸೆರಿದವಾ ನಾನ್ನು ಹಿಂದು ಧರ್ಮ ಮತ್ತು ಸಂಸ್ಕೃತಿಯನ್ನು ಬಿಟ್ಟಿಲಾ  ಮತ್ತು ನಾನ್ನು ಗೋಮಾಂಸ ತಿನುಲ್ಲಾ ದಯವಿಟು ನನ್ನ ಮತ್ತು ನಿಮ್ಮನು ಬೆರೆ ಪಡಿಸಬೇಡಿ ನಾನ್ನು ನಿಮ್ಮ ಅಣ್ಣ ತಮ್ಮ  , ನಾವು ನಿಮ್ಮನ ನಿವು ನಮ್ಮನ ದ್ವೇಸಿಸಿದರೆ (ಮುಸ್ಲಿಂ-ಕ್ರಿಸ್ತ) ಸಮದಾಯಗಳು ಮೊದಲು ನಮನ್ಮ ಉಪಾಯೋಗ ಮಾಡಿಕೊಂಡರು ಈಗ ಮತ್ತೆ (ಕಾಂಗ್ರೆಸ್) ಉಪಯೋಗ ಮಾಡಿಕೊಳ್ಳುತ್ತಿದ್ದಿದೆ please ನಾನ್ನು Request ಮಾಡಿಕೊಳ್ಳುತ್ತಿದ್ದೇನೆ , ( ನಿವು ನಮ್ಮನ ಎಷ್ಟೆ ದೂರ ಮಾಡಿದರು ನಾವು ನಿಮಗೆ ಒಳ್ಳೆಯದನ್ನೆ ಬಯಸುತ್ತವೆ ನೀವು ನಮ್ಮವರು) ಜೈಭೀಮ ಶ್ರೀಗುರು ಬಸವಲಿಂಗಾಯ ನಮಃ ಜೈ ಮೋದಿ 
Jai Basan Gouda yatanal",0
Jathi important alla uttamaguna neethi nade manushyathva pramanikathe important aagiruthe. Navu samajadalli hege erutheve annodu mukhyavalla samajavannu vishvasadinda oppikollohage  nambikeyinda badykuvudannu kaliyutheve kalisutheve adu important aagiruthe.,0
Abdul razak nayi helu thindirbeku Bari boglode aythu ero vichara bittu en eno mathadtgane,1
👍 Jay Shri Ram Akhand Sanatan Dharm Jay Hindu rashtra Waqt board radd kar do,0
Soolebele muslimaru britisara kakka thinnalilla nimma poorvajari thindhadhu bharatha bittu hoguvaga nimmannu  karedhukinduhogalutheva,1
ನಿನಗೆ ಶಿಕ್ಷಣದ ಕೊರತೆ ಇದೆ ಅಂತ ಕಾಣಿಸ್ತಾ ಇದೆ,0
ತುಣ್ಣಿ ಕುಡಿ 😄,1
ಸೂಪರ್ ಸರ್ ಜೈ ಹಿಂದ್ ಜೈ ಭೀಮ್,0
"1. ಜಾತಿ ವ್ಯವಸ್ಥೆಯ ನಿರ್ಮಾತೃ 
ಬ್ರಾಹ್ಮಣ ಸಮುದಾಯ....
2. ಬ್ರಾಹ್ಮಣರ ಕೂಸಿಗೆ ಲಾಲನೆ ಪಾಲನೆ ಮಾಡಿದ್ದು ಬ್ರಿಟಿಷರು.........
3. ಬ್ರಿಟೀಷರ ದತ್ತು ಪುತ್ರನಿಗೆ ಶಾಶ್ವತವಾಗಿ ಮದುವೆ ಮಾಡಿಸಿದ್ದು  ರಾಜಕೀಯ ವ್ಯವಸ್ಥೆ..........
4. ಅನಿಷ್ಟ ಜಾತಿ ಪದ್ಧತಿಗೆ ಇಂದಿಗೂ ಜೋತು ಬಿದ್ದಿರುವವರು, ಇದೇ ಜಾತಿಯ ತಿಳುವಕೆಯುಲ್ಲ ಪ್ರಬುದ್ಧರು.....",1
​ @FarhanshariffShariff Le Bsdk first ❤mother India not religion desert cult Loyal to nation not Religion,1
ಇವನಾರೋ ಆಚಲವಾದಿ.ಮತ್ತು ಅನಾಥ ಇ ರಬೇಕು.,1
"Ambedkar bardiro samvidhana beku Ambedkar heliro maathu beku 
 Ambedkar ge havamana madidaralla avr opposite ninthu horaata madi  avaga ninna mechkothivi...  Nimdella bari dovv  vote tagoloke en bekidru helthira",1
 @HemanthKumar-shsh  lee solemagan ninden ayti  ನಿನ್ನ ಅಮ್ಮನ ಗುದ್ದು,1
ಜಾತಿ ಮಣ್ಣಿನಿಂದ ಹುಟ್ಟಿ ಬಂದಿದ್ದು ಎಂದು ತಿಳುದರೆ  ಒಳಿತು. ಯಾಕೆಂದರೆ ದೇವರು ಮನುಶಾನನ್ನು ರೂಪಿಸುವಾಗ ಮಣ್ಣಿನಿಂದ ರೂಪಿಸಿದ್ದು. ಮಣ್ಣು ಯಾವ ಯಾವ ಬಣ್ಣದಲ್ಲಿ ಇದೆ ಹಾಗೆ ಮಾನವ  ಮಣ್ಣಿಗೆ ಸಮಾನ. ಬುದ್ದಿ ಜಾಣ್ಮೆ ಆ ದೇವರೇ ಆಗಿರುತ್ತಾರೆ. ಓಕೆ ಬಾಯಿ  🌹  👍  🌹.,0
Sidda obba mullu namma rajyakke daridra boli maga,1
He tulle,1
Jai sulibele sir namma janarige arthavaguddilla ella free kasigagi saauthiddare.,0
ಮೋದಿ  ಏನು  ನಿದ್ದೆ  ಮಾಡ್ತಾ  ಇದ್ದಾನ,0
ಚಕ್ರವರ್ತಿ ಅಣ್ಣ silent rocking 🔥🔥,0
avn hellidu exactly correct 💯,0
Leeeee bereeee mathuuuu elvaaaa ningeeee,1
"Thank u Amar sir 🙏heege obba journalist agi samajawannu eccharagolisi, God bless you👐💐",0
Improvement bagge matado maraiyya,0
"ರೀ ಹರಿಪ್ರಸಾದ್ರವರೆ ನೀವೇನು ಮಾತಾಡಿದರೂ ಈ ಬಿಜೆಪಿ ಪೈಡ್ ಆಂಕರ್ ಮಾತಿನದಾಟಿಯಲ್ಲಿ ನಿಮ್ಮನ್ನು ಸಾಬರಕಡೆಯವರು ಅಂತ ಬಿಂಬಿಸುತಾತಾನೇ, ಬರಲೇಬೇಡಿ ಈ ತರಹದ್ದೇ ,ಹೇಗಾದರೂ ಸಾಯಲಿ, ನೀವಿಲ್ಲಿ ಮಾತಾಡಿದರೇ ಓಟೇನೃ ಬರಲ್ಲಾ ಆದರೇ ಈ ಆಂಕರ್ ಹಾಗೂ ಬೋಲೋ ಜೂಟ್ ಪಕ್ಷದ ಮಿಟರ್ ಹೆಚ್ಚತ್ತೇ",1
Chakravarti avare innu bari matanaadutta kulitare saladu modalu ee congigalannu mtle hodaddu odisbeku,0
Avlu yogyathe ge army alli kelsa madidale neenu beeja iskondu nim maneli kuthkond idya gandu nanmagane,1
ಅಂತ ಹೇಳ್ತಾರೆ. ಆದರೆ ಅವರಲ್ಲಿ ಬ್ರಾಹ್ಮಣರಿಗೆ ಬಿಟ್ಟರೆ ಬೇರೆಯವರನ್ನು ಬೇರೆಯೇ ತರಹ ಕಾಣುತ್ತಾರೆ,1
100 ಪರ್ಸೆಂಟ್ ಕರೆಕ್ಟ್ ಇದು ಖಾನ್ ಗ್ರೇಸ್ ಸರ್ಕಾರ 😡😡😡😡,1
"ಇವರು ಮನಸ್ಥಿತಿ ಯಾವುದೇ ಕಾರಣಕ್ಕೂ ಬದಲಾಗುವುದಿಲ್ಲ.ಈ ಮೌಲ್ವಿಗಳು ಸುಳ್ಳು ಹೇಳುತ್ತಿದ್ದಾರೆ.ಚಿಕ್ಕ ಮಕ್ಕಳಿಗೆ ಮದರಸಾಗಳಲ್ಲಿ ಕೊಡುವ ಶಿಕ್ಷಣ ಧರ್ಮದ ಅಫೀಮು ಕಾಫಿರರನ್ನು ಕೊಲ್ಲಬೇಕು ಎಂದು.
ಹಂದಿಗಳ ರೀತಿ ಮಕ್ಕಳನ್ನು ಹುಟ್ಟಿಸುತ್ತಾರೆ ನಾಲ್ಕು ಐದು ಮದುವೆ ಆಗಿ.ಇದು ಮುಖ್ಯ ಕಾರಣ ಆಗುತ್ತಿದೆ ಒಂದು ಧರ್ಮದವರು ಭಯೋತ್ಪಾದಕರಾಗಲು.",1
ಜಾತಿ ಎನ್ನುವುದು ಎಲ್ಲಿ ಕಾಣುತ್ತದೆ ಎಂದರೆ ಅವರ ಕೀಳು  ಭಾವನೆ ಜ್ಞಾನ ಇಲ್ಲದಿರುವವನು ಅವನ ವಂಶಾಭಿವೃದ್ಧಿಯಲ್ಲಿ ಮಾಡುತ್ತಿದ್ದ ಕೆಟ್ಟ ಕೆಲಸಗಳನ್ನು ವಹಿಸಿಕೊಂಡು ಅವನ ನೇರಕ್ಕೆ ಮಾತನಾಡುವ ವ್ಯಕ್ತಿ ಇವನಿಂದ ಜಾತಿ ಹುಟ್ಟುತ್ತದೆ ಈ ಪ್ರಪಂಚದಲ್ಲಿ ಯಾವ ಜಾತಿ ಇಲ್ಲ ಸರ್ 🙏🙏,0
ನಿನಗ ಧಮ್ ಇದ್ರೇ. ಬೆಂಗಳೂರು ಹೋಗಿ ನಿಲ್ಲು ಮಗನೇ.,0
Lo singi nin missionaries na nanu jana artha madkoladu baki ede aste,1
Sir ask that hindugalallu bekadastu religious practices ive adella school alli naditivya antha? uniform is must sir jathi dharma achagidbeku aste. Illa manell kudrisi maklanna bari dharma practice madisli avru. Komu galabe mado uddesha aste sir dhesha uddara mado yav olle uddeshanu idralli 100%illa. Hijaab beda saffron shawl beda uniform education aste dheshakke janathege avashyakate irodu.,1
​ @IrfanIk1218   nim appa yatnal 🚩😂,0
Congress inda Bharatha deshane hoge akuskolodo,0
"Bro neevu kodtiro information full social media info. Namalli jaati annodu bandidde Islamic invasions aadaaga.
Varna annodu kevala karmagalinda decide aago antahaddu.",1
"Deshada tumba entha Crimigalige finishment aagabeku avaaga jaathi bedha maruthu Ellaru Desha kastabahudu, Oggattagabahudu",1
Mom is,0
❤❤❤❤ sir nimage jayavagali,0
Nimma konee 4 nimishada maatu most important aagede & vaasthvaa 😊😊 edu prathiyobbaru paalisabekaada vishyaa 🎉🎉🎉🎉🎉🎉🎉🎉❤❤❤❤❤❤❤,0
"ಮತ ಮತ್ತು ಧರ್ಮ ಒಂದೇ ಆದರೆ
ಹಾಲು ಮತ..ಇದು ಮತವೋ
ಧರ್ಮವೋ..",0
"ivaga jnaodaya agide,huttuvagu yava magu nanu yava magu gu nanu jati anta godirla tande tayi galu munde kalisadu ? Bramhanu illa idella puarana",1
ತುಂಬಾ ಚನಾಗ್ ಮಾತಾಡಿದಿರಿ ಸರ್ ಹ್ಯಾಟ್ಸ್ ಆಫ್ ಟು ಯು ಸರ್,0
ಇವಳೂ ....?😂,1
ಯಲ ಜಾತಿ  ಧರ್ಮ ಇರೋದು  ನೆಹರುಗಾಂಧಿ  ಕುಟುಂಬ ಆಲ್ ಇನ್ ಒನ್  ಹಿಂದೂ ಮುಸ್ಲಿಂ ಕ್ರಿಶ್ಚಿಯನ್,1
Sulemaga ancor maneli henmakkalilla adakke athara mathane,1
ಸರ್ ಮೊದಲು ನಿಮಗೆ ಧನ್ಯವಾದಗಳು ಇಷ್ಟು ಮಾಹಿತಿಯನ್ನು ನೀಡಿದಕ್ಕೆ ಮತ್ತೊಮ್ಮೆ ಹೃದಯಪೂರ್ವಕವಾದ ಧನ್ಯವಾದಗಳು ಜಾತಿವಾರು ಭಾರತ ಕರ್ನಾಟಕದಲ್ಲೆಲ್ಲ ಭಾರತದಲ್ಲಿ ಕೂಡ ಇದೆ ಜಾತಿ. ಜಾತಿ ನಿಂದನೆ ಮಾಡಿ ಅಂತ ವ್ಯಕ್ತಿಗಳಿಗೆ ಕಠಿಣವಾಗಿ ಶಿಕ್ಷೆಯಾಗಬೇಕು ಮತ್ತೊಮ್ಮೆ ಬೇರೆ ಜಾತಿಯನ್ನು ನಿಂದಿಸುವುದು ಬಿಡಬೇಕು ಜಾತಿ ಬಿಟ್ಟರೆ ಮಾತ್ರ ದೇಶದ ಪ್ರಗತಿ  ಅಂಬೇಡ್ಕರ್ ಹೇಳಿರುವಂತೆ ಜಾತಿ ಬಿಡಬೇಕು ಆಗ ಮಾತ್ರ ಪ್ರಗತಿ ಜಾತಿಯಿಂದ ಏನು ಮಾಡಲು ಸಾಧ್ಯವಿಲ್ಲ ಜಾತಿಯ ಮಾತ್ರ ಪ್ರಮುಖ್ಯತೆ ಕೊಟ್ಟರೆ ಯಾವುದೇ ಹೇಳಿಕೆ ಸಾಧ್ಯವಿಲ್ಲ ಜಾತಿ ಬಿಟ್ಟರೆ ಮಾತ್ರ ಅಭಿವೃದ್ಧಿಯೇ ಹಂತಕ್ಕೆ ಹೋಗುತ್ತದೆ ನನ್ನ ನಂಬಿಕೆ ಎಲ್ಲಾ ಸೌಲಭ್ಯಗಳು ಎಲ್ಲರಿಗೂ ತಲುಪುವಂತೆ ಮಾಡಬೇಕು ಮೊದಲು ರಾಜಕೀಯ ವ್ಯಕ್ತಿಗಳು  ಜಾತಿ ರಾಜಕೀಯ ಬಿಡಬೇಕು  ಈ ಜಾತಿ ರಾಜಕೀಯದಿಂದ ದೇಶದ ಪ್ರಗತಿ ಕುಂಠಿತ  🙏🙏🙏🙏🙏,0
Bharata Desha ninna appanadfa.  ?,0
Right time to unite....if not be slave under Mughal government,1
ಯತ್ನಾಳ್ ಮುಂದಿನ C M. ಕನಸಿನಲ್ಲಿ.,0
Jai bheem,0
"Bava sir nivu yake banndri e dibet ge
Nim seve tumba ede e karnatakadalli but nivu don't come to this dibet again because we have lots of respect to you sir",0
Mental giraki ninn matu kelokke navu ninn tara mental ella sulimagane baba saheb murtige haar hakokke agalla ant helidi ni ninn mosadat namge gottagalenu,1
ಮೊದಲ ಮಸೀದಿ ಒಳಗೆ ಕರ್ಕೊಳಿ ಹೆಣ್ಣು ಮಕ್ಕಳನ್ನ ಆಮೇಲೆ ಮಾತಾಡಿ,1
Bogalu bogalu nayi,1
Nenu   same   420,1
Abdul nayi,1
"5:45
ಕೋರ್ಟಿಗೂ ಬರುವಂತೆಯೂ ಇಲ್ಲ
ಅಂದರೆ ವಕ್ಫ್ ಕಾನೂನಿಗೂ ಮೇಲಿದೆಯೋ 

ಎಂತಹ ಕಾನೂನು ನಮ್ಮಲ್ಲಿದೆ ?",0
ಬಡವರ ಮನೆಗೆ ಬೆಂಕಿ ಇಟ್ಟೋರಿಗೆ ಸನ್ಮಾನ ಮಾಡ್ಬೇಕಾ..!!? ಮನಸ್ಥಿತಿ ಬದಲಿಸಿ.,1
Houdo huli,0
❤ ತುಂಬಾ ಅದ್ಬುತ ಮಾಹಿತಿ ಸರ್,0
ಚಕ್ರವರ್ತಿ ಸರ್ ಯಾವ ದೇಶದ್ರೋಹಿಗಳನ್ನು ಬಿಡುವುದಿಲ್ಲ,0
ಜೈ ಹಿಂದೂ ಹುಲಿ 💗💗🚩🚩🚩🚩,0
Ivara mathugallalli shakthiyideya hadu mukya sir,0
Hello rajak hindugallu sariyagi edare nivu sabaru sariyagi eri,1
420 ಯತ್ನಾಳ.... 😅,1
ಲಿಂಗಾಯತ ಸಮಾಜಕ್ಕೆ ಆದ ಗತಿ ಅದೆ.,0
ಬೆತ್ತಲಾಗಿ ಬರೊರನ್ನ ಕೇಳೊ ಪಬ್ಲಿಕ್ Tv ಗುಬಾಲ್ ಮೈ ತುಂಬ ಬಟ್ಟೆ ಹಾಕೊಂಡು ಬರೊರನ್ನ ಅಲ್ಲ ಪ್ರಶ್ನೆ ಮಾಡೋದು,1
Go mamsa martadalli nimmaware idaralla martidi enapa,0
Jai Bhim  ಒಳ್ಳೇ ತೀರ್ಪು ನ್ಯಾಯ ಇಲ್ಲಿದೆ,0
Really great sulibele sir,0
ಜೈ ಶ್ರೀ ರಾಮ್,0
Hindu rastra edu sule magne abdule boli,1
Alle kattarsi bidi Abdul bolina,1
Deshada kaanoonvu bere adre muslim kaanoonvu bere,1
Karnataka da kathe Naagamangala aste!.😮😮,1
Lo English ra gulaama ...misuse aagtidre nyaya kodikke 9 varsha tagta iralilla ...,1
ಅಯೋಗ್ಯರಿಗೆ ಬುದ್ದಿ ಬರೋದಿಲ್ಲ ಸನತನಿಗಳಿಗೆ,0
ಮುಸ್ಲಿಂ ವ್ಯಕ್ತಿಯಿಂದ ನನ್ನ ಕೆಲಸ ಹೋಯಿತು ಸರ್.,1
ಜೈ ಬಸವನಗೌಡ್ರೆ ನಾನೂಕೂಡ ಬಸವನ ಗೌಡ❤❤,0
ಎಷ್ಟು ಬಡ ಹಿಂದೂಗಳ ಉದ್ಧಾರ ಮಾಡಿದಾರೆ ಸೂಲಿಬೆಲೆ ರವರು ಕೇಳಿ ಅವ್ರನ್ನ.,1
Yake thika uri ?,1
Yivalaman pinda yenu helthalo yi gubb munde bhavya😂😂,1
ಜೈ ಭೀಮ್,0
ಇನ್ನಾದರೂ ಅರ್ಥ ಮಾಡ್ಕೊಳ್ಳಿ..,0
ದಲಿತರು ಎನ್ನುವುದು ನೆಪ ಮಾತ್ರ ಬೇರೆ ಏನೋ ವೈಯಕ್ತಿಕ ಇರುತ್ತದೆ,1
"ಅಜಿತ್ ಹನುಮಕ್ಕಣ್ಣಾ ಸ್ವಲ್ಪ ಓದು ಬರಹ ಕಳಿತುಕೊ ಅರ್ಧ ಸತ್ಯ ಹೇಳಿ ಮುಗ್ದರನ್ನು ತಪ್ಪುದಾರಿಗೆ ಏಳಿಬೇಡ, l
ಮಿಲಿಟರಿಲಿ, ಪಂಜಾಬ್ ದೆಹಲಿ ಪೊಲೀಸ್ ಸಿಕ್ಕರು ಗಡ್ಡ ಬಿಟ್ಟು ಟರ್ಬನ್ ಹಾಕಲ್ವಾ? ಥೂ ನಿನ್ನ ಜನ್ಮಕ್ಕೆ ಬೆಂಕಿ ಹಾಕ.",1
Sulibele heng pingali😅,1
ಅಮರ್ ಸಾರ್ ಗ್ರೇಟ್ ನೀವು ಜಾತಿಯ ಬಗ್ಗೆ ಹೇಳಿರುವ ರೀತಿ ನಿಜಕ್ಕೂ ಶ್ಲಾಘನೀಯ,0
JATHI MADDA XXX MAGAN GE 🩰🩰🩰🩰🩰🩰🩰🩰🩰HODIBEKU  🐷🐷🐷🐷🐷🐷GE HUTDAVANIGE THU CHDAKA SHUUU MAKLLU,1
ಸರ್ ಪುಕ್ಸಟ್ಟೆ ಗಾಗಿ ವೋಟ್ ಹಾಕಿದ್ದಾರೆ ನಾಚಿಕೆಗೇಡಿನ ಜನ❤❤❤❤❤,1
ಜೈ ಭೀಮ್,0
ರಾಜಿ ಸಂಧಾನ ಮಾಡಬಹುದಿತ್ತು,0
ಬಡವ ಬಲ್ಲಿದ ಮಧ್ಯಮದ ವರ್ಗದವರು ಎಂದು ಯಾವಾಗ ಸರ್ಕಾರಗಳು ಮಾಡುತ್ತದೆಯೋ ಅಷ್ಟರ ತನಕ ಯಾರು ಏನು ಮಾಡಲು ಸಾಧ್ಯವಿಲ್ಲ,0
Na nadeve .....nu thulidu. Bharatha da abiruddi ge ede kugu,0
Haage heeluva bolimakkalanna allige voddu oodisabeeku brasta raajakaaranigalu duddige mathu powers ge yeenu beekadaru andare heelabaaradannu thinnuthaare,1
ಈ 420 ಕಾಂಗ್ರೇಸ್ ಗೆ ಸಿದ್ಧನಿಗೆ ಬುದ್ದಿ ಕಲಿಸಬೇಕು,1
ನಮ್ಮೂರಲ್ಲಿ ಒಬ್ಬ ದಲಿತ ಸಮುದಾಯದವರು ತಾಲೂಕ ಸರ್ಕಲ್ ಇದರೆ ಅವರು ಮನೆಗ್ ಬಂದರೆ ಚೇರ್ ಹಾಕ್ತಾರೆ ಅದೇ ಜಾತಿಯ ಬಡವ ಅಥವಾ ಅನಕ್ಷರಸ್ಥ ಬಂದ್ರೆ ಬಾಗ್ಲಿಂದ ವಾಲಗ್ ಬಿತ್ಕೊಳಲ್ಲ ಅದ್ಕೆ ಶಿಕ್ಷಣ ಅಧಿಕಾರ ಮುಖ್ಯ ಸರ್ಕಾರ ಕೊಟ್ಟಿರೋ ಮೀಸಲಾತಿಯನ್ನು ಸರಿಯಾದ ರೀತಿಯಲ್ಲಿ ಉಪಯೋಗಿಸಿ ಪ್ರತಿಯೊಬ್ಬ ದಲಿತನು ತನ್ನ ಬ್ರಾಹ್ಮಣತ್ವ ಪಡಿಬಹುದು,0
Ugud uppinkayi 😂😂,1
ರಾಮ ಮಂದಿರ ರಾಮ ಮಂದಿರ ರಾಮ ಮಂದಿರ,0
"ಲೇ ಅಯೋಗ್ಯ ರಾಹುಲ್ ಗಾಂಧಿಗೆ ಗೌರವ ಕೊಟ್ಟು ಮಾತಾಡೋ ಏಕೆಂದರೆ ರಾಹುಲ್ ಅಂಧಿ ವಿರೋಧ ಪಕ್ಕದ ನಾಯಕ, ದಲಿತರ್ಯರು ಹಿಂದುಗಳ್ಳಲ್ಲ.",1
"ಅಮರ್ ಸರ್....
ನಿಮ್ಮ ಈ ವಿಡಿಯೋ ನಲ್ಲಿ ಸಾಕಷ್ಟು ತಪ್ಪು ಮಾಹಿತಿಗಳಿವೆ ಎಂದು ಭಾವಿಸುತ್ತೇನೆ... ಬುದ್ಧ ಕಾಲದಲ್ಲಿ ಜಾತಿ ಅಥವಾ ವರ್ಣಗಳ ಪರಂಪರೆಯೇ ಇರಲಿಲ್ಲ....ಈಗಿನ ಹಿಂದೂ ಧರ್ಮ ಶಂಕರಾಚಾರ್ಯರ ನಂತರವೇ ಸೃಷ್ಟಿಯಾದದ್ದು, ಹಾಗೆಯೇ ವೇದಗಳು ಕೂಡ ಕ್ರಿಸ್ತ ಶಕದಲ್ಲಿಯೇ ಸೃಷ್ಟಿಸಲಾದವು.... ಹಿಂದೂ ಧರ್ಮವನ್ನು ಬುದ್ಧನಿಗಿಂತ ಪುರಾತನವಾದದು ಎಂದು ನಿರೂಪಿಸಲು ಬುದ್ಧ ಹಿಂದೂ ಧರ್ಮವನ್ನು ಧಿಕ್ಕರಿಸಿದ ಎಂಬ ಕಥೆ ಕಟ್ಟಲಾಗಿದೆ..... ಬುದ್ದನಿಗಿಂತ ಹಿಂದೇ ಹಿಂದೂ ಧರ್ಮ ಇತ್ತು ಎಂದು ಹೇಳಲು ಯಾವುದೇ ಉತ್ಕನನ ಸಾಕ್ಷ್ಯಗಳಿಲ್ಲ......ಸಂಸ್ಕೃತವು ಕೂಡ ಕ್ರಿಸ್ತ ಶಕದಲ್ಲಿಯೇ ಬಂದಿರುವುದು  ಹಾಗಾಗಿಯೇ ಹಳೆಯ ಲೇಖನಗಳೆಲ್ಲ ಪಾಳಿ ಹಾಗೂ ಪ್ರಾಕೃತ ದಲ್ಲಿ ಸಿಗುತ್ತವೆ..... ಶಂಕರಾಚಾರ್ಯರಿಂದ ಹೊಸ ಮತ ಉದಯವಾದ ನಂತರ ಮೊದಲು ಬುದ್ಧ ಮಂದಿರಗಳಾಗಿದ್ದ ತಿರುಪತಿ, ಪುರಿ ಜಗನ್ನಾತ ಹಾಗೂ ಇನ್ನಿತರ ದೇವಾಲಯಗಳನ್ನು ಹಿಂದೂ ದೇವಾಲಯಗಳನ್ನಾಗಿ ಮಾಡಲಾಯಿತು..... ಬುದ್ಧ ಧರ್ಮ ವನ್ನು ತ್ಯಜಿಸಲು ಹಾಗೂ ಹಿಂದೂ ಧರ್ಮವನ್ನು ಸೇರಲು ಇಚ್ಛೆಸದವರನ್ನು ಅಸ್ಪೃಶ್ಯರು ಎಂದು, ವರ್ಣವಿಲ್ಲದವರೆಂದು ಹೊರಗಿಡಲಾಯಿತು.... ರಾಮಾಯಣದಲ್ಲಿ ಬಂದಿರುವ ಬುದ್ಧನ ಉಲ್ಲೇಖ ನೋಡಿದರೆ ಸಾಕು ತಿಳಿಯುತ್ತದೆ, ಈ ಗ್ರಂಥಗಲೆಲ್ಲ ಬುದ್ಧನ ನಂತರ ಬರೆದವು ಎಂದು.... ದಯವಿಟ್ಟು ಇತಿಹಾಸಕಾರ ರಾಜೇಂದ್ರ ಪ್ರಸಾದ್ ರವರ ಪುಸ್ತಕಗಳನ್ನು ಓದಿ ಹಾಗೂ ಅವರ ಚರ್ಚೆಗಳನ್ನು ವೀಕ್ಷಿಸಿ..... ಯೂಟ್ಯೂಬ್ ನಲ್ಲಿ ""Science journey"" ಎಂಬ ಚಾನೆಲ್ ಅನ್ನು ವೀಕ್ಷಿಸಿ ಒಂದು ನಿರ್ದಿಷ್ಟ ಅಭಿಪ್ರಾಯಕ್ಕೆ ಬನ್ನಿ.... ಧನ್ಯವಾದಗಳು 🙏",0
History gotthiella evanige baige bande hage mathadthane,1
Hogale prathap modalu histry odu illi yaru ninna sullu mathu kelalu murkaralla illi Ella anubhava bharthiya prajegalu nimma rajakiya uddar madaku bogalthaidiya,1
ಕಾಂಗ್ರೆಸ್  waste ಕಾಂಗ್ರೆಸ್  waste ಕಾಂಗ್ರೆಸ್  waste ಕಾಂಗ್ರೆಸ್  waste ಕಾಂಗ್ರೆಸ್  waste ಕಾಂಗ್ರೆಸ್  waste ಕಾಂಗ್ರೆಸ್  waste ಕಾಂಗ್ರೆಸ್  waste😡😡😡😡😡😡😡😡😡😡😡 this is really sir i m next time not for vote ಕಾಂಗ್ರೆಸ್,1
Adakke support madoru kooda obba appanige huttillla,0
ನೀವ್ ಯಾವಾಗಲು ಸರಿ  ಸರ್,0
ಇವಳು ಯಾವ ಸೂಳೇ????,1
Alli erora nim antor en,0
Anchor dodda r s s,1
"ಸ್ವಾತಂತ್ರ ಹೋರಾಟಗಾರರನ್ನ ಬ್ರಿಟಿಷರೊಂದಿಗೆ ಸೇರಿ ಕೊಲ್ಲಿಸಿದವರು, ಬ್ರಿಟಿಷರ ಬೂಟು ನೆಕ್ಕಿದವರು, ಇಂದು ದೇಶಪ್ರೇಮಿಗಳ ಹಾಗೆ ಮಾತನಾಡುತ್ತಾ ಇದ್ದಾರೆ ಬ್ರಿಟಿಷ್ ಬ್ರೀಡ್ಗಳು",0
Hajith nivu 2 kade yak matdtila,0
Kulla  kalla  zameer  sulegutta sulemaga,1
ಸಾಬ್ರ ಸವಾಸ್ ದಿನವೆಲ್ಲಾ ಉಪವಾಸ,1
Madal nin nudko liye nayi,1
ಚಕ್ರವರ್ತಿ ಸೂಲಿಬೆಲೆ ನಿಮ್ಮ ಮಾತು ನಿಜ ನಮ್ಮ ಅನ್ನ ಕಿತ್ತು ತಿಂದು ನಮಗೆ ತುಂಬಾ ಮೋಸ ಮಾಡುತ್ತಿದ್ದಾರೆ ಇನ್ನಾದರೂ ಬದಲಾಗಿ ಜೈ ಶ್ರೀ ರಾಮ್ ❤,1
"ಅಬ್ದುಲ್ ರಜಾಕ ರವರಿಗೆ ಮಧ್ಯದಲ್ಲಿ ಮಾತನಾಡಬಾರದು ಅಂತಾ ಬುದ್ಧಿ ಹೇಳಿ.ಬೇರೆಯವರ ಮಾತನ್ನು ಕೇಳುವ ತಾಳ್ಮೆ,ಧೈರ್ಯ ಅವರಿಗೆ ಇಲ್ಲವೇ ಇಲ್ಲ.",0
Idann media level tandavrna paila met togond hodibek...school dag heng irbek annod helod bitt intadella beka...school college rools follow madade irovrna TC kott manig kalasri..,1
Nai suliyaa magaa umar,1
Hindu name itkondidiyolla lofar,1
Sole bele  ninna  tiga allekanneru surisu,1
"ಸರ್ ತುಂಬ ಅದ್ಬುವಾದ ಮಾತು ಇನ್ನೂ ಅನೇಕ ಹಳ್ಳಿ ಹಳ್ಳಿಗಳಲ್ಲಿ ಜಾತಿ ವ್ಯವಸ್ತೆ ಇಂದಿಗೂ ಇದೆ ,ಅದಕ್ಕೆ ನಮ್ಮ ದೇಶ ಇಂದಿಗೂ
ಮುಂದುವರಿಯುತ್ತಿರುವ ದೇಶವಾಗಿ ಉಳಿದುಬಿಟ್ಟಿದೆ, ಈ  ಜಾತಿ ವ್ಯವಸ್ತೆಯಿಂದ ಹೊರಗಡೆ ಬಂದರೆ ಮಾತ್ರ ನಮ್ಮ ದೇಶ ಮುಂದುವರಿದ ದೇಶ ವಾಗಲಿದೇ

ಈ ಅಸ್ಪೃಶ್ಯತೆ ಸಂಪೂರ್ಣವಾಗಿ ತೋಲಗಬೇಕು...!!",0
Dudhudu thindre sathe helthar. Helthinbedi.,1
Hogi sir Dubai .. Oman nodi Hindus my friends job kelsa Aram magi Marta eddare,0
Adara Vichara bidu maraya. e vichara matanadu.,0
"Nehru family Baluvali wakfbord ( Bangla, Pakistan,kottu )  Bharatha vanna secular Desha madi wakf bord madkottu  Bhookabalike madkoli Nam vote bank amayaka muslimre.... Bharathane wakf Islamic madkoli anta...... 😂",0
Paper simha du against Muslim bitre bere yenu illa,1
Sulemaganannu oddu olagaki,1
 @Munna1111Munna  ಬೈದವ್ರು ದೊಡ್ಡವ್ರ ಬೈ ಸೀ ಕೊಡವನು ದೊಡ್ಡ ಮನಸಿನವ್ ಸರ್,0
ಅವನ ಮಕ್ಕಳು ಮನೆಯವರು ಯಾರಾದ್ರೂ ಈ ಗಲಾಟೆಲಿ ಬೀದಿಗೆ ಇಳಿದು ಹೋರಾಟ ಮಾಡ್ತಾ ಇದಾರ AC ರೂಮ್ ಅಲ್ಲಿ ವಿದೇಶದಲ್ಲಿ ಮಜಾ ಮಾಡ್ತಾ ಇದಾರೆ ಬೀದಿಲಿ ಹೋರಾಟ ಮಾಡಿ ಕೇಸ್ ಹಾಕಿಸ್ಕೊಂಡು ಸಾಯ್ತಾ ಇರೋದು ಬಡವರ ಮಕ್ಕಳು.. ತಲೇಲಿ ಇರೋ ಸಗಣಿ ಸ್ವಲ್ಪ ಕ್ಲೀನ್ ಮಾಡ್ಕೊ,1
BHAVYA KALBERKAY ANTIRALLA NIWOO MIXING HATE,1
"Mutthuraj harijan, neenu gulamanaagi eru, gulamanaagi sayi, gulamanaagi jeevisu",1
"ಸರ್,,, ಅವರಿಗೆ ಮನುಷ್ಯತ್ವ ಇಲ್ಲ,,,🌺🌺🌺 ಬೇರೆಯವರ ನೋವು ಇವರಿಗೆ ಇಷ್ಟ,,,🌄🌄🌄 ಹಣವನ್ನು ತಟ್ಟಿಗೆ ಹಾಕಿಕೊಂಡು ತಿನ್ನುತ್ತಾರೆ,,,, ಅದಕ್ಕೆ ಹಣ ಸಂಪಾದನೆ,,,,🌺🌺🌺,,,,,ಬೇರೆಯವರ ಊಟ,,,, ಇವರಿಗೆ ಆಡಂಬರ,,,, ಮೋದಿ ಸರ್ ದೇವಾಧಿದೇವ,,,,, ಒಳ್ಳೆಯ ಕೆಲಸ ಮಾಡಿದ್ದೀರಾ,,,,ನನ್ನ ಮಾತ್ರ ಬಿಟ್ಟರು 🌺🌺🌺🌄🌄🌄💯💯💯🌹🌹🌹🙏🙏🙏💜💜💜",0
"ಅದೇನೋ ಲೇಸರ್ ಆಯುಧ ಇದೆಯಲ್ಲ..
ಕೊಡ್ತೀರೋ ಇಲ್ಲ ಲೇಸರ್ ಬಿಡ್ಲ ಅಂತ ಹೆದರಿಸಿ ... 

ಇದೊಂದೇ ದಾರಿ ಇರುವುದು",0
ಸೂಪರ್ ಸರ್  ಇಂಥ  ಇಂತಹ ನಾಯಕರು  ಸರ್,0
"Nanu Bengaluru ge job interview hodre nan caste kelidru 2023 rallu 
Estu caste beruridhe",0
"Sule makla, nim turkru bittre yavanu bhayotpaadaka innyaru illa. Nam avru yuddha madtare, nara iro gandusru tara, nim tara gaandu ge huttiro @llah tara hinde inda baralla shanda sule makla",1
Congress ennu barodilla Muslims thika nekidakke 2 state Edare 😂😂😂😂,1
"sodda sollu  
jai bheem   avrege dekko tappesalekoskar  hosa  nataka",1
Nim manege benki itre enmadtiya,1
Harsha ninge heart attack agbahudo maare saayibeda innu allee,0
Muslims  na pakistan Bangladesh  Bharatha dindaane odisabeku,0
Abhiruddi bagge mathado,0
😮Nalayak jamir,0
ನಿಜವಾಗಲೂ ಅತ್ಯುತ್ತಮ ಚಿಂತನೆ,0
10 crores innu sikkila ansute paapa,1
ಅಮರ್ ಪ್ರಸಾದ್ ಧನ್ಯವಾದಗಳು 🙏🏻🙏🏻💐,0
BEGAM AAGI KAY ADRUSHTA MADBEKU NIMGAY ILLA HOTTE HURI,1
Nanu hindhune sir yee dhesha ellarigu samana muslim avranna odsi antha helo hakku  nimgilla sir,0
Le jatti alistini antta henmklana marakolludu namma deshda durantta,1
Ie baba bolimagane,1
Tika uritiddya?,1
ಹಿಂದುಗಳಿಗೆ ಬುದ್ಧಿ ಯಾವಾಗ ಬರುತ್ತೋ ದೇವೆರೆ ಬಲ್ಲ,1
Lowde use ur commonsense. Don't laugh like chutiya,1
Madrasake hogli,1
ಲೇಯ್ ಬೋಳಿಮಗ್ನೇ ಯತ್ನಾಳ್ ನಿನ್ನ ಅಪ್ಪನಿಗೆ ಹುಟ್ಟಿದ್ರೆ ಬರೋ sulemagane ಶಿವಾಜಿನಗರದಲ್ಲಿ ಕಂಟೆಸ್ಟ್ ಮಾಡು.....,0
​ @ಜೀವನದಪ್ರತಿಬಿಂಬ ಲೋ ಶಾಟ್ವೆ ಯಾರೋ ಜಾತಿ ಅಂತ ಸಾಯ್ತಿರೋದು,1
ಅವರೂ ಬ್ರಾಹ್ಮಣ ಜ್ಯಾತಿಯಲ್ಲಿ ಹುಟ್ಟಿದ ಕಾರಣದಿಂದ ಉಲ್7ದವರ ಬಗ್ಗೆ  ದ್ವೇಷ ಭಾವನೆ ಅವರ ಬರೆದದ್ದು ಆಯಾ ಸ್ಥಳದಿಂದ ಹುಟ್ಟಿರುತ್ತಾರೆ ಅಂತಾ ಅವರೇ ಬರೆಯುತ್ತಾರೆ,1
"ಪಂಕ್ತಿಬೇಧಗಳು, ಮಠಮಾನ್ಯಗಳು ಸ್ವಾಮೀಜಿಗಳ ಕುರಿತು ಏನೂ ಹೇಳಲಿಲ್ಲ",0
Artha illade mathadbardu. Problems solve maadi. Hechhu maadbedi,1
Manushyarali iruvudhu yerede jaathi shrimantharu badavaru,0
...jathadhalli... Shanimaharaajarige,0
ಇವ್ರಿಗೆ ಬೇಕಾದಾಗ ಅಂಬೇಡ್ಕರ್ ಗು ಜೈ ಅಂತಾರೆ ಗಾಂಧಿ ಗೂ ಜೈ ಅಂತಾರೆ. ಆಮೇಲೆ ಗೂಡ್ಸ್ ದು ನೆಕ್ತಾರೆ !!! That is bjp agenda.,1
Ivag kanir haki yen prayojanna dalithara manege bhenki hachthira yaake avaru manushare Thane yesthu antha sahisbeku 😢😢 volle kelsa madiddare judges'❤🙏🙏,1
NIA Fail adre bomb hakakke right ideya hagadre ade reethi nia field ge bandu ella religions b.... saysboda yochne maadi yaru kotru ivrige eereethi public na ayavagi sayiso rights and see unfortunately all are same religion that means their work is this only right then why do we want take them alsways,1
India Muslims keel jaathi Muslims evrna dubai shek kakkas yetthok etkothare. Thu keel jathi Muslims India Muslims 🤣🤣🤣🤣,1
@girishrm3923 uneducated ನೀನು ಈ ತರ ಕೆಲಸಕ್ಕೆ ಬಾರದ ಆಕ್ಟ್‌ಗಳು ನಮ್ಮ ದೇಶದಲ್ಲಿ ಈಗಾಗಲೇ ಸಾಕಷ್ಟು ದುರುಪಯೋಗ ಆಗ್ತಾ ಇವೆ ಇದನ್ನು ಅರ್ಥ ಮಾಡಿಕೊ ಮೊದಲು ಈ ಅಟ್ರಾಸಿಟಿ ಆಕ್ಟ್ ಬಹಳ ದುರುಪಯೋಗ ಆಗಿದೆ ನಮ್ಮ ದೇಶದಲ್ಲಿ,1
"👌👌PRATAP..Ji 
According to SIDDHUKHAN DURATMA GANDI, MAHATMA AMBEDKAR KOMUVADIGALU. 
DR B R AMBEDKAR GE AVAMANA MAADI SOLISI BHARATHA RATNA KODADE IRUVADU HARAMI NAKLI GANDI NEHRU KHAN ASS PARTY. 
HINDUGALE DALITARE OGGATTAGI, HIJAB IDU DESHA IBBAGA MADUVA,HARAMI GALA HUNNARA .",1
"In Karnataka govt is nonsense govt and only Congress govt supporting Muslims,very very sad this dirty govt ,next time kickout Congress",1
"ambedkar muslimara bagge yenandru   , Christian bagge yenandru,  annodanna yava pustakadalli yen bardiddare annodanna huduki heltira  , adre ade ambedkararu ee deshadalliro chaturvarna paddati,  asprushate acharane nirmolane bagge,  streeyara hakkugaligagi  , yallarigu voting hakku,  deshada abhivriddigagi avara shrama nenapaguvudilla.  ambedkarara bhavachitra idoku indemunde nodo jana avara anukoolakkagi ambedkar hesranna balasi kelavu komina virudda katto prayatna madtiddaare  .",1
Nanu obba lingayath but e theerpu sariyage edee anta heltini dalitharige athara madbardu avru manushree,0
"Jaati vyavaste beda aadre Dharmagala hesarinalli Naaygala tara Kachchadi ee deshana gabbebbustivi anta heltidane aste taane... Jaati aste alla... Dharmanu kittu hogibeku... Ottitanalli Komuvaadavanna buda sametha kittu haakabeku aagale namma deshadavarella anaavu aa jaati avru ee dharamadavaru anta helodu bituu naavu ee rajyadavru, ee deshadavru anta hemmeyinda helkondu odadtare..",0
"ಕುವೆಂಪು ಅವರ ಮಾತು ಸಾರ್ವಕಾಲಿಕ ಸತ್ಯ ಅಲ್ಲ.. ಕಾಲಕ್ಕೆ ತಕ್ಕಂತೆ, ಆಯಾ ಆಯಾಮಕ್ಕೆ ತಕ್ಕಂತೆ ಸತ್ಯವೂ ಬದಲಾಗುತ್ತದೆ..",1
"Sullu helta idane
Sulgara",1
ಮೊದಲು ಮುಸ್ಲಿಂ ಟೋಪಿ ಹಾಕಿದ್ದು ಯಾಕೆ,0
Mtr Prathap Simha - Baayg bandha the mathadro adhikara idhe antha. Next 2024 alli nijvaglu nimmanna manege kalsbeku ilandre neevu India na 3 piece madbidthira thu... Dharma hesru helkondu desha dha janaranna Mosa madkondu chi thu,1
ನಿಮ್ಮ ಹಿಂದು ಹುಲಿ ತಾಕತ್ತಿದ್ರೆ ಜಮೀರ್ ವಿರುದ್ಧವಾಗಿ ಗೆದ್ದು ತೋರಿಸಲಿ,0
Namma samvdanadhalle jaati edhe hogalla,0
"Bari hindu muslim waste & worst MLA
 😂😂",1
Tu raajak bolimagane,1
ಸೂಪರ್ sir,0
"ರಾಷ್ಟ್ರ ಕವಿ ಕುವೆಂಪು ಅವರ ವಾಣಿಯಂತ, ನಾವೆಲ್ಲರೂ ವಿಶ್ವ ಮಾನವ ರಾಗಿ ಬದುಕೋಣ ❤🙏💐🌹 ಜೈ ಮಾನವ ಧರ್ಮ",0
Ivnu yavaglu visha bithitha irthane..don't care about him,1
Elli muslim chakka sulemakkal  comments nodrapp heng eddave 😂🤣,1
ಪ್ರತಾಪ್ ಸಿಂಹ ಸರ್ .. ಭಾರತ ದೇಶ ಎಲ್ಲಾ ಧರ್ಮದವರು ಸಮ...we are Indian ...🇮🇳🇮🇳🇮🇳🇮🇳🇮🇳🇮🇳🇮🇳,0
"ಈ ಸತ್ಯ ವನ್ನ ದೇಶದ ಪ್ರತಿಯೊಬ್ಬ ನಾಗರಿಕರಿಗೆ ತಲುಪಿಸುವ ಕಾರ್ಯ ನಮ್ಮ ನಿಮ್ಮಿಂದ ಆಗಲಿ,,",0
ಝಮೀರ್ ನ ತಿಕಾ ಒಡತಾನೆ ಯತ್ನಾಳ್,1
ಭಾಗವತರು 1000 ವರ್ಷ ಬದುಕಲಿ,0
Modalu must and should saabara vote ban maadbeku,0
Lei Chandan - BJP noru yellarigintha brasta party adhrallu RSS members yessto binami property idhe election time bandhre saaku papa muslims prana thegithare kithodhmunde makklu,1
Nee band chamarajpet ge band nill nodun😂 Kalla nann maga😂,0
2014ರಲ್ಲಿ ಮಹಾಯುದ್ದ ಆಯ್ತಾ,0
Super soolemaga,1
Aparadhagalu kandu hidiyalu kasta,0
ನಿನ್ನ ಹೆಸರು ಬಹಳ ಯಾರು ಕೇಳೋದಿಲ್ಲ ಲೇಯ್,0
Heanadaru agu modalu manava agu,0
ನಿಮ್ ದೇಶದಲ್ಲಿ ಸೂಳೆ ಬೆಲೆ ಎಷ್ಟು ?,1
Amar awre RSS n e kalli yawagaloo doubble game matadtane  ret manuwadi nimage gottillve,1
ಜೈ ಭೀಮ್ 🇪🇺🇪🇺🇪🇺💙🇪🇺🇪🇺💙💙🇪🇺🇪🇺🇪🇺💙💙,0
ಆರ್ ಎಸ್ಎಸ್ ನವರಿಗೆ ಈಗ ಜ್ಞಾನೊದಯವಾಗಿದೆಯೇ? ಅಥವಾ ಬೂಟಾಟಿಕೆಯೆ?,1
Ivanovna sulla,1
ಸರ್ ಎಂಪಿ ಎಲೆಕ್ಷನ್ ನಲ್ಲಿ ಪಾಠ ಕಲಿಸಿದ್ದೀವಿ ಮುಂದೆ ಇದೆ ಮಕ್ಕಳಿಗೆ 😅😅😅,1
"ಈ ಸರ್ಕಾರ ಇನ್ನು ರಾಜ್ಯದಲ್ಲಿ ಇದ್ದರೆ 
ಹಿಂದೂ ಗಳನ್ನು ಮುಸ್ಲಿಂ ಪಂಗಡಕ್ಕೆಸೇರಿಸಲು ಕಾನೂನು ತರಲು ಹೇಸುವದಿಲ್ಲ. ಹಿಂದೂಗಳು ಎಚ್ಚತ್ತು ಕೊಳ್ಳ ಬೇಕು. 5:54",1
2014rall ಯುದ್ಧ ಹೆಲ್ಲಿ ಹಾಗಿತ್ತು,0
Heng pungli,1
Keetta bjp sarkara bandidrinda nimge huchu hiddid prathap simha mental,1
Congress and congress people muslims ge huttidare,0
Yestu  helidru hindu  buddi  ella  sir    mude ede Mari babb  Bangladesh  nodi,1
Neecha ಸರ್ಕಾರ,1
"BJP,,,,,, ✂️✂️✂️",0
 @masti.malatesh ninge eshtu maklu,0
ಅದ್ಕೆ ಹೇಳೋದು ಮಕ್ಕಳಿಗೆ ಕೋಮುವಾದಿ ವಿಷ ಬಿತ್ತ ಬೇಡಿ,1
Ley yatnal neu obba hindu virodi,0
ನಾನು ಹೊಡೆದು ಕೊಡ್ಡಿದ್ದೇನೆ 🤦‍♀️,1
Yaake komu vaada Benki hacchoke,1
Hage ಮೀಸಲಾತಿ bagge video madi sir...,0
Bhutha da baiyaalli bagavath geethee,1
Lo. Namma. Hindu. Galu oggattagi. Nintre. Nivu. Hesru. Illadange. Hogtira. Tilko.,0
"ಮಾನವ ರಕ್ತ ವಿಧಗಳ ಆಧಾರದಲ್ಲಿ
ವರ್ಗೀಕರಣ ಮಾಡಿದರೆ.. ಸಮಸ್ಯೆ
ಬಗೆಹರಿಯುತ್ತದೆ.. 
  8 group.    ಎಂಟು ವರ್ಗ",0
Nange muslim  jana jagala madlike bandru bijapur jana nanu ಬಸನಗೌಡ  ಯತ್ನಾಳ ser ಜೊತೆ ಮಾತಾಡ್ತೀನಿ  ಅವತ್ತು,0
ಮಾತ್ಮಗಾಂದಿ ಸವಿದಾನ ಬರ್ದಿದ್ದಾರೆ ಜಾತಿಯ ವಸ್ಥೆ ಇರುತ್ತಿದ್ದಿಲ್ಲ,0
ಜೈ ಹಿಂದೂ,0
ನಿಜವಾದ ಪತ್ರಕರ್ತ♥️♥️♥️🙏🙏🙏,0
"ಜಾತಿ ಬೇಕೇ ಬೇಕು,ಆಚಾರ ವಿಚಾರಗಳು ಒಂದೇ ರೇತಿ ಇರುವ ದಿಲ್ಲ. ತನ್ನದೇ ರೀತಿಯ ವಿಚಾರ, ಆಚಾರ ಗಳನ್ನು ಜೀವನದಲ್ಲಿ ಅಳವಡಿಸಿ ಕೊಂಡು ಕೆಲವರು ಕೂಡಿ ಬಾಳಿದರೆ ಬದುಕಲು ಅನುಕೂಲ ಆಗುತ್ತದೆ. ಯಾವದೇ ಜಾತಿ ಸ್ರೇಷ್ಠ,   ತುಷ್ಟಾ ಎಂಬ ಧೋರಣೆ ಬೇಡ. ಅವರವ್ರ ಇಷ್ಟ. ಎಲ್ಲರಿಗೆ ಸಮಾನ ಅವಕಾಶ ಸಿಗಬೇಕು.",0
 @k.muthulingam8790  ad houdu bro evr drustili caste mele heltharala aduk ande ashte nan friend's yalla insta bio. Dali kuda shaivas na seruskotare but nan hag madola caste kandre agala,0
Nam kade  history idde ninu kuda awag British hel balita iddi,1
 @K_CHAKRAVARTHY_B.R  ನಿಮ್ಮ ಅಪ್ಪ ನಂದ ಭಾರತ ಸೂಳೆ ಮಗನೇ,1
Ban voting rights of them,0
Kg halli dg halli yake higenu aagalla​ @samratmanglre4561 ,0
Leee bodi,1
TALE HIDUKKA. SULE MAGANE.  11. VARUSHADINDADHA. BRITISHARA. SARKARANAA,1
Gudisilge benki akuvaga Nyaya sathilarlilva nim manege benki akidre en madthide,0
ಯೂನಿಯನ್ ಡಬ್ಬ ಸೀಮೆ ಪೊಲೀಸ್ ಆಫೀಸರ್ ಕರ್ಮ ಇಂಥವರೆಲ್ಲ ನಮ್ಮ ರಾಜ್ಯದಲ್ಲಿ ಪೊಲೀಸ್ ಆಫೀಸರ್ ಆಗಿದ್ರ ಇಷ್ಟೊಂದು ಕಮ್ಯುನಲ್ ಆಗಿ ಅವರಿಗೆ ಸಮರ್ಥನೆ ಕೊಡುವವರು ಅದಕ್ಕೆ ನಿಧಾನವಾಗಿ ನಮ್ಮ ರಾಜ್ಯದಲ್ಲಿ ಕೂಡ ಆತಂಕವಾದಿ ಸಂಘಟನೆಗಳು ಹುಟ್ಟಿಕೊಂಡಿರುವುದು ಅಂತ ಅನ್ನಿಸ್ತಾಯಿದೆ,0
ಈ ಕ್ಯಾಸ್ಟ್ ಕಾಲಂ ತೆಗೆದು ಹಾಕಬೇಕು ಜಾತಿ ಕಾಲಂ ತೆಗೆದು ಹಾಕಬೇಕು,0
Olle title 😂,0
"ಈಗೆಲ್ಲ ಅವಿದ್ಯಾವಂತರನ್ನು, ಕೆಳ ಜಾತಿ ಎಂದು ಅನುಬೋಧಿಸುವವರನ್ನು ಮೀರಿ ಕೊಳಕು ಭಾಷೆ ಪ್ರಯೋಗ ಮಾಡಲಾಗ್ತಿದೆ
ಇದನ್ನು ಒಂದು ಹೊಸ ಟ್ರೆಂಡ್ ಅನ್ನೊ ರೀತಿಯಲ್ಲಿ ಯುವ ಜನತೆ ಬಳಸೋದನ್ನ ನೀವೂ ಕೂಡ ನೋಡ್ತಾ ಇದ್ದೀರಿ 
ಅತೀ ಹೆಚ್ಚು ಕೊಳಕು, ಗಲೀಜು, ಅಹಂಕಾರದ ಭಾಷಾ ಪ್ರಯೋಗ ಅಥವ ಬಳಕೆ ಮಾಡೋದು ಉತ್ತಮ ಜಾತಿ ಎಂದು ಹೇಳಿಕೊಳ್ಳುವವರಲ್ಲೇ
ಹಾಗೂ ಅತೀ ಹೆಚ್ಚು ವಿದ್ಯಾವಂತರು ಈಗಿನ ಜರೇಷನ್ ಜನರಲ್ಲೇ ದಿನ ನಿತ್ಯ ನಾವು ಕಂಡಿದ್ದೇವೆ
ಮತ್ತು ಕಾಣುತ್ತಿದ್ದೇವೆ
ಅವಾಚ್ಯ ಶಬ್ದಗಳಿಗು ಜಾತಿಗು ಯಾವುದೇ ಸಂಬಂಧ ಇಲ್ಲ
ಆ ರೀತಿ ಹೇಳಿಕೆ ಕೊಟ್ಟಂತ ವ್ಯಕ್ತಿಯದು
ಅವಿವೇಕದ ಅರ್ಥಹೀನ ಸಮರ್ಥನೆ ಅಷ್ಟೇ
ಕೆಳ ಜಾತಿ ಎಂದು ಕರೆಯುವ ಕೆಲ ಹಳ್ಳಿಯ ಅವಿದ್ಯಾವಂತರಲ್ಲಿ ಆ ರೀತಿ ಭಾಷೆ ಸಹಜವಾಗಿದೆ. ಆದರೆ ಎಲ್ಲರೂ ಅಲ್ಲ
ಕೆಟ್ಟ ಬೈಗುಳಗಳನ್ನು ಎಲ್ಲಾ ಜಾತಿಯಲ್ಲೂ ಬಳಸುತ್ತಾರೆ",0
Nimantorinda anna tammana hag erorna jati jati anta hodedado hag madtira nivella manushyara,0
ಹೌದು ಹುಲಿಯ,1
Avn thunne uunu  bolimagane,1
ಅದ್ಭುತ ಕಂದಾ. ತುಂಬಾ ಹೆಮ್ಮೆ ಅನಿಸುತ್ತಿದೆ ನನಗೆ. ಏಕೆಂದರೆ ಜಾತಿಯತೆಗೆ ಕಾರಣಗಳೇನು ಅಂತಾ ನನಗೆ ಬಹಳ ಗೊಂದಲಗಳು ಬಹಳ ತಲೆ ತಿಂತಾ ಇದ್ದವು. ಎಂತಹ ವಿಷಯ ವಿಶ್ಲೇಷಣೆ ಮಗನೆ. ಜಾತಿಯತೆ ಯಿಂದ ಬಹಳ ನೊಂದ ನನಗೆ ಒಬ್ಬ ಪತ್ರಕರ್ತನ ಮನದಾಳದಿಂದ ಕೇಳಿದ ಮಾತುಗಳಿಂದ ನನಗೇನೇ ಸಾಂತ್ವನ ಹೇಳಿದ ಹಾಗೆ ಇದೆ. ಈಗ ನಾವು ಬದಲಾವಣೆಯ ಕಡೆಗೆ ತೆರಳುತ್ತಿದ್ದೇವೆ ಅನ್ನೋ ತಾತ್ಕಾಲಿಕ ಸಮಾಧಾನ ಸಿಕ್ಕಿದೆ ಕಂದಾ. ಬಹಳ ಧನ್ಯವಾದಗಳು ಜೈ ಜೈ ಭೀಮ್. ಜೈ ಸಂವಿಧಾನ. 🎉,0
"ಅದ್ಭುತವಾದ ವಿಶ್ಲೇಷಣೆ!!!
ಸಮಯೋಚಿತ ವಿವರಣೆ....
ಮನೆಮನೆಗೆ ಬರುವರಂತೆ 
ತುಂಬಿಸಲು ಜಾತಿಯಕೋಣೆ!
ಆಳುವದೊರೆಯೇ ಹಾಕಿಹರಂತೆ
ಜಾತಿಯಬ್ರಾಂತಿಗೆ ಗಣತಿಯಮಣೆ!

ಏನು ಉತ್ತರಿಸಲೋ ಅರಿಯೆ 
                        ದೇವರಾಣೆ...
ನಾನರಿಯೆ ದೇವರಾಣೆ..........",0
Super andri chakravarthi sir,0
Nin obba godse santhathi,1
ಆದ್ರೂ ಹಿಂದುಗಳು ಒಟ್ಟಾಗಿ ಇಲ್ಲ ಮುಂದೊಂದಿನ ಎಲ್ಲರೂ ವಲ್ಫ್ ಬೋರ್ಡ್ ಮಂಡಳಿ ಒಳಗಡೆ ಪಡುತ್ತೇವೆ 🚩🚩🚩🚩🚩🚩🚩🚩🚩🚩🚩🚩,0
"ಹೊರದೇಶದಿಂದ  ಭಾರತಕ್ಕೆ ವಲಸೆ ಬಂದ ಬ್ರಾಹ್ಮಣರಿಂದಲೆ (ಆರ್ಯರೇ ) ಜಾತಿ ವ್ಯವಸ್ಥೆ ಹುಟ್ಟಿದ್ದು,.. ಮನಸ್ಮೃತಿಗಿಂತ ಆಧಾರ ಬೇಕಾ? ಹಿಂದೂ ಅನ್ನುವ ಪದ ಹೊರ ದೇಶದವರು ನಾಮಕರಣ ಮಾಡಿದವರು... ಆ ಬ್ರಾಹ್ಮಣರಿಗೆ ಭಯ ನಮ್ಮನ್ನು ಈ ನೆಲದಿಂದ ಓಡಿಸಿ ಬಿಡುತ್ತಾರೆ ಎಂಬ ಭಯದಿಂದ SCSt ಕೀಳು ಭಾವನೆ..ಮುಸ್ಲಿಂ ಕ್ರಿಶ್ಚಿಯನ್ ಮತಾಂತರವೆಂಬ ಕಾರಣ ..ಅಂಬೇಡ್ಕರ್ ಒಂದು ಮಾತು ಹೇಳಿದ್ದಾರೆ. ನಾನು ಸಾಯುವಾಗ ಹಿಂದೂವಾಗಿ ಸಾಯಲಾರೆ ಅಂತ ಹೇಳಿದ್ದಾರೆ... ಹಿಂದುತ್ವ ಭಯೋತ್ಪದಾನೆಗಳ ಗುಂಪುಗಳ ಬ್ರಾಹ್ಮಣ ತತ್ವ ಅವರಿಗೆ ಗೊತ್ತು.. ಸತ್ಯ",1
"ಕರ್ನಾಟಕದ ನಾಲಾಯಕ್ ಬಿಜೆಪಿ mla,mp  & minister ನಾಯಿಗಳು ನೋಡಿಕೊಂಡು ಸುಮ್ಮನೆ ಇದ್ದಾರಲ್ಲ ಅವರಿಗೆ ನಾಚಿಕೆ ಆಗಬೇಕು......... ಪಾಪ ಮೋದಿಜಿ ಮತ್ತು ಯೋಗೀಜಿ ಮತ್ತು ಅಮಿತ್ ಶಾ ಜಿ ಬರೀ ಈ ಮೂರು ಜನ   ಮಾತ್ರ ಏನು ಮಾಡೋದಕ್ಕೆ ಆಗುತ್ತೆ ....ಕರ್ನಾಟಕದ ಬಿಜೆಪಿಯಲ್ಲಿ ಯೋಗ್ಯತೆ ಇರುವ ಒಂದು ನಾಯಿಯು ಕಾಣುತ್ತಿಲ್ಲ ಎಲ್ಲಾ ಭ್ರಷ್ಟಾಚಾರದಲ್ಲಿ ಮುಳುಗಿದ್ದಾರೆ",1
"ನೀವೇ ಹೋಟೆಲ್, ಕಟಿಂಗ್ ಅಂಗಡಿ ಇಡೀ ಈ ಸಮಸ್ಯೆ ನೆ ಬರುವುದಿಲ್ಲ..ಜೈ ಭೀಮ್",0
"Guru Miss use madkodilla correct aage use madkondidivi  
Kailagdire matadbeda ennu esto kade etara dalitarige tondare galive avugalu bagge matadu dum edre vabba amayar para matad nodu ningu hengella coment barutte anta",1
"Karnatakada Hindugalu navu Lingayata,Navu Brahmana,Navu Bantru,Navu Reddys,navu Goudru anta helkolodanna Bittu navella Hindu anta yelli varege Helalvo alli varege Khaangigala Consparacy nadeetane erutte",1
Nimma jameenannu waqf mandalige kodu neenu daanashoora karnanagiddare yarado jameenu hodaaga naanu heluthene bogaledaasano inneno mamma budakke bandaaga arivaguthade,0
ವಿದ್ಯಾ ಮುಖ್ಯನೋ ಧರ್ಮ ಮುಖ್ಯನೋ ಧರ್ಮ ಮುಖ್ಯ ಅಂದ್ರೆ ಮನೆಯಲ್ಲಿ ಇರಿಸಿ,0
ಜೈ ಶ್ರೀರಾಮ್ ನಿನ್ ಬೆನ್ನಿಗೆ ಯಡ್ಡಿ ಮಗ ಚೂರಿ ಹಾಕೆಬಿಟ್ಟು ಕಣಣ್ಣ,1
Sulemaganey Sullu Sullu suddi habbisa beda🖕,1
Aa huchunayi abdulrazak yakappa debate ge karitiri avanobba hucha antha elrigu gothu,1
ಎದ್ದು ಹೋದವರು ಮೊದಲು ಕನ್ನಡ ಕಲಿಯಲಿ .,0
"ಅಣ್ಣಾ ಇವತ್ತು ಬುಲೆಟ್ ಟ್ರೈನ್ ನಲ್ಲಿ 40,50 ನಿಮಿಷಕ್ಕೆ ಆ ವೇದಿಕೆಗೆ ಹೋಗಿ ಸೇರಿದಂಗೆ ಇದಾನೆ ಆಮೇಲೆ ಅದು ಬಂಗಾರದ ರೋಡ್ ಕೆಲಸ ಮುಗಿತ್ತು ಏನ್ ಅಣ್ಣಾ 🙄🙄🙄🙄 ಎಲ್ಲಾ ಹಣೆಬರಹ ನೋಡಿ ಆಗಿದೆ ಇಲ್ಲಿ ಯಾರು ಏನೂ ಸಾಚಾ ಅಲ್ಲಾ ಅಧಿಕಾರದ ದಾಹ ಎಲ್ಲರಲ್ಲೂ ಇದೆ ಕಾಂಗ್ರೆಸ್, ಬಿಜೆಪಿ, ಜೆಡಿಎಸ್ ಎಲ್ಲರೂ ಕಳ್ಳರೇ, ಸುಳ್ಳರೆ 😡😡😡",0
Good 👍 💯 nija viswasa ela e naegalge,0
Yaaro ibbaru support madidare TV navaru doddadagi toristare. adu yellara abhipraya aagiralla.,0
"Benki Gaudre, your words are super",0
"ಈ ಸೃಷ್ಟಿಗೆ ಕಾರಣ  ಬ್ರಹ್ಮ ವಿಷ್ಣು ಮಹೇಶ್ವರ   ಹಾಗೆ ಈ ದೇಶದಲ್ಲಿ ಹಿಂದೂ ಕ್ರೈಸ್ತ  ಮುಸ್ಲಿಮ್  ನಮ್ಮ   ದೇಶನಾ ಕಾಪಾಡ್ಕೋಬೇಕು   ಇವತ್ತಿದ್ದೋರು ನಾಳೇ ಇರೋದಿಲ್ಲ    ಕಷ್ಟ ಅನ್ನೋದು ಎಲ್ಲ ಧರ್ಮದವರಿಗೂ ಬರುತ್ತೆ    ಅವರಿಗೂ ಮಾನವೀಯತೆ ಇರುತ್ತೆ   ಎಲ್ಲರು ಹಾಗೆ ಇರೋಲ್ಲ    
ಅವರು ಮಾಡಿದ  ಕರ್ಮ ಅವರೇ 
ಅನುಭವಿಸುತ್ತಾರೆ ಬಿಡಿ",0
ಅಮರ್ ಪ್ರಸಾದ್ ನಿಮಗೆ ಕೋಟಿ ನಮನ ❤💖💝❤️💛💚,0
ಇವರ ಮಾತು ನಿಜ,0
ಪಾಪ ಉರ್ಕೊಂಡ್ಬಿಟ್ರು,0
Jai shree ram. Nammalli jati irodrinda hindugalalli oggattilla... Adanne bandavala congress madkondide aste....,0
 @JK-gv8lg  saku thicka muchu,1
ಇವನು ಒಬ್ಬ ಲೋಪರ್ ನನ್ನ ಮಗ ಇವನು ಬರಿ ಸುಳ್ಳು ಹೇಳಿಕೊಂಡು ತಿರುಗುವ ಮನುಷ್ಯ,1
 @prashantnaganagoudar4102  ಜಾತಿ ನೋಡು ಗಂಡುಗಳು ಹಿಂದೂ ಅಲ್ಲ ಬ್ರೋ 💙ಅವರು ಬೇರೆ,0
Yes Avaru angonkodiddare,0
ನಿಮ್ಮ ರಾಜಕೀಯ ತೆವಲಿಗೆ ಧರ್ಮ ಧರ್ಮಗಳ ನಡುವೆ ಜಾತಿ ಧರ್ಮಗಳ ನಡುವೆ ವಿಷಬೀಜ ಬಿತ್ತುವ ನಿಮ್ಮಿಂದ ಸಂವಿಧಾನದ ಬಗ್ಗೆ ಇತಿಹಾಸದ ಬಗ್ಗೆ ಪಾಠ ಕಲಿಯುವ ಅವಶ್ಯಕತೆ ಇಲ್ಲ  ಭಾರತ ದೇಶಕ್ಕೆ ತನ್ನದೇ ಆದಂತಹ ಪರಂಪರೆಯಿದೆ ನಮ್ಮ ಭಾರತ ದೇಶಕ್ಕೆ ತಮ್ಮದೇ ಆದಂತಹ ಸಂವಿಧಾನವಿದೆ ಈ ಸಂವಿಧಾನವು ಸಮಾನತೆಯನ್ನು  ಎಲ್ಲ ರೀತಿಯ ಹಕ್ಕುಗಳನ್ನು ನೀಡಿದೆ,1
​ @zainabzaheera9639 ನಿನ್ನ ಪ್ರಾಯ ಎಷ್ಟು,0
Bettale baruvudu uniform aadare enu maadabekari Turukara gurugale?😮😮😮,1
" @drchetana8389 Ale tikla, buddist alli yav jaati peeti illa le, alli navu yavde meesalati togotilla, ruls prakara bhoudda dharmakke est irbek ast ide, le ni yaake meesalati togondidiya adanna hel modlu",1
👌🏿👌🏿👌🏿👌🏿👌🏿👌🏿👌🏿 ಕರ್ನಾಟಕದ  ಹಿಂದು ಹೃದಯ ಸಾಮ್ರಾಟ.ಅವರು  ಕರ್ನಾಟಕದ ಬಾಳಾ ಸಾಹೇಬ ಥಾಕ್ರೆ.👌🏿👌🏿👌🏿👌🏿2,0
ನಿಮಗೆ ತುಂಬು ಹೃದಯದ ಧನ್ಯವಾದಗಳು ಸರ್ 🙏🙏🙏 ಜೈ ಭೀಮ್ ಜೈ ಸಂವಿಧಾನ 🙏🙏🙏,0
ನಿನೊಬ್ಬ ಶಾಸಕ ಜವಾಬ್ದಾರಿಯಿಂದ ಮಾತನಾಡಿ,0
Jai BJP  super speech  anna,0
Nijayelabheku andru dairya beku,0
"ವಕ್ಫ್ ಬೋರ್ಡ್ಡ ಅಂದರೆ ಅದಕ್ಕೇ ಸಂವಿಧಾನದ ಅನುಸಾರ ಪಾರ್ಲಿಮೆಂಟ್ ನಲ್ಲಿ ಇಂಗಿತ ಪಡೆದು ಶಾಸನವಾಗಿ ಭಾರತದಲ್ಲಿ ಅನುಷ್ಠಾನಗೊಂಡಿದೆ
ಇದನ್ನು ಸಂವಿಧಾನವನ್ನು ಗೌರವಿಸುವವರು ಇದನ್ನು ವೀರೊಧಿಸುವುದಿಲ್ಲಾ..!",0
ಇಷ್ಟೊಂದು ಹೇಳಿದ್ರು ಅರ್ಥ ಆಗ್ದೆ ಇರೋ ಅಯೋಗ್ಯ ಹಿಂದೂಗಳು ನಮ್ಮಲ್ಲಿದ್ದಾರೆ ಸರ್,1
🚩 ಜೈ ಹಿಂದೂ 🚩,0
Yalla BJP  bandmele ne agirodu munche heeg yavattu agidilla sir..artha madkoli,0
Rajakeeya madbede edhu india yalaru ondye 🇮🇳🇮🇳🇮🇳,0
"Meaningful information, Thank you sir",0
"First attack madiddu sc avre le naayi, luccha kanun lucha constitution",1
Rangantha ge impress madoke murkha anchor,1
Evanannu  dayamaadi 5varshaolage haaki,1
ಸಾಬ್ರ ತಿಕ್ಕ್ ನೆಕ್ಕೋ ಸಿದ್ಧ,1
Looooo raaaja praaathapa ...2014 allii yav modle maha yuddhhaa madidrooo ..... Neeeen mad da maha yuddhhaanaaaana ....  🤣🤣🤣🤣🤣🤣🤣🤣🤣🤣 Yakroooo vichara gotthilde Indian history gene avamana madthiraaaa ...🤣🤣🤣🤣🤣🤣🤣🤣🤣🤣🤣,1
Nam jana devraanegu kaliyalla sulibele saare yean maadadu swamy avr gundi thodi avre beelthaa eddare saar saaili bidi  thumba beajaar aaguthhe hindu galu uddaara aagod kashta ede (ede reethi hodre),1
"ಇವರಿಗೆ ಸಮಾನತೆ ಬೇಡ,ಧರ್ಮ ಬೇಕು ,ಅದು  ಇವ್ರ ಸಮಯಕ್ಕೆ ತಕ್ಕಂತೆ ,use madkollake, police ಇಲಾಖೆ ಯಲ್ಲಿ, ಆಕೊಡಿಲ್ಲಂತೆ, ಆದ್ರೆ, Government schooll and college ನಲ್ಲಿ ಹಾಕ್ತಾರಂತೆ, ಯಾವ ಧರ್ಮ,ಇದೆಲ್ಲ ಮನೇಲಿ ಆಚರಣೆ ಮಾಡಿ, stuffid ಗಳ,",1
ನಿನ್ ಮಗ್ನ ದಲಿತ ಗೆ ಮದುವೆ ಮಾಡೋ,0
ಈ ಜಾತಿ ವಿಚಾರದಲ್ಲಿ ತುಂಬಾ ಸ್ಪಷ್ಟವಾಗಿ ಅರ್ಥವಾಗುತ್ತದೆ ಸರ್ ಜಾತಿ ಪದ್ಧತಿಯ ವಿಚಾರದಲ್ಲಿ ದಲಿತರನ್ನು ಬಹಳಷ್ಟು ಕೀಳು ಮಟ್ಟದಲ್ಲಿ ನೋಡುವುದು ಒಳ್ಳೆಯದಲ್ಲ.ನೀವು ಎಳೆದಿದೆ ಪ್ರಕಾರ ಈ ಪದ್ದತಿಯನ್ನು ಕಿತ್ತೊಗೆಯಬೇಕು ಅಂದ್ರೂ ಕೆಲವೊಂದು ಸಮಾಜದಲ್ಲಿನ ಕೆಟ್ಟ ಹುಳುಗಳು ಪದೆ ಪದೆ ಅ ಶಬ್ದವನ್ನು ಬಳಸಿ ಮಾನಸ್ಸಿಕವಾಗಿ ನೋವು ಪಡಿಸುತ್ತಾರೆ ಶೈಕ್ಷಣಿಕ ವಾಗಿ.ರಾಜಕೀಯವಾಗಿ ಮುಂದೆ ಬಂದರು ದಲಿತರನ್ನು ತುಳಿಯೊದು ಅವರನ್ನು ನೋಡುವ ರೀತಿಯಲ್ಲೂ ಕೀಳು ಮನೋಭಾವ ತೋರುತ್ತಾರೆ ಅದರಲ್ಲೂ ಇತ್ತಿಚ್ಚೆಗೆ ಎ.ನಾರಾಯಣ ಸ್ವಾಮಿ ಕೇಂದ್ರ ಸಚಿವರು ಇವರ ವಿಚ್ಚಾರದಲ್ಲಿ ಚಿತ್ರದುರ್ಗ ಜಿಲ್ಲೆಯ ಒಂದು ಹಳ್ಳಿ ಒಳಗಡೆ ಬಿಟ್ಟು ಕೊಳ್ಳದೆ ಇರುವುದು.ಹಾಗು ಅದರಂತೆ ದಲಿತರು ನಾಯಿಗಳು ಎಂದು ಹೇಳಿದ ಮತ್ತೊಬ್ಬ ಕೇಂದ್ರ ಸಚಿವರು ಅನಂತ ಕುಮಾರ್ ಹೆಗ್ಡೆ ಹೀಗೆ ವಿಚಾರವನ್ನು ಮಾಡುತ್ತಾ ಹೋದರೆ ಕಂತೆ ಕಂತೆ ಜಾತಿಯ ವಿಚಾರದಲ್ಲಿ ದಲಿತರನ್ನು ಕೀಳಾಗಿಯೇ ಕಾಣುತ್ತಾರೆ ಈ ಬೇದಬಾವಗಳನ್ನು ಸೃಷ್ಟಿಸುವವರು ಮಾತ್ರವೆ ಹೆಚ್ಚು ನಾ ಈ ಸಮಯದಲ್ಲಿ ಅವರು ಮಾತ್ರ ಮನುಷ್ಯರ . ಶೈಕ್ಷಣಿಕ ವಾಗಿ.ರಾಜಕೀಯವಾಗಿ ಮುಂದುವರಿದರು ಈ ಸಮಸ್ಯೆಗಳಿಗೆ ಮುಕ್ತಿಯೇ ಸಿಗದೆ ಇದ್ದಾಗ.ಮನುಷ್ಯರನ್ನು ಮನುಷ್ಯ ರಂತೆ ಕಾಣದೇ ಅದೇ ಕೀಳರಿಮೆ ಇಂದ ನೋಡುತ್ತಾರಲ್ಲ ಇದಕ್ಕೆ ಬಹಳಷ್ಟು ಮನನೊಂದು ಅಂಬೇಡ್ಕರ್ ಅವರು ತಾಯಿ ನೆಲದ ವಿಚಾರದಲ್ಲಿ ಬೇಸತ್ತು ಹೇಳಿದ್ರು ಅಂತಹ ಮಹಾನ್ ವ್ಯಕ್ತಿಯನ್ನು ಹೀಗೆ ಕೀಳರಿಮೆಯಲ್ಲಿ ಕಂಡ್ರು ಹೀಗೆ ಮಾಡೋದು ಮೇಲ್ಜಾತಿ ಯವರ ತಪ್ಪಲ್ಲವೇ . ಮನುಷ್ಯ ಮನುಷ್ಯರನ್ನು ಕಾಣುವ ರೀತಿ.ನೋಡುವ ರೀತಿ ಅವರ ಒಳಗಿನ ಮನೋಭಾವ ಬದಲಾಗಬೇಕು ಇಲ್ಲದಿದ್ದರೆ ಈ ಜಾತಿ ಪದ್ಧತಿಯ ವ್ಯವಸ್ಥೆ ಹೋಗಲು ಸಾಧ್ಯವಿಲ್ಲ ಅನೊದು ನನ್ನ ಅಭಿಪ್ರಾಯ...ಈ ಸಮಸ್ಯೆಗಳನ್ನು ನಾವು ವೈಯಕ್ತಿಕ ಜೀವನದಲ್ಲಿ ಅನುಭವಿಸಿದಾಗಲೇ ಅದರ ಪ್ರಭಾವ ಎಷ್ಟರಮಟ್ಟಿಗೆ ಪರಿಣಾಮ ನಮ್ಮ ಮೇಲೆ ಬೀಳುತ್ತದೆ ಎಂದು ಗೊತ್ತಾಗೊದು,0
"One rule one dress code school and college lli that's better...
Maneli nim nim religion fallow madri that's better for all students
We are indians first ofter that wherever you are 🇮🇳",1
Ninige ella gothidre bandu helodalva  stupid,1
ಹಿಂದೆ ಸೆಕ್ಯೂರಿಟಿ & ಕೈಯಲ್ಲಿ ಪವರ್ ಇದ್ರೆ ನಾನು ನಿನಗಿಂತ ಹತ್ತು ಪಟ್ಟು ಮುಸಲ್ಮಾನರಿಗೆ ಉಗಿತಿದ್ದೆ ಕಣೋ.. ನೀವು ಬಿಜೆಪಿಯವರು ಎಂತಹ ರಣಹೇಡಿ ನನ್ ಮಕ್ಳು & ಕ್ರಿಮಿನಲ್ ನನ್ ಮಕ್ಳು ಅಂತ ಬುದ್ಧಿವಂತರಿಗೆ ಚೆನ್ನಾಗಿ ಗೊತ್ತಿದೆ. ನಿಮ್ಗಳ ಮಾತಿಗೆ ಕುರಿಗಳಾಗೋದು ಬರಿ ಅಂದಭಕ್ತರು ಮಾತ್ರ,1
ತುಂಬಾ ಚೆನ್ನಾಗಿ ವಿವರಣೆ ನೀಡಿದ್ದೀರಿ ವಂದನೆಗಳು ಸರ್ 🇮🇳👍👌💚💯🙏🌹 ಈಗ ಸುಮಾರು ಮುಕ್ಕಾಲು ಭಾಗ ಸುಧಾರಿಸಿದೆ ಸರ್ ವಂದೇ ಮಾತರಂ ಜೈ ಭಾರತ ಮಾತಾ,0
ಹುಚ್ಚ ಯತ್ನಾಲ್,1
Buddhun marga follow madudre jathi hogutta🤣🤣🤣,0
ಯಪ್ಪ....... ಯಾಕ್ರಿ ನೀವೆಲ್ಲ ಅಂಬೇಡ್ಕರ್ ರವರನ್ನ ನಿಮ್ ಇಷ್ಟ ಬಂದ ಹಾಗೆ ಬಳಸಿಕೊಳ್ಳುತ್ತ ಇದ್ದೀರ........ಅಂಬೇಡ್ಕರ್ ಸಂವಿಧಾನ ಬದಲಿಸುತ್ತಿವಿ ಅಂತ ಹೇಳ್ತಾ ಇದ್ದೊರೆಲ್ಲ ಈಗ ಅಂಬೇಡ್ಕರ್ ಅಂಬೇಡ್ಕರ್ ಅಂತ ಹೇಳ್ತಾ ಇದ್ದಾರೆ,1
ನಿಯೊಬ್ಬ henker ಒಂದು ಪರ ಮಾತ್ತಿರಿ,0
Kannada version Yogi ji 😄😘,0
ಜಡ್ಜ್ ಸರಿಯಾಗಿ ಇಲ್ಲ,0
ಹಿಂದೂ ಜನ  ಉಳಿಯಲು ಒಗ್ಗಟ್ಟಿನ ಹೋರಾಟ ಅನಿವಾರ್ಯ.,0
ಇವನು ಪುಂಗು ಮಾಮ ಎಲ್ಲಪ್ಪ ನಿನ್ನ 1 rupee ಗೆ ಎರಡು ಡಾಲರ್..ಚಿನ್ನದ ರಸ್ತೆಗಳು...,1
"ನಿಮ್ಮಂಥ ಉತ್ತಮ ಪತ್ರಕರ್ತ ರು ನಮ್ಮ ದೇಶಕ್ಕೆ ಸಮಾಜಕ್ಕೆ ಅವಶ್ಯಕತೆಯಿದೆ ಸರ್ ,  ಇನ್ನು ಮುಂದಿನ ದಿನಗಳಲ್ಲಾದರೂ ಈ ಜಾತೀಯತೆ ದೂರವಾಗಲಿ 🙏",0
"Arju sir, entavrgella alli jaaga kodbedi",0
"ನಿಜ ..ಭಾರತೀಯರೆಲ್ಲರೂ ಸ್ವಾತಂತ್ರ್ಯ ಕ್ಕಾಗಿ ಹೋರಾಡುತ್ತಿದ್ದರೆ ಭಾರತ ದಲ್ಲಿದ್ದ  ತುರಕರೆಲ್ಲರೂ     ಟರ್ಕಿ ದೇಶದ ಖಲೀಫನಿಗಾಗಿ ಖಿಲಾಫತ್ ಚಳವಳಿ ಮಾಡಿ ಕೊಂಡಿದ್ದರು....
ತಾಯಿ ನಾಡಿನ ಮೇಲಿನ ನಿಷ್ಠೆ ಗಿಂತ ಇಸ್ಲಾಂ ಪ್ರೀತಿ ದೊಡ್ಡದು ಈ ಮುಸ್ಲಿಂ ರಿಗೆ ..
 ಹೈದರಾಲಿ ಹಾಗೂ ಟಿಪ್ಪು ಕೂಡ ಬ್ರಿಟೀಷ್ ರಂತೆ ಪರಕೀಯ ದಾಳಿ ಕೋರರೇ..",1
"ಅದ್ಭುತ ವಿಚಾರಧರೆ, ಧನ್ಯವಾದಗಳು",0
Evarella helodu avanu huttiddu gottilla,0
Swami yavare sowjanyana bagge maatadi,0
Bhavya medum correct agi matadtidiri super,0
Sir...... Hindu samparadayadalli mathra alla yalla bere darma dalli jathi maleriya ede adu video madi,0
💯ದೇವ💯 ನೀವು ಸರ್ 🌺🌺🌺,0
Sir ನಿಮ್ಮ ಹಿಂದೆ ನಾವದ್ದೇವೆ ಈ ಹೋರಾಟ ಮುಂದುವರಿಯಲಿ ಜೈ ಶ್ರೀ ram   ಇನ್ ಕೂರ್ಗ್  ಜಿಲ್ಲೆ 👍👍👍👍👍👍👍🙏🙏,0
. Jatti illa anddorella doddoru duddu madoru,0
MBP   hindu    Virodhi.,1
Bada janackey huchru anta tilididdaney.nija tilko beku sul suddi gey devaru nodtAney.,0
ಟಿವಿ9 ಚಾನೆಲ್ ರವರಿಗೆ ಡಿಬೇಟ ಅಥವಾ ಚರ್ಚೆಗೆ ಬಂದರೆ ಪ್ರತಾಪ್ ಸಿಂಹ ಸಿಟಿ ರವಿ ಸಂತೋಷ್ ಹೆಗಡೆ ಬಸವನಗೌಡ ಯತ್ನಾಳ್ ಟೆರರಿಸ್ಟ್ ಆದಂತ ಮುತಾಲಿಕ್ ಇವರೇ ಸಿಗುತ್ತಾರಾ ನಿಮಗೆ ಸಾರ್ವಜನಿಕರ ಅಭಿಪ್ರಾಯ ಪಡೆಯಿರಿ ಅದಕ್ಕಂತ ರೇ ಟಿವಿ9 ಒಂದು ಟೆರರಿಸ್ಟ್ ಚಾನೆಲ್ ಅವರ ಕಷ್ಟಗಳನ್ನು ಕರೆಯುತ್ತಾರೆ,1
"Le uchagendi ಡಿಬೇಟ್ ಮಾಡಿದರೆ one side yak madati
Nivu ಅವಿವೇಕಿ",1
Nimmamathu 100percent sathya aadhare jana artha madikolla beku,0
ಸೂಪರ್ ಸರ್,0
ನನಗೆ ಮೀಸಲಾತಿ ಬೇಡ ನನ್ನ ಜಾತಿ ಬೇಕು ಜೈ ಕೆಂಪೇಗೌಡ,0
ಕಾಂಗ್ರೆಸ್ ಗೆ terrorists ಗಳ ಬಗ್ಗೆ ಅಷ್ಟು ಪ್ರೀತಿ ಯಾಕೆ,0
ಡೋಂಗಿ ಎಂಎಲ್ಎ,1
ಎಲ್ಲಿಯವರೆಗೆ ಜಾತಿ ಪದ್ಧತಿ ಇದೆ ಅಲ್ಲಿಯವರೆಗೆ ನಮ್ಮ ಹಿಂದೂ ಧರ್ಮ ಶ್ರಷ್ಟ ಎ೦ದು ಹೇಳಲು ಸಾಧ್ಯವಿಲ್ಲ,0
ನ್ಯಾಯಧೀಶರು ಅ ದಲಿತ ಸಮುದಾಯದರು ಬೇರೆ ಸಮುದಾಯ ಅದರ ಓಬ್ಬನಿಗೆ ಬೇಕಾಬಿಟ್ಟಿ ಹಲ್ಲೆ ಮಾಡಿದ್ದರೆ ಅವಾಗ ಕೋಪದಲ್ಲಿ ಇವರು ಕೂಡ ಹಲ್ಲೆ ಮಾಡಿದ್ದಾರೆ ದಲಿತ ಅನ್ನಿಸಿಕೊಂಡು ಬೇರೆಸಮುದಾಯದವರ ಮೇಲೆ ಹಲ್ಲೆ ಮಾಡಬಹುದ ನ್ಯಾಯಧೀಶರೆ ತಿಂದ್ದಿದ್ದಾನೆ ಅಂತ ಕಾಣುತ್ತೆ ಬರಿ ಹಲ್ಲೆಗೆ ಜೀವಾವಾದಿ ಶಿಕ್ಷೆ ಅಂತೆ ದಲಿತರು ಬೇಕಾಬಿಟ್ಟಿ ಬೇರೆಯವರಿಗೆ ಹಿಂಸೆ ಕೋಡ್ತರೆ ಅದನ್ನ ಹೇಳಬೇಕಾಲ್ಲವ್ವ,1
ಯಾವುದೋ ಪುಸ್ತಕದಲ್ಲಿ ಓದಿಕೊಂಡು ಬಂದಿರುವವರಿಗೆ ಏನು ಗೊತ್ತಾಗುತ್ತೆ ಸ್ವಾಮಿ ಪ್ರತಾಪ್ ಸಿಂಹರಿಗೆ ನೆನಪಿನ ಶಕ್ತಿ ಕಡಿಮೆ ಇದೆ,0
"Bomb ಮಾಡಕ್ಕೆ ಕಳಸಿದು Sir,  A P G Abdul Kalam,",0
"Saffron ಹಿಂದೆ ಯಾರ್ idhare,ಹೇಳಿ first",0
ಜೈಭೀಮ್ 💙 ಜೈ ಯತ್ನಾಳ್ 🦁,1
ಎಂತತ ನೀಚ govt ಗಳು ಈ ದೇಶಕ್ಕೆ ಬಂದಿದೆ.,1
Yaro madiro jati vyavaste ge nahu adre egina janarasion baliyagalla ellige jati keneyagabeku,0
Vote maadirovrella converted Cristians so  they never vote BJP,1
ಸೂಪರ್ ಸರ್ ಧನ್ಯವಾದಗಳು ಯಲರು ನಮೂರಲೇ ಇದೆ ನಾವು ಹಿಂದು ಅತ್ತರೆ ನಾವು ಹೇಗೆ ಹೇಳಬೇಕು  ನಾವು  ದೇಶದ ಬಗ್ಗೆ ಪರಗೋವು ಇದೆ ಹೇಳುಲಕೆ ನಾಚಿಕೆ ಆಗುತೆ  ನಮಗೆ ದೇಶ ಬಕಾತರು  ಸೋರಿ ಸರ್ 🙏ದುಃಖ ಆಗುತೆ,0
"Prayojana ide,, Congress ge vote hakorge prayojana illa ashte😏 Hindugalige prayojana ide",0
ನೀನು ಬೊಗಳ್ತಿಯಾ ಇವರು ದುಷ್ಟರು ಅಂತಾ. ನಿನ್ನ ಅಪ್ಪಂದಿರು ಅದೇ ಮುಸಲ್ಮಾನರನ್ನು ಅವರ ಕಾಚದೊಳಗೆ ಸೇರಿ ಮುಸುತ್ತ ಇರ್ತಾರೆ? ಗೊತ್ತೇನೋ ಸುಳ್ಳಿನ ಸುಳ್ಳ ಸೂಲಿಬೆಲೆ.,1
"Sir, ನಿಮ್ಮಂಥ ನಿಜವಾದ ನಾಯಕರು,,, ಇನ್ನು ಬಹಷ್ಟು ಬೇಕೂ ನಮ್ಮ ದೇಶಕ್ಕೆ,,,,",0
ಓಹೋ ನಿಮ್ಮ ಮನೆಗೆ ಬೆಂಕಿ ಬಿದ್ದಿದ್ರೆ ಇದೇ ಮಾತು ನಾವು ಕೂಡ ಹೇಳ್ಬೋದಿತ್ತು,0
ವಾಕ್ ಬೋರ್ಡ್ ಗೆ ಕೊಟ್ಟಿರುವ ಅಧಿಕಾರ ಯಾವ ಸಮುದಾಯಕ್ಕೂ ಕೊಡಬಾರದು ವಾಕ್ ಬೋರ್ಡ್ ಕಾನೂನನ್ನು ದಯವಿಟ್ಟು ತೆಗೆದು ಹಾಕಬೇಕು.   ವಾಕ್ ಬೋರ್ಡ್ ಗೆ ಕೊಟ್ಟಿರುವ ಕಾನೂನು ಭಾರತೀಯರ ಕಾನೂನು ಅಲ್ಲ ಬ್ರಿಟಿಷರು ಕೊಟ್ಟಿರುವ ಕಾನೂನು ಬ್ರಿಟಿಷರ ಕಾನೂನಿನಲ್ಲಿ ಇರತಕ್ಕಂತಹ ಜಾರಿಗೆ ಮಾಡಿದ್ದಾರೆ ಕಾಂಗ್ರೆಸ್ ಸರ್ಕಾರ ಇಂದಿನ ಕಾಲದಲ್ಲಿ ಬ್ರಿಟಿಷರು ಮನೆಯಲ್ಲಿ ಬಂದು ಚೆಕ್ಕು ಮಾಡಿದರೆ ಕಬ್ಬಿಣದ ಚಾಕುಗಳು ಯಾವ ವಸ್ತುಗಳು ಇರಬಾರದು ಇದ್ದರೆ ತಪ್ಪು ಅಂತ ಮಾಡಿರುವ ಬ್ರಿಟಿಷ್ ಸರ್ಕಾರ ಬ್ರಿಟಿಷ್ ಸರ್ಕಾರದ ಕಾನೂನು ಭಾರತಕ್ಕೆ ಬ್ಯಾಡ ನಮ್ಮ ಭಾರತದಲ್ಲಿ ವಿಶ್ವ ಅಂಬೇಡ್ಕರ್ ಅವರು ಕೊಟ್ಟಿರುವ ಸಂವಿಧಾನ ಉತ್ತಮವಾಗಿರುತ್ತದೆ ನಮ್ಮ ಎಲ್ಲಾ ಭಾರತೀಯರಿಗೂ ಒಂದೇ ಕಾನೂನು ವಂದೇ ಭಾರತ ದೇಶ ಒಂದೇ ಕಾನೂನು ಬೇಕು ಯಾವ ಸಮುದಾಯಕ್ಕೂ ಸಪರೇಟ್ ಕಾನೂನು ಮಾಡಬಾರದು ಅದರಿಂದ ದೊಡ್ಡ ನಷ್ಟ ಉಂಟಾಗುತ್ತದೆ,1
Ninu hinge badkonodu bitre enu kisiyakke agodilla pungodu bitti bere kyame ilva😂😂😂,1
ಸಾವಿತಿಗೋ ದು ಕಾಲ ಆದ್ರೇಸುಳೆ ಗೊಂದು ಕಾಲ ಆದ್ರೇಸ್ವಂತ ಪತ್ನಿಗೆ ಕಷ್ಟ ಸದಾಕಾಲ ಇದನ್ನೇ ಹೆಳೋದು ಕಲಿಗಾಲ. ಈ ಲೋಫರ್ ಕಾಂಗ್ರೆಸ್ ಚಂಡಾಳ ಮುಂಡೆ ಮಕ್ಲಾ ಯಾವಾಗ ನಿಮ್ಮವಿನಾಶ ====,1
Ninna businesgoker jatti illantta heli business madttirall ninnall justi ide,0
"Nivu hogi nimgu  dharmika  shikshana kodtare ashrama ,guru kula galide  nim hinddu makligu kalsi",1
"ಜೈ ಮೋದಿಜಿ ನಮ್ಮ ದೇಶಕ್ಕೆ ಹೆಮ್ಮೆ 
ಜೈ ಯೋಗಿಜಿ ನಮ್ಮ ದೇಶಕ್ಕೆ ಆಡಳಿತ ಬೇಕು, ಜೈ ಶ್ರೀ ರಾಮ್ 🚩🚩🚩🚩 
ನೇರ ದಿಟ್ಟ ನಿರಂತರ ಜೈ ಪ್ರತಾಪ್ ಸಿಂಹ ಸರ್ 🙏🙏",0
